,SPY,
1/1/2010,
2/1/2010,
3/1/2010,
4/1/2010,$213.12,
5/1/2010,$279.72,
6/1/2010,$297.48,
7/1/2010,$404.04,
8/1/2010,$488.40,
9/1/2010,$488.40,
10/1/2010,$488.40,
11/1/2010,$523.92,
12/1/2010,$286.38,
13/1/2010,$499.50,
14/1/2010,$568.32,
15/1/2010,$281.94,
16/1/2010,$281.94,
17/1/2010,$281.94,
18/1/2010,$281.94,
19/1/2010,$597.18,
20/1/2010,$337.44,
21/1/2010,-$148.74,
22/1/2010,-$701.52,
23/1/2010,-$701.52,
24/1/2010,-$701.52,
25/1/2010,-$577.20,
26/1/2010,-$672.66,
27/1/2010,-$672.66,
28/1/2010,-$672.66,
29/1/2010,-$672.66,
30/1/2010,-$672.66,
31/1/2010,-$672.66,
1/2/2010,-$672.66,
2/2/2010,-$672.66,
3/2/2010,-$672.66,
4/2/2010,-$672.66,
5/2/2010,-$672.66,
6/2/2010,-$672.66,
7/2/2010,-$672.66,
8/2/2010,-$672.66,
9/2/2010,-$672.66,
10/2/2010,-$672.66,
11/2/2010,-$672.66,
12/2/2010,-$672.66,
13/2/2010,-$672.66,
14/2/2010,-$672.66,
15/2/2010,-$672.66,
16/2/2010,-$672.66,
17/2/2010,-$672.66,
18/2/2010,-$672.66,
19/2/2010,-$672.66,
20/2/2010,-$672.66,
21/2/2010,-$672.66,
22/2/2010,-$672.66,
23/2/2010,-$672.66,
24/2/2010,-$672.66,
25/2/2010,-$672.66,
26/2/2010,-$672.66,
27/2/2010,-$672.66,
28/2/2010,-$672.66,
1/3/2010,-$672.66,
2/3/2010,-$709.38,
3/3/2010,-$687.78,
4/3/2010,-$614.34,
5/3/2010,-$266.58,
6/3/2010,-$266.58,
7/3/2010,-$266.58,
8/3/2010,-$262.26,
9/3/2010,-$221.22,
10/3/2010,-$111.06,
11/3/2010,-$7.38,
12/3/2010,-$5.22,
13/3/2010,-$5.22,
14/3/2010,-$5.22,
15/3/2010,$1.26,
16/3/2010,$199.98,
17/3/2010,$349.02,
18/3/2010,$336.06,
19/3/2010,$104.94,
20/3/2010,$104.94,
21/3/2010,$104.94,
22/3/2010,$238.86,
23/3/2010,$415.98,
24/3/2010,$292.86,
25/3/2010,$251.82,
26/3/2010,$236.70,
27/3/2010,$236.70,
28/3/2010,$236.70,
29/3/2010,$396.54,
30/3/2010,$413.82,
31/3/2010,$327.42,
1/4/2010,$500.22,
2/4/2010,$500.22,
3/4/2010,$500.22,
4/4/2010,$500.22,
5/4/2010,$707.58,
6/4/2010,$768.06,
7/4/2010,$621.18,
8/4/2010,$709.74,
9/4/2010,$878.22,
10/4/2010,$878.22,
11/4/2010,$878.22,
12/4/2010,$919.26,
13/4/2010,$938.70,
14/4/2010,$1232.46,
15/4/2010,$1254.06,
16/4/2010,$837.18,
17/4/2010,$837.18,
18/4/2010,$837.18,
19/4/2010,$934.38,
20/4/2010,$1165.50,
21/4/2010,$1117.98,
22/4/2010,$1195.74,
23/4/2010,$1366.38,
24/4/2010,$1366.38,
25/4/2010,$1366.38,
26/4/2010,$1267.02,
27/4/2010,$647.10,
28/4/2010,$841.50,
29/4/2010,$1161.18,
30/4/2010,$718.38,
1/5/2010,$718.38,
2/5/2010,$718.38,
3/5/2010,$1051.02,
4/5/2010,$439.74,
5/5/2010,$288.54,
6/5/2010,-$549.54,
7/5/2010,-$614.34,
8/5/2010,-$614.34,
9/5/2010,-$614.34,
10/5/2010,-$614.34,
11/5/2010,-$614.34,
12/5/2010,-$614.34,
13/5/2010,-$614.34,
14/5/2010,-$614.34,
15/5/2010,-$614.34,
16/5/2010,-$614.34,
17/5/2010,-$614.34,
18/5/2010,-$614.34,
19/5/2010,-$614.34,
20/5/2010,-$614.34,
21/5/2010,-$614.34,
22/5/2010,-$614.34,
23/5/2010,-$614.34,
24/5/2010,-$614.34,
25/5/2010,-$614.34,
26/5/2010,-$614.34,
27/5/2010,-$614.34,
28/5/2010,-$614.34,
29/5/2010,-$614.34,
30/5/2010,-$614.34,
31/5/2010,-$614.34,
1/6/2010,-$614.34,
2/6/2010,-$614.34,
3/6/2010,-$614.34,
4/6/2010,-$614.34,
5/6/2010,-$614.34,
6/6/2010,-$614.34,
7/6/2010,-$614.34,
8/6/2010,-$614.34,
9/6/2010,-$614.34,
10/6/2010,-$614.34,
11/6/2010,-$614.34,
12/6/2010,-$614.34,
13/6/2010,-$614.34,
14/6/2010,-$614.34,
15/6/2010,-$614.34,
16/6/2010,-$614.34,
17/6/2010,-$614.34,
18/6/2010,-$614.34,
19/6/2010,-$614.34,
20/6/2010,-$614.34,
21/6/2010,-$614.34,
22/6/2010,-$614.34,
23/6/2010,-$614.34,
24/6/2010,-$614.34,
25/6/2010,-$614.34,
26/6/2010,-$614.34,
27/6/2010,-$614.34,
28/6/2010,-$614.34,
29/6/2010,-$614.34,
30/6/2010,-$614.34,
1/7/2010,-$614.34,
2/7/2010,-$614.34,
3/7/2010,-$614.34,
4/7/2010,-$614.34,
5/7/2010,-$614.34,
6/7/2010,-$614.34,
7/7/2010,-$614.34,
8/7/2010,-$614.34,
9/7/2010,-$614.34,
10/7/2010,-$614.34,
11/7/2010,-$614.34,
12/7/2010,-$614.34,
13/7/2010,-$614.34,
14/7/2010,-$614.34,
15/7/2010,-$614.34,
16/7/2010,-$614.34,
17/7/2010,-$614.34,
18/7/2010,-$614.34,
19/7/2010,-$614.34,
20/7/2010,-$614.34,
21/7/2010,-$614.34,
22/7/2010,-$614.34,
23/7/2010,-$614.34,
24/7/2010,-$614.34,
25/7/2010,-$614.34,
26/7/2010,-$402.18,
27/7/2010,-$404.39,
28/7/2010,-$563.51,
29/7/2010,-$682.85,
30/7/2010,-$687.27,
31/7/2010,-$687.27,
1/8/2010,-$687.27,
2/8/2010,-$136.98,
3/8/2010,-$256.32,
4/8/2010,-$90.57,
5/8/2010,-$117.09,
6/8/2010,-$218.75,
7/8/2010,-$218.75,
8/8/2010,-$218.75,
9/8/2010,-$86.15,
10/8/2010,-$220.96,
11/8/2010,-$901.64,
12/8/2010,-$1049.71,
13/8/2010,-$1120.43,
14/8/2010,-$1120.43,
15/8/2010,-$1120.43,
16/8/2010,-$1131.48,
17/8/2010,-$925.95,
18/8/2010,-$925.95,
19/8/2010,-$925.95,
20/8/2010,-$925.95,
21/8/2010,-$925.95,
22/8/2010,-$925.95,
23/8/2010,-$925.95,
24/8/2010,-$925.95,
25/8/2010,-$925.95,
26/8/2010,-$925.95,
27/8/2010,-$925.95,
28/8/2010,-$925.95,
29/8/2010,-$925.95,
30/8/2010,-$925.95,
31/8/2010,-$925.95,
1/9/2010,-$925.95,
2/9/2010,-$925.95,
3/9/2010,-$925.95,
4/9/2010,-$925.95,
5/9/2010,-$925.95,
6/9/2010,-$925.95,
7/9/2010,-$1085.82,
8/9/2010,-$917.19,
9/9/2010,-$805.50,
10/9/2010,-$682.86,
11/9/2010,-$682.86,
12/9/2010,-$682.86,
13/9/2010,-$411.30,
14/9/2010,-$426.63,
15/9/2010,-$332.46,
16/9/2010,-$339.03,
17/9/2010,-$461.67,
18/9/2010,-$461.67,
19/9/2010,-$461.67,
20/9/2010,-$84.99,
21/9/2010,-$135.36,
22/9/2010,-$258.00,
23/9/2010,-$459.48,
24/9/2010,$48.60,
25/9/2010,$48.60,
26/9/2010,$48.60,
27/9/2010,-$71.85,
28/9/2010,$15.75,
29/9/2010,-$28.05,
30/9/2010,-$102.51,
1/10/2010,$2.61,
2/10/2010,$2.61,
3/10/2010,$2.61,
4/10/2010,-$185.73,
5/10/2010,$315.78,
6/10/2010,$313.59,
7/10/2010,$282.93,
8/10/2010,$425.28,
9/10/2010,$425.28,
10/10/2010,$425.28,
11/10/2010,$449.37,
12/10/2010,$528.21,
13/10/2010,$727.50,
14/10/2010,$626.76,
15/10/2010,$679.32,
16/10/2010,$679.32,
17/10/2010,$679.32,
18/10/2010,$806.34,
19/10/2010,$466.89,
20/10/2010,$716.55,
21/10/2010,$773.49,
22/10/2010,$821.67,
23/10/2010,$821.67,
24/10/2010,$821.67,
25/10/2010,$898.32,
26/10/2010,$902.70,
27/10/2010,$828.24,
28/10/2010,$832.62,
29/10/2010,$852.33,
30/10/2010,$852.33,
31/10/2010,$852.33,
1/11/2010,$861.09,
2/11/2010,$1066.95,
3/11/2010,$1172.07,
4/11/2010,$1677.96,
5/11/2010,$1778.70,
6/11/2010,$1778.70,
7/11/2010,$1778.70,
8/11/2010,$1728.33,
9/11/2010,$1535.61,
10/11/2010,$1642.92,
11/11/2010,$1542.18,
12/11/2010,$1226.82,
13/11/2010,$1226.82,
14/11/2010,$1226.82,
15/11/2010,$1189.59,
16/11/2010,$780.06,
17/11/2010,$793.20,
18/11/2010,$1174.26,
19/11/2010,$1246.53,
20/11/2010,$1246.53,
21/11/2010,$1246.53,
22/11/2010,$1224.63,
23/11/2010,$843.57,
24/11/2010,$1226.82,
25/11/2010,$1226.82,
26/11/2010,$920.22,
27/11/2010,$920.22,
28/11/2010,$920.22,
29/11/2010,$999.06,
30/11/2010,$852.33,
1/12/2010,$1404.21,
2/12/2010,$1743.66,
3/12/2010,$1815.93,
4/12/2010,$1815.93,
5/12/2010,$1815.93,
6/12/2010,$1787.46,
7/12/2010,$1802.79,
8/12/2010,$1901.34,
9/12/2010,$2006.46,
10/12/2010,$2164.14,
11/12/2010,$2164.14,
12/12/2010,$2164.14,
13/12/2010,$2181.66,
14/12/2010,$2205.75,
15/12/2010,$2080.92,
16/12/2010,$2238.60,
17/12/2010,$2124.72,
18/12/2010,$2124.72,
19/12/2010,$2124.72,
20/12/2010,$2190.42,
21/12/2010,$2363.43,
22/12/2010,$2448.84,
23/12/2010,$2409.42,
24/12/2010,$2409.42,
25/12/2010,$2409.42,
26/12/2010,$2409.42,
27/12/2010,$2420.37,
28/12/2010,$2459.79,
29/12/2010,$2479.50,
30/12/2010,$2435.70,
31/12/2010,$2442.27,
1/1/2011,$2442.27,
2/1/2011,$2442.27,
3/1/2011,$2726.97,
4/1/2011,$2711.64,
5/1/2011,$2856.18,
6/1/2011,$2801.43,
7/1/2011,$2746.68,
8/1/2011,$2746.68,
9/1/2011,$2746.68,
10/1/2011,$2711.64,
11/1/2011,$2810.19,
12/1/2011,$3062.04,
13/1/2011,$3016.05,
14/1/2011,$3219.72,
15/1/2011,$3219.72,
16/1/2011,$3219.72,
17/1/2011,$3219.72,
18/1/2011,$3267.90,
19/1/2011,$2989.77,
20/1/2011,$2952.54,
21/1/2011,$3016.05,
22/1/2011,$3016.05,
23/1/2011,$3016.05,
24/1/2011,$3175.92,
25/1/2011,$3191.25,
26/1/2011,$3300.75,
27/1/2011,$3370.83,
28/1/2011,$2873.70,
29/1/2011,$2873.70,
30/1/2011,$2873.70,
31/1/2011,$3083.94,
1/2/2011,$3535.08,
2/2/2011,$3480.33,
3/2/2011,$3543.84,
4/2/2011,$3624.87,
5/2/2011,$3624.87,
6/2/2011,$3624.87,
7/2/2011,$3804.45,
8/2/2011,$3935.85,
9/2/2011,$3870.15,
10/2/2011,$3881.10,
11/2/2011,$4054.11,
12/2/2011,$4054.11,
13/2/2011,$4054.11,
14/2/2011,$4124.19,
15/2/2011,$4032.21,
16/2/2011,$4216.17,
17/2/2011,$4303.77,
18/2/2011,$4365.09,
19/2/2011,$4365.09,
20/2/2011,$4365.09,
21/2/2011,$4365.09,
22/2/2011,$3773.79,
23/2/2011,$3596.40,
24/2/2011,$3576.69,
25/2/2011,$3883.29,
26/2/2011,$3883.29,
27/2/2011,$3883.29,
28/2/2011,$4062.87,
1/3/2011,$3576.69,
2/3/2011,$3638.01,
3/3/2011,$4132.95,
4/3/2011,$3913.95,
5/3/2011,$3913.95,
6/3/2011,$3913.95,
7/3/2011,$3686.19,
8/3/2011,$3938.04,
9/3/2011,$3896.43,
10/3/2011,$3359.88,
11/3/2011,$3556.98,
12/3/2011,$3556.98,
13/3/2011,$3556.98,
14/3/2011,$3383.97,
15/3/2011,$2626.23,
16/3/2011,$2626.23,
17/3/2011,$2626.23,
18/3/2011,$2626.23,
19/3/2011,$2626.23,
20/3/2011,$2626.23,
21/3/2011,$2626.23,
22/3/2011,$2626.23,
23/3/2011,$2626.23,
24/3/2011,$2626.23,
25/3/2011,$2626.23,
26/3/2011,$2626.23,
27/3/2011,$2626.23,
28/3/2011,$2626.23,
29/3/2011,$2837.10,
30/3/2011,$3030.93,
31/3/2011,$2992.59,
1/4/2011,$3111.87,
2/4/2011,$3111.87,
3/4/2011,$3111.87,
4/4/2011,$3135.30,
5/4/2011,$3131.04,
6/4/2011,$3220.50,
7/4/2011,$3148.08,
8/4/2011,$3050.10,
9/4/2011,$3050.10,
10/4/2011,$3050.10,
11/4/2011,$2964.90,
12/4/2011,$2754.03,
13/4/2011,$2751.90,
14/4/2011,$2773.20,
15/4/2011,$2875.44,
16/4/2011,$2875.44,
17/4/2011,$2875.44,
18/4/2011,$2566.59,
19/4/2011,$2566.59,
20/4/2011,$2612.79,
21/4/2011,$2755.59,
22/4/2011,$2755.59,
23/4/2011,$2755.59,
24/4/2011,$2755.59,
25/4/2011,$2726.19,
26/4/2011,$2967.69,
27/4/2011,$3152.49,
28/4/2011,$3244.89,
29/4/2011,$3312.09,
30/4/2011,$3312.09,
1/5/2011,$3312.09,
2/5/2011,$3267.99,
3/5/2011,$3165.09,
4/5/2011,$2976.09,
5/5/2011,$2719.89,
6/5/2011,$2843.79,
7/5/2011,$2843.79,
8/5/2011,$2843.79,
9/5/2011,$2952.99,
10/5/2011,$3194.49,
11/5/2011,$2894.19,
12/5/2011,$3028.59,
13/5/2011,$2810.19,
14/5/2011,$2810.19,
15/5/2011,$2810.19,
16/5/2011,$2631.69,
17/5/2011,$2627.49,
18/5/2011,$2877.39,
19/5/2011,$2944.59,
20/5/2011,$2719.89,
21/5/2011,$2719.89,
22/5/2011,$2719.89,
23/5/2011,$2394.39,
24/5/2011,$2371.29,
25/5/2011,$2463.69,
26/5/2011,$2388.09,
27/5/2011,$2388.09,
28/5/2011,$2388.09,
29/5/2011,$2388.09,
30/5/2011,$2388.09,
31/5/2011,$2388.09,
1/6/2011,$2388.09,
2/6/2011,$2388.09,
3/6/2011,$2388.09,
4/6/2011,$2388.09,
5/6/2011,$2388.09,
6/6/2011,$2388.09,
7/6/2011,$2388.09,
8/6/2011,$2388.09,
9/6/2011,$2388.09,
10/6/2011,$2388.09,
11/6/2011,$2388.09,
12/6/2011,$2388.09,
13/6/2011,$2388.09,
14/6/2011,$2388.09,
15/6/2011,$2388.09,
16/6/2011,$2388.09,
17/6/2011,$2388.09,
18/6/2011,$2388.09,
19/6/2011,$2388.09,
20/6/2011,$2388.09,
21/6/2011,$2388.09,
22/6/2011,$2388.09,
23/6/2011,$2388.09,
24/6/2011,$2388.09,
25/6/2011,$2388.09,
26/6/2011,$2388.09,
27/6/2011,$2388.09,
28/6/2011,$2388.09,
29/6/2011,$2388.09,
30/6/2011,$2388.09,
1/7/2011,$2388.09,
2/7/2011,$2388.09,
3/7/2011,$2388.09,
4/7/2011,$2388.09,
5/7/2011,$2394.30,
6/7/2011,$2427.42,
7/7/2011,$2715.15,
8/7/2011,$2516.43,
9/7/2011,$2516.43,
10/7/2011,$2516.43,
11/7/2011,$2013.42,
12/7/2011,$1895.43,
13/7/2011,$1986.51,
14/7/2011,$1798.14,
15/7/2011,$1955.46,
16/7/2011,$1955.46,
17/7/2011,$1955.46,
18/7/2011,$1829.19,
19/7/2011,$2116.92,
20/7/2011,$2100.36,
21/7/2011,$2481.24,
22/7/2011,$2499.87,
23/7/2011,$2499.87,
24/7/2011,$2499.87,
25/7/2011,$2344.62,
26/7/2011,$2241.12,
27/7/2011,$1676.01,
28/7/2011,$1597.35,
29/7/2011,$1413.12,
30/7/2011,$1413.12,
31/7/2011,$1413.12,
1/8/2011,$1725.69,
2/8/2011,$1725.69,
3/8/2011,$1725.69,
4/8/2011,$1725.69,
5/8/2011,$1725.69,
6/8/2011,$1725.69,
7/8/2011,$1725.69,
8/8/2011,$1725.69,
9/8/2011,$1725.69,
10/8/2011,$1725.69,
11/8/2011,$1725.69,
12/8/2011,$1725.69,
13/8/2011,$1725.69,
14/8/2011,$1725.69,
15/8/2011,$1725.69,
16/8/2011,$1725.69,
17/8/2011,$1725.69,
18/8/2011,$1725.69,
19/8/2011,$1725.69,
20/8/2011,$1725.69,
21/8/2011,$1725.69,
22/8/2011,$1725.69,
23/8/2011,$1725.69,
24/8/2011,$1725.69,
25/8/2011,$1725.69,
26/8/2011,$1725.69,
27/8/2011,$1725.69,
28/8/2011,$1725.69,
29/8/2011,$1725.69,
30/8/2011,$1725.69,
31/8/2011,$1725.69,
1/9/2011,$1725.69,
2/9/2011,$1725.69,
3/9/2011,$1725.69,
4/9/2011,$1725.69,
5/9/2011,$1725.69,
6/9/2011,$1725.69,
7/9/2011,$1725.69,
8/9/2011,$1725.69,
9/9/2011,$1725.69,
10/9/2011,$1725.69,
11/9/2011,$1725.69,
12/9/2011,$1725.69,
13/9/2011,$1725.69,
14/9/2011,$1725.69,
15/9/2011,$1725.69,
16/9/2011,$1725.69,
17/9/2011,$1725.69,
18/9/2011,$1725.69,
19/9/2011,$1725.69,
20/9/2011,$1725.69,
21/9/2011,$1725.69,
22/9/2011,$1725.69,
23/9/2011,$1725.69,
24/9/2011,$1725.69,
25/9/2011,$1725.69,
26/9/2011,$1725.69,
27/9/2011,$1725.69,
28/9/2011,$1725.69,
29/9/2011,$1725.69,
30/9/2011,$1725.69,
1/10/2011,$1725.69,
2/10/2011,$1725.69,
3/10/2011,$1725.69,
4/10/2011,$1725.69,
5/10/2011,$1725.69,
6/10/2011,$1725.69,
7/10/2011,$1725.69,
8/10/2011,$1725.69,
9/10/2011,$1725.69,
10/10/2011,$1725.69,
11/10/2011,$1725.69,
12/10/2011,$1759.29,
13/10/2011,$1705.53,
14/10/2011,$2166.97,
15/10/2011,$2166.97,
16/10/2011,$2166.97,
17/10/2011,$1642.81,
18/10/2011,$2169.21,
19/10/2011,$1844.41,
20/10/2011,$1963.13,
21/10/2011,$2480.57,
22/10/2011,$2480.57,
23/10/2011,$2480.57,
24/10/2011,$2821.05,
25/10/2011,$2274.49,
26/10/2011,$2554.49,
27/10/2011,$3524.41,
28/10/2011,$3517.69,
29/10/2011,$3517.69,
30/10/2011,$3517.69,
31/10/2011,$2823.29,
1/11/2011,$2039.29,
2/11/2011,$2485.05,
3/11/2011,$2991.29,
4/11/2011,$2818.81,
5/11/2011,$2818.81,
6/11/2011,$2818.81,
7/11/2011,$2993.53,
8/11/2011,$3356.41,
9/11/2011,$2299.13,
10/11/2011,$2558.97,
11/11/2011,$3083.13,
12/11/2011,$3083.13,
13/11/2011,$3083.13,
14/11/2011,$2814.33,
15/11/2011,$2953.21,
16/11/2011,$2505.21,
17/11/2011,$2063.93,
18/11/2011,$2034.81,
19/11/2011,$2034.81,
20/11/2011,$2034.81,
21/11/2011,$1515.13,
22/11/2011,$1409.85,
23/11/2011,$1158.97,
24/11/2011,$1158.97,
25/11/2011,$1158.97,
26/11/2011,$1158.97,
27/11/2011,$1158.97,
28/11/2011,$1158.97,
29/11/2011,$1158.97,
30/11/2011,$1158.97,
1/12/2011,$1184.41,
2/12/2011,$1161.09,
3/12/2011,$1161.09,
4/12/2011,$1161.09,
5/12/2011,$1449.41,
6/12/2011,$1457.89,
7/12/2011,$1557.53,
8/12/2011,$968.17,
9/12/2011,$1413.37,
10/12/2011,$1413.37,
11/12/2011,$1413.37,
12/12/2011,$1023.29,
13/12/2011,$777.37,
14/12/2011,$499.65,
15/12/2011,$592.93,
16/12/2011,$603.53,
17/12/2011,$603.53,
18/12/2011,$603.53,
19/12/2011,$603.53,
20/12/2011,$603.53,
21/12/2011,$603.53,
22/12/2011,$603.53,
23/12/2011,$751.85,
24/12/2011,$751.85,
25/12/2011,$751.85,
26/12/2011,$751.85,
27/12/2011,$772.45,
28/12/2011,$430.49,
29/12/2011,$696.23,
30/12/2011,$568.51,
31/12/2011,$568.51,
1/1/2012,$568.51,
2/1/2012,$568.51,
3/1/2012,$980.51,
4/1/2012,$1021.71,
5/1/2012,$1091.75,
6/1/2012,$1023.77,
7/1/2012,$1023.77,
8/1/2012,$1023.77,
9/1/2012,$1087.63,
10/1/2012,$1316.29,
11/1/2012,$1330.71,
12/1/2012,$1394.57,
13/1/2012,$1256.55,
14/1/2012,$1256.55,
15/1/2012,$1256.55,
16/1/2012,$1256.55,
17/1/2012,$1359.55,
18/1/2012,$1654.13,
19/1/2012,$1796.27,
20/1/2012,$1897.21,
21/1/2012,$1897.21,
22/1/2012,$1897.21,
23/1/2012,$1827.17,
24/1/2012,$1796.27,
25/1/2012,$2022.87,
26/1/2012,$1882.79,
27/1/2012,$1870.43,
28/1/2012,$1870.43,
29/1/2012,$1870.43,
30/1/2012,$1777.73,
31/1/2012,$1767.43,
1/2/2012,$2004.33,
2/2/2012,$2047.59,
3/2/2012,$2430.75,
4/2/2012,$2430.75,
5/2/2012,$2430.75,
6/2/2012,$2412.21,
7/2/2012,$2482.25,
8/2/2012,$2564.65,
9/2/2012,$2599.67,
10/2/2012,$2393.67,
11/2/2012,$2393.67,
12/2/2012,$2393.67,
13/2/2012,$2599.67,
14/2/2012,$2564.65,
15/2/2012,$2434.87,
16/2/2012,$2741.81,
17/2/2012,$2815.97,
18/2/2012,$2815.97,
19/2/2012,$2815.97,
20/2/2012,$2815.97,
21/2/2012,$2828.33,
22/2/2012,$2737.69,
23/2/2012,$2861.29,
24/2/2012,$2923.09,
25/2/2012,$2923.09,
26/2/2012,$2923.09,
27/2/2012,$2970.47,
28/2/2012,$3052.87,
29/2/2012,$2941.63,
1/3/2012,$3087.89,
2/3/2012,$3001.37,
3/3/2012,$3001.37,
4/3/2012,$3001.37,
5/3/2012,$2886.01,
6/3/2012,$2474.01,
7/3/2012,$2667.65,
8/3/2012,$2945.75,
9/3/2012,$3054.93,
10/3/2012,$3054.93,
11/3/2012,$3054.93,
12/3/2012,$3056.99,
13/3/2012,$3567.87,
14/3/2012,$3536.97,
15/3/2012,$3703.83,
16/3/2012,$3617.31,
17/3/2012,$3617.31,
18/3/2012,$3617.31,
19/3/2012,$3730.61,
20/3/2012,$3646.15,
21/3/2012,$3598.77,
22/3/2012,$3390.71,
23/3/2012,$3483.41,
24/3/2012,$3483.41,
25/3/2012,$3483.41,
26/3/2012,$3887.17,
27/3/2012,$3796.53,
28/3/2012,$3652.33,
29/3/2012,$3602.89,
30/3/2012,$3722.37,
31/3/2012,$3722.37,
1/4/2012,$3722.37,
2/4/2012,$3934.55,
3/4/2012,$3815.07,
4/4/2012,$3526.67,
5/4/2012,$3512.25,
6/4/2012,$3512.25,
7/4/2012,$3512.25,
8/4/2012,$3512.25,
9/4/2012,$3188.83,
10/4/2012,$2710.91,
11/4/2012,$2937.51,
12/4/2012,$3306.25,
13/4/2012,$3240.33,
14/4/2012,$3240.33,
15/4/2012,$3240.33,
16/4/2012,$3240.33,
17/4/2012,$3240.33,
18/4/2012,$3271.38,
19/4/2012,$3275.52,
20/4/2012,$3275.52,
21/4/2012,$3275.52,
22/4/2012,$3275.52,
23/4/2012,$3275.52,
24/4/2012,$3275.52,
25/4/2012,$3275.52,
26/4/2012,$3275.52,
27/4/2012,$3236.76,
28/4/2012,$3236.76,
29/4/2012,$3236.76,
30/4/2012,$3130.68,
1/5/2012,$3308.16,
2/5/2012,$3222.48,
3/5/2012,$3004.20,
4/5/2012,$2545.20,
5/5/2012,$2545.20,
6/5/2012,$2545.20,
7/5/2012,$2565.60,
8/5/2012,$2398.32,
9/5/2012,$2398.32,
10/5/2012,$2398.32,
11/5/2012,$2398.32,
12/5/2012,$2398.32,
13/5/2012,$2398.32,
14/5/2012,$2398.32,
15/5/2012,$2398.32,
16/5/2012,$2398.32,
17/5/2012,$2398.32,
18/5/2012,$2398.32,
19/5/2012,$2398.32,
20/5/2012,$2398.32,
21/5/2012,$2398.32,
22/5/2012,$2398.32,
23/5/2012,$2398.32,
24/5/2012,$2398.32,
25/5/2012,$2398.32,
26/5/2012,$2398.32,
27/5/2012,$2398.32,
28/5/2012,$2398.32,
29/5/2012,$2398.32,
30/5/2012,$2398.32,
31/5/2012,$2398.32,
1/6/2012,$2398.32,
2/6/2012,$2398.32,
3/6/2012,$2398.32,
4/6/2012,$2398.32,
5/6/2012,$2398.32,
6/6/2012,$2398.32,
7/6/2012,$2398.32,
8/6/2012,$2398.32,
9/6/2012,$2398.32,
10/6/2012,$2398.32,
11/6/2012,$2398.32,
12/6/2012,$2398.32,
13/6/2012,$2398.32,
14/6/2012,$2398.32,
15/6/2012,$2398.32,
16/6/2012,$2398.32,
17/6/2012,$2398.32,
18/6/2012,$2398.32,
19/6/2012,$2398.32,
20/6/2012,$2398.32,
21/6/2012,$2398.32,
22/6/2012,$2398.32,
23/6/2012,$2398.32,
24/6/2012,$2398.32,
25/6/2012,$2398.32,
26/6/2012,$2398.32,
27/6/2012,$2398.32,
28/6/2012,$2398.32,
29/6/2012,$2398.32,
30/6/2012,$2398.32,
1/7/2012,$2398.32,
2/7/2012,$2398.32,
3/7/2012,$2588.04,
4/7/2012,$2588.04,
5/7/2012,$2461.56,
6/7/2012,$2196.36,
7/7/2012,$2196.36,
8/7/2012,$2196.36,
9/7/2012,$2161.68,
10/7/2012,$1920.96,
11/7/2012,$1925.04,
12/7/2012,$1792.44,
13/7/2012,$2249.40,
14/7/2012,$2249.40,
15/7/2012,$2249.40,
16/7/2012,$2184.12,
17/7/2012,$2373.84,
18/7/2012,$2579.88,
19/7/2012,$2653.32,
20/7/2012,$2396.28,
21/7/2012,$2396.28,
22/7/2012,$2396.28,
23/7/2012,$2114.76,
24/7/2012,$1878.12,
25/7/2012,$1884.24,
26/7/2012,$2335.08,
27/7/2012,$2847.12,
28/7/2012,$2847.12,
29/7/2012,$2847.12,
30/7/2012,$2847.12,
31/7/2012,$2649.24,
1/8/2012,$2624.76,
2/8/2012,$2430.96,
3/8/2012,$2983.80,
4/8/2012,$2983.80,
5/8/2012,$2983.80,
6/8/2012,$3038.88,
7/8/2012,$3181.68,
8/8/2012,$3216.36,
9/8/2012,$3240.84,
10/8/2012,$3287.76,
11/8/2012,$3287.76,
12/8/2012,$3287.76,
13/8/2012,$3273.48,
14/8/2012,$3277.56,
15/8/2012,$3310.20,
16/8/2012,$3522.36,
17/8/2012,$3561.12,
18/8/2012,$3561.12,
19/8/2012,$3561.12,
20/8/2012,$3563.16,
21/8/2012,$3475.44,
22/8/2012,$3487.68,
23/8/2012,$3251.04,
24/8/2012,$3424.44,
25/8/2012,$3424.44,
26/8/2012,$3424.44,
27/8/2012,$3430.56,
28/8/2012,$3402.00,
29/8/2012,$3424.44,
30/8/2012,$3216.36,
31/8/2012,$3353.04,
1/9/2012,$3353.04,
2/9/2012,$3353.04,
3/9/2012,$3353.04,
4/9/2012,$3326.52,
5/9/2012,$3302.04,
6/9/2012,$3885.48,
7/9/2012,$3999.72,
8/9/2012,$3999.72,
9/9/2012,$3999.72,
10/9/2012,$3832.44,
11/9/2012,$3914.04,
12/9/2012,$4011.96,
13/9/2012,$4460.76,
14/9/2012,$4593.36,
15/9/2012,$4593.36,
16/9/2012,$4593.36,
17/9/2012,$4491.36,
18/9/2012,$4466.88,
19/9/2012,$4483.20,
20/9/2012,$4485.24,
21/9/2012,$4313.88,
22/9/2012,$4313.88,
23/9/2012,$4313.88,
24/9/2012,$4269.00,
25/9/2012,$3952.80,
26/9/2012,$3787.56,
27/9/2012,$4062.96,
28/9/2012,$3926.28,
29/9/2012,$3926.28,
30/9/2012,$3926.28,
1/10/2012,$4003.80,
2/10/2012,$4034.40,
3/10/2012,$4154.76,
4/10/2012,$4366.92,
5/10/2012,$4368.96,
6/10/2012,$4368.96,
7/10/2012,$4368.96,
8/10/2012,$4266.96,
9/10/2012,$3973.20,
10/10/2012,$3785.52,
11/10/2012,$3801.84,
12/10/2012,$3705.96,
13/10/2012,$3705.96,
14/10/2012,$3705.96,
15/10/2012,$3948.72,
16/10/2012,$4246.56,
17/10/2012,$4381.20,
18/10/2012,$4303.68,
19/10/2012,$3807.96,
20/10/2012,$3807.96,
21/10/2012,$3807.96,
22/10/2012,$3812.04,
23/10/2012,$3406.08,
24/10/2012,$3510.12,
25/10/2012,$3510.12,
26/10/2012,$3510.12,
27/10/2012,$3510.12,
28/10/2012,$3510.12,
29/10/2012,$3510.12,
30/10/2012,$3510.12,
31/10/2012,$3510.12,
1/11/2012,$3510.12,
2/11/2012,$3510.12,
3/11/2012,$3510.12,
4/11/2012,$3510.12,
5/11/2012,$3510.12,
6/11/2012,$3510.12,
7/11/2012,$3510.12,
8/11/2012,$3510.12,
9/11/2012,$3510.12,
10/11/2012,$3510.12,
11/11/2012,$3510.12,
12/11/2012,$3510.12,
13/11/2012,$3510.12,
14/11/2012,$3510.12,
15/11/2012,$3510.12,
16/11/2012,$3510.12,
17/11/2012,$3510.12,
18/11/2012,$3510.12,
19/11/2012,$3510.12,
20/11/2012,$3510.12,
21/11/2012,$3510.12,
22/11/2012,$3510.12,
23/11/2012,$3510.12,
24/11/2012,$3510.12,
25/11/2012,$3510.12,
26/11/2012,$3510.12,
27/11/2012,$3510.12,
28/11/2012,$3510.12,
29/11/2012,$3510.12,
30/11/2012,$3510.12,
1/12/2012,$3510.12,
2/12/2012,$3510.12,
3/12/2012,$3510.12,
4/12/2012,$3510.12,
5/12/2012,$3510.12,
6/12/2012,$3510.12,
7/12/2012,$3510.12,
8/12/2012,$3510.12,
9/12/2012,$3510.12,
10/12/2012,$3563.42,
11/12/2012,$3762.27,
12/12/2012,$3776.62,
13/12/2012,$3596.22,
14/12/2012,$3487.57,
15/12/2012,$3487.57,
16/12/2012,$3487.57,
17/12/2012,$3829.92,
18/12/2012,$4157.92,
19/12/2012,$3936.52,
20/12/2012,$4106.67,
21/12/2012,$3629.02,
22/12/2012,$3629.02,
23/12/2012,$3629.02,
24/12/2012,$3538.82,
25/12/2012,$3538.82,
26/12/2012,$3415.82,
27/12/2012,$3376.87,
28/12/2012,$3063.22,
29/12/2012,$3063.22,
30/12/2012,$3063.22,
31/12/2012,$3551.12,
1/1/2013,$3551.12,
2/1/2013,$4299.37,
3/1/2013,$4231.72,
4/1/2013,$4362.92,
5/1/2013,$4362.92,
6/1/2013,$4362.92,
7/1/2013,$4280.92,
8/1/2013,$4194.82,
9/1/2013,$4270.67,
10/1/2013,$4508.47,
11/1/2013,$4506.42,
12/1/2013,$4506.42,
13/1/2013,$4506.42,
14/1/2013,$4485.92,
15/1/2013,$4506.42,
16/1/2013,$4502.32,
17/1/2013,$4697.07,
18/1/2013,$4764.72,
19/1/2013,$4764.72,
20/1/2013,$4764.72,
21/1/2013,$4764.72,
22/1/2013,$4928.72,
23/1/2013,$4977.92,
24/1/2013,$4986.12,
25/1/2013,$5158.32,
26/1/2013,$5158.32,
27/1/2013,$5158.32,
28/1/2013,$5121.42,
29/1/2013,$5242.37,
30/1/2013,$5121.42,
31/1/2013,$5045.57,
1/2/2013,$5361.27,
2/2/2013,$5361.27,
3/2/2013,$5361.27,
4/2/2013,$5012.77,
5/2/2013,$5322.32,
6/2/2013,$5344.87,
7/2/2013,$5303.87,
8/2/2013,$5476.07,
9/2/2013,$5476.07,
10/2/2013,$5476.07,
11/2/2013,$5469.92,
12/2/2013,$5521.17,
13/2/2013,$5547.82,
14/2/2013,$5576.52,
15/2/2013,$5539.62,
16/2/2013,$5539.62,
17/2/2013,$5539.62,
18/2/2013,$5539.62,
19/2/2013,$5773.32,
20/2/2013,$5381.77,
21/2/2013,$5193.17,
22/2/2013,$5494.52,
23/2/2013,$5494.52,
24/2/2013,$5494.52,
25/2/2013,$4902.07,
26/2/2013,$5111.17,
27/2/2013,$5498.62,
28/2/2013,$5437.12,
1/3/2013,$5539.62,
2/3/2013,$5539.62,
3/3/2013,$5539.62,
4/3/2013,$5705.67,
5/3/2013,$5986.52,
6/3/2013,$6029.57,
7/3/2013,$6086.97,
8/3/2013,$6222.27,
9/3/2013,$6222.27,
10/3/2013,$6222.27,
11/3/2013,$6343.22,
12/3/2013,$6271.47,
13/3/2013,$6316.57,
14/3/2013,$6486.72,
15/3/2013,$6302.22,
16/3/2013,$6302.22,
17/3/2013,$6302.22,
18/3/2013,$6125.92,
19/3/2013,$6052.12,
20/3/2013,$6273.52,
21/3/2013,$6000.87,
22/3/2013,$6255.07,
23/3/2013,$6255.07,
24/3/2013,$6255.07,
25/3/2013,$6121.82,
26/3/2013,$6376.02,
27/3/2013,$6376.02,
28/3/2013,$6474.42,
29/3/2013,$6474.42,
30/3/2013,$6474.42,
31/3/2013,$6474.42,
1/4/2013,$6347.32,
2/4/2013,$6505.17,
3/4/2013,$6179.22,
4/4/2013,$6308.37,
5/4/2013,$6164.87,
6/4/2013,$6164.87,
7/4/2013,$6164.87,
8/4/2013,$6380.12,
9/4/2013,$6490.82,
10/4/2013,$6884.42,
11/4/2013,$6991.02,
12/4/2013,$6911.07,
13/4/2013,$6911.07,
14/4/2013,$6911.07,
15/4/2013,$6156.67,
16/4/2013,$6626.12,
17/4/2013,$6154.62,
18/4/2013,$5955.77,
19/4/2013,$6230.47,
20/4/2013,$6230.47,
21/4/2013,$6230.47,
22/4/2013,$6371.92,
23/4/2013,$6701.97,
24/4/2013,$6722.47,
25/4/2013,$6853.67,
26/4/2013,$6796.27,
27/4/2013,$6796.27,
28/4/2013,$6796.27,
29/4/2013,$7013.57,
30/4/2013,$7091.47,
1/5/2013,$6804.47,
2/5/2013,$7105.82,
3/5/2013,$7437.92,
4/5/2013,$7437.92,
5/5/2013,$7437.92,
6/5/2013,$7521.97,
7/5/2013,$7690.07,
8/5/2013,$7841.77,
9/5/2013,$7747.47,
10/5/2013,$7856.12,
11/5/2013,$7856.12,
12/5/2013,$7856.12,
13/5/2013,$7882.77,
14/5/2013,$8229.22,
15/5/2013,$8411.67,
16/5/2013,$8251.77,
17/5/2013,$8579.77,
18/5/2013,$8579.77,
19/5/2013,$8579.77,
20/5/2013,$8577.72,
21/5/2013,$8626.92,
22/5/2013,$8372.72,
23/5/2013,$8274.32,
24/5/2013,$8245.62,
25/5/2013,$8245.62,
26/5/2013,$8245.62,
27/5/2013,$8245.62,
28/5/2013,$8448.57,
29/5/2013,$8227.17,
30/5/2013,$8352.22,
31/5/2013,$7864.32,
1/6/2013,$7864.32,
2/6/2013,$7864.32,
3/6/2013,$8048.82,
4/6/2013,$7886.87,
5/6/2013,$7417.42,
6/6/2013,$7716.72,
7/6/2013,$8141.07,
8/6/2013,$8141.07,
9/6/2013,$8141.07,
10/6/2013,$8141.07,
11/6/2013,$7792.57,
12/6/2013,$7515.82,
13/6/2013,$8020.12,
14/6/2013,$7808.97,
15/6/2013,$7808.97,
16/6/2013,$7808.97,
17/6/2013,$8067.27,
18/6/2013,$8333.77,
19/6/2013,$7864.32,
20/6/2013,$7034.07,
21/6/2013,$6966.42,
22/6/2013,$6966.42,
23/6/2013,$6966.42,
24/6/2013,$6626.12,
25/6/2013,$6626.12,
26/6/2013,$6626.12,
27/6/2013,$6626.12,
28/6/2013,$6626.12,
29/6/2013,$6626.12,
30/6/2013,$6626.12,
1/7/2013,$6626.12,
2/7/2013,$6626.12,
3/7/2013,$6626.12,
4/7/2013,$6626.12,
5/7/2013,$6626.12,
6/7/2013,$6626.12,
7/7/2013,$6626.12,
8/7/2013,$6626.12,
9/7/2013,$6626.12,
10/7/2013,$6669.68,
11/7/2013,$7115.18,
12/7/2013,$7129.04,
13/7/2013,$7129.04,
14/7/2013,$7129.04,
15/7/2013,$7255.76,
16/7/2013,$7131.02,
17/7/2013,$7216.16,
18/7/2013,$7398.32,
19/7/2013,$7457.72,
20/7/2013,$7457.72,
21/7/2013,$7457.72,
22/7/2013,$7523.06,
23/7/2013,$7451.78,
24/7/2013,$7329.02,
25/7/2013,$7410.20,
26/7/2013,$7445.84,
27/7/2013,$7445.84,
28/7/2013,$7445.84,
29/7/2013,$7342.88,
30/7/2013,$7342.88,
31/7/2013,$7366.64,
1/8/2013,$7752.74,
2/8/2013,$7810.16,
3/8/2013,$7810.16,
4/8/2013,$7810.16,
5/8/2013,$7760.66,
6/8/2013,$7568.60,
7/8/2013,$7459.70,
8/8/2013,$7582.46,
9/8/2013,$7485.44,
10/8/2013,$7485.44,
11/8/2013,$7485.44,
12/8/2013,$7445.84,
13/8/2013,$7544.84,
14/8/2013,$7372.58,
15/8/2013,$6905.30,
16/8/2013,$6796.40,
17/8/2013,$6796.40,
18/8/2013,$6796.40,
19/8/2013,$6586.52,
20/8/2013,$6746.90,
21/8/2013,$6655.82,
22/8/2013,$6655.82,
23/8/2013,$6655.82,
24/8/2013,$6655.82,
25/8/2013,$6655.82,
26/8/2013,$6655.82,
27/8/2013,$6655.82,
28/8/2013,$6655.82,
29/8/2013,$6655.82,
30/8/2013,$6655.82,
31/8/2013,$6655.82,
1/9/2013,$6655.82,
2/9/2013,$6655.82,
3/9/2013,$6655.82,
4/9/2013,$6655.82,
5/9/2013,$6655.82,
6/9/2013,$6655.82,
7/9/2013,$6655.82,
8/9/2013,$6655.82,
9/9/2013,$6655.82,
10/9/2013,$6655.82,
11/9/2013,$6803.26,
12/9/2013,$6715.96,
13/9/2013,$6789.68,
14/9/2013,$6789.68,
15/9/2013,$6789.68,
16/9/2013,$6979.80,
17/9/2013,$7127.24,
18/9/2013,$7511.36,
19/9/2013,$7455.10,
20/9/2013,$7059.34,
21/9/2013,$7059.34,
22/9/2013,$7059.34,
23/9/2013,$6906.08,
24/9/2013,$6828.48,
25/9/2013,$6733.42,
26/9/2013,$6859.52,
27/9/2013,$6708.20,
28/9/2013,$6708.20,
29/9/2013,$6708.20,
30/9/2013,$6533.60,
1/10/2013,$6791.62,
2/10/2013,$6760.58,
3/10/2013,$6457.94,
4/10/2013,$6704.32,
5/10/2013,$6704.32,
6/10/2013,$6704.32,
7/10/2013,$6421.08,
8/10/2013,$6415.26,
9/10/2013,$6415.26,
10/10/2013,$6415.26,
11/10/2013,$6415.26,
12/10/2013,$6415.26,
13/10/2013,$6415.26,
14/10/2013,$6749.15,
15/10/2013,$6509.83,
16/10/2013,$6967.24,
17/10/2013,$7189.19,
18/10/2013,$7415.00,
19/10/2013,$7415.00,
20/10/2013,$7415.00,
21/10/2013,$7416.93,
22/10/2013,$7611.86,
23/10/2013,$7449.74,
24/10/2013,$7561.68,
25/10/2013,$7716.08,
26/10/2013,$7716.08,
27/10/2013,$7716.08,
28/10/2013,$7770.12,
29/10/2013,$7951.54,
30/10/2013,$7781.70,
31/10/2013,$7685.20,
1/11/2013,$7766.26,
2/11/2013,$7766.26,
3/11/2013,$7766.26,
4/11/2013,$7885.92,
5/11/2013,$7777.84,
6/11/2013,$7951.54,
7/11/2013,$7519.22,
8/11/2013,$7974.70,
9/11/2013,$7974.70,
10/11/2013,$7974.70,
11/11/2013,$7980.49,
12/11/2013,$7911.01,
13/11/2013,$8185.07,
14/11/2013,$8356.84,
15/11/2013,$8507.38,
16/11/2013,$8507.38,
17/11/2013,$8507.38,
18/11/2013,$8385.79,
19/11/2013,$8310.52,
20/11/2013,$8202.44,
21/11/2013,$8480.36,
22/11/2013,$8654.06,
23/11/2013,$8654.06,
24/11/2013,$8654.06,
25/11/2013,$8619.32,
26/11/2013,$8628.97,
27/11/2013,$8713.89,
28/11/2013,$8713.89,
29/11/2013,$8690.73,
30/11/2013,$8690.73,
1/12/2013,$8690.73,
2/12/2013,$8600.02,
3/12/2013,$8449.48,
4/12/2013,$8445.62,
5/12/2013,$8293.15,
6/12/2013,$8679.15,
7/12/2013,$8679.15,
8/12/2013,$8679.15,
9/12/2013,$8767.93,
10/12/2013,$8642.48,
11/12/2013,$8250.69,
12/12/2013,$8136.82,
13/12/2013,$8132.96,
14/12/2013,$8132.96,
15/12/2013,$8132.96,
16/12/2013,$8347.19,
17/12/2013,$8237.18,
18/12/2013,$8825.83,
19/12/2013,$8785.30,
20/12/2013,$8798.81,
21/12/2013,$8798.81,
22/12/2013,$8798.81,
23/12/2013,$8986.02,
24/12/2013,$9063.22,
25/12/2013,$9063.22,
26/12/2013,$9242.71,
27/12/2013,$9240.78,
28/12/2013,$9240.78,
29/12/2013,$9240.78,
30/12/2013,$9234.99,
31/12/2013,$9402.90,
1/1/2014,$9402.90,
2/1/2014,$9061.29,
3/1/2014,$9055.50,
4/1/2014,$9055.50,
5/1/2014,$9055.50,
6/1/2014,$8953.21,
7/1/2014,$9169.37,
8/1/2014,$9177.09,
9/1/2014,$9200.25,
10/1/2014,$9296.75,
11/1/2014,$9296.75,
12/1/2014,$9296.75,
13/1/2014,$8823.90,
14/1/2014,$9206.04,
15/1/2014,$9397.11,
16/1/2014,$9350.79,
17/1/2014,$9200.25,
18/1/2014,$9200.25,
19/1/2014,$9200.25,
20/1/2014,$9200.25,
21/1/2014,$9304.47,
22/1/2014,$9327.63,
23/1/2014,$9036.20,
24/1/2014,$8283.50,
25/1/2014,$8283.50,
26/1/2014,$8283.50,
27/1/2014,$8113.66,
28/1/2014,$8138.75,
29/1/2014,$8138.75,
30/1/2014,$8138.75,
31/1/2014,$8138.75,
1/2/2014,$8138.75,
2/2/2014,$8138.75,
3/2/2014,$8138.75,
4/2/2014,$8138.75,
5/2/2014,$8138.75,
6/2/2014,$8138.75,
7/2/2014,$8138.75,
8/2/2014,$8138.75,
9/2/2014,$8138.75,
10/2/2014,$8138.75,
11/2/2014,$8138.75,
12/2/2014,$8138.75,
13/2/2014,$8553.22,
14/2/2014,$8746.13,
15/2/2014,$8746.13,
16/2/2014,$8746.13,
17/2/2014,$8746.13,
18/2/2014,$8788.15,
19/2/2014,$8555.13,
20/2/2014,$8761.41,
21/2/2014,$8721.30,
22/2/2014,$8721.30,
23/2/2014,$8721.30,
24/2/2014,$8916.12,
25/2/2014,$8902.75,
26/2/2014,$8904.66,
27/2/2014,$9089.93,
28/2/2014,$9179.70,
1/3/2014,$9179.70,
2/3/2014,$9179.70,
3/3/2014,$8929.49,
4/3/2014,$9426.09,
5/3/2014,$9458.56,
6/3/2014,$9540.69,
7/3/2014,$9555.97,
8/3/2014,$9555.97,
9/3/2014,$9555.97,
10/3/2014,$9536.87,
11/3/2014,$9359.24,
12/3/2014,$9368.79,
13/3/2014,$8967.69,
14/3/2014,$8868.37,
15/3/2014,$8868.37,
16/3/2014,$8868.37,
17/3/2014,$9187.34,
18/3/2014,$9441.37,
19/3/2014,$9250.37,
20/3/2014,$9458.56,
21/3/2014,$9162.51,
22/3/2014,$9162.51,
23/3/2014,$9162.51,
24/3/2014,$9015.44,
25/3/2014,$9183.52,
26/3/2014,$8927.58,
27/3/2014,$8853.09,
28/3/2014,$9026.90,
29/3/2014,$9026.90,
30/3/2014,$9026.90,
31/3/2014,$9317.22,
1/4/2014,$9554.06,
2/4/2014,$9674.39,
3/4/2014,$9626.64,
4/4/2014,$9200.71,
5/4/2014,$9200.71,
6/4/2014,$9200.71,
7/4/2014,$8807.25,
8/4/2014,$8952.41,
9/4/2014,$9332.50,
10/4/2014,$8581.87,
11/4/2014,$8387.05,
12/4/2014,$8387.05,
13/4/2014,$8387.05,
14/4/2014,$8387.05,
15/4/2014,$8387.05,
16/4/2014,$8387.05,
17/4/2014,$8387.05,
18/4/2014,$8387.05,
19/4/2014,$8387.05,
20/4/2014,$8387.05,
21/4/2014,$8387.05,
22/4/2014,$8510.47,
23/4/2014,$8428.19,
24/4/2014,$8499.25,
25/4/2014,$8211.27,
26/4/2014,$8211.27,
27/4/2014,$8211.27,
28/4/2014,$8321.60,
29/4/2014,$8484.29,
30/4/2014,$8589.01,
1/5/2014,$8592.75,
2/5/2014,$8542.26,
3/5/2014,$8542.26,
4/5/2014,$8542.26,
5/5/2014,$8609.58,
6/5/2014,$8302.90,
7/5/2014,$8508.60,
8/5/2014,$8471.20,
9/5/2014,$8523.56,
10/5/2014,$8523.56,
11/5/2014,$8523.56,
12/5/2014,$8865.77,
13/5/2014,$8897.56,
14/5/2014,$8729.26,
15/5/2014,$8418.84,
16/5/2014,$8540.39,
17/5/2014,$8540.39,
18/5/2014,$8540.39,
19/5/2014,$8669.42,
20/5/2014,$8446.89,
21/5/2014,$8742.35,
22/5/2014,$8828.37,
23/5/2014,$8970.49,
24/5/2014,$8970.49,
25/5/2014,$8970.49,
26/5/2014,$8970.49,
27/5/2014,$9189.28,
28/5/2014,$9163.10,
29/5/2014,$9348.23,
30/5/2014,$9406.20,
31/5/2014,$9406.20,
1/6/2014,$9406.20,
2/6/2014,$9447.34,
3/6/2014,$9428.64,
4/6/2014,$9501.57,
5/6/2014,$9737.19,
6/6/2014,$9911.10,
7/6/2014,$9911.10,
8/6/2014,$9911.10,
9/6/2014,$9948.50,
10/6/2014,$9952.24,
11/6/2014,$9825.08,
12/6/2014,$9567.02,
13/6/2014,$9677.35,
14/6/2014,$9677.35,
15/6/2014,$9677.35,
16/6/2014,$9707.27,
17/6/2014,$9808.25,
18/6/2014,$10075.66,
19/6/2014,$10116.80,
20/6/2014,$10015.82,
21/6/2014,$10015.82,
22/6/2014,$10015.82,
23/6/2014,$10004.60,
24/6/2014,$9783.94,
25/6/2014,$9948.50,
26/6/2014,$9922.32,
27/6/2014,$9993.38,
28/6/2014,$9993.38,
29/6/2014,$9993.38,
30/6/2014,$9974.68,
1/7/2014,$10219.65,
2/7/2014,$10257.05,
3/7/2014,$10438.44,
4/7/2014,$10438.44,
5/7/2014,$10438.44,
6/7/2014,$10438.44,
7/7/2014,$10309.41,
8/7/2014,$10071.92,
9/7/2014,$10236.48,
10/7/2014,$10090.62,
11/7/2014,$10141.11,
12/7/2014,$10141.11,
13/7/2014,$10141.11,
14/7/2014,$10326.24,
15/7/2014,$10257.05,
16/7/2014,$10393.56,
17/7/2014,$9972.81,
18/7/2014,$10346.81,
19/7/2014,$10346.81,
20/7/2014,$10346.81,
21/7/2014,$10277.62,
22/7/2014,$10438.44,
23/7/2014,$10520.72,
24/7/2014,$10522.59,
25/7/2014,$10348.68,
26/7/2014,$10348.68,
27/7/2014,$10348.68,
28/7/2014,$10363.64,
29/7/2014,$10204.69,
30/7/2014,$10210.30,
31/7/2014,$9482.87,
1/8/2014,$9372.54,
2/8/2014,$9372.54,
3/8/2014,$9372.54,
4/8/2014,$9441.73,
5/8/2014,$9441.73,
6/8/2014,$9441.73,
7/8/2014,$9441.73,
8/8/2014,$9441.73,
9/8/2014,$9441.73,
10/8/2014,$9441.73,
11/8/2014,$9441.73,
12/8/2014,$9441.73,
13/8/2014,$9441.73,
14/8/2014,$9441.73,
15/8/2014,$9441.73,
16/8/2014,$9441.73,
17/8/2014,$9441.73,
18/8/2014,$9441.73,
19/8/2014,$9542.38,
20/8/2014,$9639.37,
21/8/2014,$9745.51,
22/8/2014,$9688.78,
23/8/2014,$9688.78,
24/8/2014,$9688.78,
25/8/2014,$9873.61,
26/8/2014,$9897.40,
27/8/2014,$9882.76,
28/8/2014,$9862.63,
29/8/2014,$9966.94,
30/8/2014,$9966.94,
31/8/2014,$9966.94,
1/9/2014,$9966.94,
2/9/2014,$9948.64,
3/9/2014,$9928.51,
4/9/2014,$9875.44,
5/9/2014,$10040.14,
6/9/2014,$10040.14,
7/9/2014,$10040.14,
8/9/2014,$9944.98,
9/9/2014,$9712.57,
10/9/2014,$9849.82,
11/9/2014,$9891.91,
12/9/2014,$9677.80,
13/9/2014,$9677.80,
14/9/2014,$9677.80,
15/9/2014,$9650.35,
16/9/2014,$9924.85,
17/9/2014,$9974.26,
18/9/2014,$10170.07,
19/9/2014,$9965.11,
20/9/2014,$9965.11,
21/9/2014,$9965.11,
22/9/2014,$9681.46,
23/9/2014,$9472.84,
24/9/2014,$9756.49,
25/9/2014,$9167.23,
26/9/2014,$9452.71,
27/9/2014,$9452.71,
28/9/2014,$9452.71,
29/9/2014,$9386.83,
30/9/2014,$9414.28,
1/10/2014,$9414.28,
2/10/2014,$9414.28,
3/10/2014,$9414.28,
4/10/2014,$9414.28,
5/10/2014,$9414.28,
6/10/2014,$9414.28,
7/10/2014,$9414.28,
8/10/2014,$9414.28,
9/10/2014,$9414.28,
10/10/2014,$9414.28,
11/10/2014,$9414.28,
12/10/2014,$9414.28,
13/10/2014,$9414.28,
14/10/2014,$9414.28,
15/10/2014,$9414.28,
16/10/2014,$9414.28,
17/10/2014,$9414.28,
18/10/2014,$9414.28,
19/10/2014,$9414.28,
20/10/2014,$9414.28,
21/10/2014,$9414.28,
22/10/2014,$9414.28,
23/10/2014,$9414.28,
24/10/2014,$9414.28,
25/10/2014,$9414.28,
26/10/2014,$9414.28,
27/10/2014,$9414.28,
28/10/2014,$9414.28,
29/10/2014,$9414.28,
30/10/2014,$9745.48,
31/10/2014,$10165.00,
1/11/2014,$10165.00,
2/11/2014,$10165.00,
3/11/2014,$10185.24,
4/11/2014,$10056.44,
5/11/2014,$10290.12,
6/11/2014,$10439.16,
7/11/2014,$10474.12,
8/11/2014,$10474.12,
9/11/2014,$10474.12,
10/11/2014,$10591.88,
11/11/2014,$10628.68,
12/11/2014,$10588.20,
13/11/2014,$10630.52,
14/11/2014,$10639.72,
15/11/2014,$10639.72,
16/11/2014,$10639.72,
17/11/2014,$10663.64,
18/11/2014,$10880.76,
19/11/2014,$10820.04,
20/11/2014,$10886.28,
21/11/2014,$11088.68,
22/11/2014,$11088.68,
23/11/2014,$11088.68,
24/11/2014,$11195.40,
25/11/2014,$11167.80,
26/11/2014,$11265.32,
27/11/2014,$11265.32,
28/11/2014,$11184.36,
29/11/2014,$11184.36,
30/11/2014,$11184.36,
1/12/2014,$10919.40,
2/12/2014,$11164.12,
3/12/2014,$11311.32,
4/12/2014,$11269.00,
5/12/2014,$11331.56,
6/12/2014,$11331.56,
7/12/2014,$11331.56,
8/12/2014,$11075.80,
9/12/2014,$11050.04,
10/12/2014,$10441.00,
11/12/2014,$10630.52,
12/12/2014,$10023.32,
13/12/2014,$10023.32,
14/12/2014,$10023.32,
15/12/2014,$9769.40,
16/12/2014,$9475.00,
17/12/2014,$10188.92,
18/12/2014,$11107.08,
19/12/2014,$11059.24,
20/12/2014,$11059.24,
21/12/2014,$11059.24,
22/12/2014,$11234.04,
23/12/2014,$11285.56,
24/12/2014,$11289.24,
25/12/2014,$11289.24,
26/12/2014,$11412.52,
27/12/2014,$11412.52,
28/12/2014,$11412.52,
29/12/2014,$11464.04,
30/12/2014,$11257.96,
31/12/2014,$10878.92,
1/1/2015,$10878.92,
2/1/2015,$10858.68,
3/1/2015,$10858.68,
4/1/2015,$10858.68,
5/1/2015,$10176.04,
6/1/2015,$10244.12,
7/1/2015,$10244.12,
8/1/2015,$10244.12,
9/1/2015,$10244.12,
10/1/2015,$10244.12,
11/1/2015,$10244.12,
12/1/2015,$10244.12,
13/1/2015,$10244.12,
14/1/2015,$10244.12,
15/1/2015,$10244.12,
16/1/2015,$10244.12,
17/1/2015,$10244.12,
18/1/2015,$10244.12,
19/1/2015,$10244.12,
20/1/2015,$10244.12,
21/1/2015,$10244.12,
22/1/2015,$10244.12,
23/1/2015,$10244.12,
24/1/2015,$10244.12,
25/1/2015,$10244.12,
26/1/2015,$10244.12,
27/1/2015,$10244.12,
28/1/2015,$10244.12,
29/1/2015,$10244.12,
30/1/2015,$10244.12,
31/1/2015,$10244.12,
1/2/2015,$10244.12,
2/2/2015,$10244.12,
3/2/2015,$10244.12,
4/2/2015,$10244.12,
5/2/2015,$10244.12,
6/2/2015,$10061.31,
7/2/2015,$10061.31,
8/2/2015,$10061.31,
9/2/2015,$9894.79,
10/2/2015,$10289.37,
11/2/2015,$10311.09,
12/2/2015,$10671.28,
13/2/2015,$10826.94,
14/2/2015,$10826.94,
15/2/2015,$10826.94,
16/2/2015,$10826.94,
17/2/2015,$10886.67,
18/2/2015,$10890.29,
19/2/2015,$10863.14,
20/2/2015,$11091.20,
21/2/2015,$11091.20,
22/2/2015,$11091.20,
23/2/2015,$11085.77,
24/2/2015,$11194.37,
25/2/2015,$11161.79,
26/2/2015,$11116.54,
27/2/2015,$10986.22,
28/2/2015,$10986.22,
1/3/2015,$10986.22,
2/3/2015,$11226.95,
3/3/2015,$11069.48,
4/3/2015,$10908.39,
5/3/2015,$10950.02,
6/3/2015,$10414.26,
7/3/2015,$10414.26,
8/3/2015,$10414.26,
9/3/2015,$10569.92,
10/3/2015,$9958.14,
11/3/2015,$9871.26,
12/3/2015,$10341.86,
13/3/2015,$10111.99,
14/3/2015,$10111.99,
15/3/2015,$10111.99,
16/3/2015,$10609.74,
17/3/2015,$10497.52,
18/3/2015,$10950.02,
19/3/2015,$10776.26,
20/3/2015,$10940.97,
21/3/2015,$10940.97,
22/3/2015,$10940.97,
23/3/2015,$10866.76,
24/3/2015,$10653.18,
25/3/2015,$10099.32,
26/3/2015,$10010.63,
27/3/2015,$10095.70,
28/3/2015,$10095.70,
29/3/2015,$10095.70,
30/3/2015,$10320.14,
31/3/2015,$10320.14,
1/4/2015,$10320.14,
2/4/2015,$10320.14,
3/4/2015,$10320.14,
4/4/2015,$10320.14,
5/4/2015,$10320.14,
6/4/2015,$10320.14,
7/4/2015,$10320.14,
8/4/2015,$10320.14,
9/4/2015,$10522.86,
10/4/2015,$10729.20,
11/4/2015,$10729.20,
12/4/2015,$10729.20,
13/4/2015,$10557.25,
14/4/2015,$10629.65,
15/4/2015,$10799.79,
16/4/2015,$10788.93,
17/4/2015,$10350.91,
18/4/2015,$10350.91,
19/4/2015,$10350.91,
20/4/2015,$10694.81,
21/4/2015,$10649.56,
22/4/2015,$10835.99,
23/4/2015,$10931.92,
24/4/2015,$11020.61,
25/4/2015,$11020.61,
26/4/2015,$11020.61,
27/4/2015,$10861.33,
28/4/2015,$10982.60,
29/4/2015,$10825.13,
30/4/2015,$10443.22,
1/5/2015,$10852.28,
2/5/2015,$10852.28,
3/5/2015,$10852.28,
4/5/2015,$10960.88,
5/5/2015,$10522.86,
6/5/2015,$10367.20,
7/5/2015,$10517.43,
8/5/2015,$11015.18,
9/5/2015,$11015.18,
10/5/2015,$11015.18,
11/5/2015,$10832.37,
12/5/2015,$10718.34,
13/5/2015,$10725.58,
14/5/2015,$11121.97,
15/5/2015,$11163.60,
16/5/2015,$11163.60,
17/5/2015,$11163.60,
18/5/2015,$11283.06,
19/5/2015,$11270.39,
20/5/2015,$11243.24,
21/5/2015,$11355.46,
22/5/2015,$11263.15,
23/5/2015,$11263.15,
24/5/2015,$11263.15,
25/5/2015,$11263.15,
26/5/2015,$10848.66,
27/5/2015,$11210.66,
28/5/2015,$11167.22,
29/5/2015,$10928.30,
30/5/2015,$10928.30,
31/5/2015,$10928.30,
1/6/2015,$11006.13,
2/6/2015,$10968.12,
3/6/2015,$11069.48,
4/6/2015,$10745.49,
5/6/2015,$10680.33,
6/6/2015,$10680.33,
7/6/2015,$10680.33,
8/6/2015,$10446.84,
9/6/2015,$10441.41,
10/6/2015,$10441.41,
11/6/2015,$10441.41,
12/6/2015,$10441.41,
13/6/2015,$10441.41,
14/6/2015,$10441.41,
15/6/2015,$10441.41,
16/6/2015,$10441.41,
17/6/2015,$10441.41,
18/6/2015,$10441.41,
19/6/2015,$10441.41,
20/6/2015,$10441.41,
21/6/2015,$10441.41,
22/6/2015,$10437.85,
23/6/2015,$10464.55,
24/6/2015,$10190.43,
25/6/2015,$10076.51,
26/6/2015,$10069.39,
27/6/2015,$10069.39,
28/6/2015,$10069.39,
29/6/2015,$9754.33,
30/6/2015,$9754.33,
1/7/2015,$9754.33,
2/7/2015,$9754.33,
3/7/2015,$9754.33,
4/7/2015,$9754.33,
5/7/2015,$9754.33,
6/7/2015,$9754.33,
7/7/2015,$9754.33,
8/7/2015,$9754.33,
9/7/2015,$9754.33,
10/7/2015,$9754.33,
11/7/2015,$9754.33,
12/7/2015,$9754.33,
13/7/2015,$9754.33,
14/7/2015,$9754.33,
15/7/2015,$9754.33,
16/7/2015,$9754.33,
17/7/2015,$9787.58,
18/7/2015,$9787.58,
19/7/2015,$9787.58,
20/7/2015,$9806.83,
21/7/2015,$9659.83,
22/7/2015,$9593.33,
23/7/2015,$9385.08,
24/7/2015,$9003.58,
25/7/2015,$9003.58,
26/7/2015,$9003.58,
27/7/2015,$8818.08,
28/7/2015,$8818.08,
29/7/2015,$8818.08,
30/7/2015,$8818.08,
31/7/2015,$8818.08,
1/8/2015,$8818.08,
2/8/2015,$8818.08,
3/8/2015,$8702.84,
4/8/2015,$8632.32,
5/8/2015,$8751.00,
6/8/2015,$8788.84,
7/8/2015,$8788.84,
8/8/2015,$8788.84,
9/8/2015,$8788.84,
10/8/2015,$8788.84,
11/8/2015,$8788.84,
12/8/2015,$8788.84,
13/8/2015,$8788.84,
14/8/2015,$8788.84,
15/8/2015,$8788.84,
16/8/2015,$8788.84,
17/8/2015,$8788.84,
18/8/2015,$8788.84,
19/8/2015,$8788.84,
20/8/2015,$8788.84,
21/8/2015,$8788.84,
22/8/2015,$8788.84,
23/8/2015,$8788.84,
24/8/2015,$8788.84,
25/8/2015,$8788.84,
26/8/2015,$8788.84,
27/8/2015,$8788.84,
28/8/2015,$8788.84,
29/8/2015,$8788.84,
30/8/2015,$8788.84,
31/8/2015,$8788.84,
1/9/2015,$8788.84,
2/9/2015,$8788.84,
3/9/2015,$8788.84,
4/9/2015,$8788.84,
5/9/2015,$8788.84,
6/9/2015,$8788.84,
7/9/2015,$8788.84,
8/9/2015,$8788.84,
9/9/2015,$8788.84,
10/9/2015,$8788.84,
11/9/2015,$8788.84,
12/9/2015,$8788.84,
13/9/2015,$8788.84,
14/9/2015,$8788.84,
15/9/2015,$8788.84,
16/9/2015,$8788.84,
17/9/2015,$8788.84,
18/9/2015,$8788.84,
19/9/2015,$8788.84,
20/9/2015,$8788.84,
21/9/2015,$8788.84,
22/9/2015,$8788.84,
23/9/2015,$8788.84,
24/9/2015,$8788.84,
25/9/2015,$8788.84,
26/9/2015,$8788.84,
27/9/2015,$8788.84,
28/9/2015,$8788.84,
29/9/2015,$8788.84,
30/9/2015,$8788.84,
1/10/2015,$8788.84,
2/10/2015,$8788.84,
3/10/2015,$8788.84,
4/10/2015,$8788.84,
5/10/2015,$8788.84,
6/10/2015,$8788.84,
7/10/2015,$8788.84,
8/10/2015,$8788.84,
9/10/2015,$8779.89,
10/10/2015,$8779.89,
11/10/2015,$8779.89,
12/10/2015,$8813.90,
13/10/2015,$8586.57,
14/10/2015,$8414.73,
15/10/2015,$8962.47,
16/10/2015,$9127.15,
17/10/2015,$9127.15,
18/10/2015,$9127.15,
19/10/2015,$9145.05,
20/10/2015,$9098.51,
21/10/2015,$8872.97,
22/10/2015,$9483.36,
23/10/2015,$9886.11,
24/10/2015,$9886.11,
25/10/2015,$9886.11,
26/10/2015,$9794.82,
27/10/2015,$9723.22,
28/10/2015,$10143.87,
29/10/2015,$10122.39,
30/10/2015,$9961.29,
31/10/2015,$9961.29,
1/11/2015,$9961.29,
2/11/2015,$10401.63,
3/11/2015,$10510.82,
4/11/2015,$10396.26,
5/11/2015,$10358.67,
6/11/2015,$10338.98,
7/11/2015,$10338.98,
8/11/2015,$10338.98,
9/11/2015,$9988.14,
10/11/2015,$10074.06,
11/11/2015,$9927.28,
12/11/2015,$9408.18,
13/11/2015,$8996.48,
14/11/2015,$8996.48,
15/11/2015,$8996.48,
16/11/2015,$9547.80,
17/11/2015,$9520.95,
18/11/2015,$10104.49,
19/11/2015,$10072.27,
20/11/2015,$10208.31,
21/11/2015,$10208.31,
22/11/2015,$10208.31,
23/11/2015,$10165.35,
24/11/2015,$10215.47,
25/11/2015,$10210.10,
26/11/2015,$10210.10,
27/11/2015,$10253.06,
28/11/2015,$10253.06,
29/11/2015,$10253.06,
30/11/2015,$10097.33,
1/12/2015,$10453.54,
2/12/2015,$10068.69,
3/12/2015,$9546.01,
4/12/2015,$10263.80,
5/12/2015,$10263.80,
6/12/2015,$10263.80,
7/12/2015,$10036.47,
8/12/2015,$9785.87,
9/12/2015,$9497.68,
10/12/2015,$9592.55,
11/12/2015,$9141.47,
12/12/2015,$9141.47,
13/12/2015,$9141.47,
14/12/2015,$9141.47,
15/12/2015,$9141.47,
16/12/2015,$9141.47,
17/12/2015,$9141.47,
18/12/2015,$9141.47,
19/12/2015,$9141.47,
20/12/2015,$9141.47,
21/12/2015,$9141.47,
22/12/2015,$9141.47,
23/12/2015,$9141.47,
24/12/2015,$9141.47,
25/12/2015,$9141.47,
26/12/2015,$9141.47,
27/12/2015,$9141.47,
28/12/2015,$9141.47,
29/12/2015,$9141.47,
30/12/2015,$9141.47,
31/12/2015,$9141.47,
1/1/2016,$9141.47,
2/1/2016,$9141.47,
3/1/2016,$9141.47,
4/1/2016,$9141.47,
5/1/2016,$9141.47,
6/1/2016,$9141.47,
7/1/2016,$9141.47,
8/1/2016,$9141.47,
9/1/2016,$9141.47,
10/1/2016,$9141.47,
11/1/2016,$9141.47,
12/1/2016,$9141.47,
13/1/2016,$9141.47,
14/1/2016,$9141.47,
15/1/2016,$9141.47,
16/1/2016,$9141.47,
17/1/2016,$9141.47,
18/1/2016,$9141.47,
19/1/2016,$9141.47,
20/1/2016,$9141.47,
21/1/2016,$9141.47,
22/1/2016,$9141.47,
23/1/2016,$9141.47,
24/1/2016,$9141.47,
25/1/2016,$9141.47,
26/1/2016,$9141.47,
27/1/2016,$9141.47,
28/1/2016,$9141.47,
29/1/2016,$9141.47,
30/1/2016,$9141.47,
31/1/2016,$9141.47,
1/2/2016,$9141.47,
2/2/2016,$9141.47,
3/2/2016,$9141.47,
4/2/2016,$9141.47,
5/2/2016,$9141.47,
6/2/2016,$9141.47,
7/2/2016,$9141.47,
8/2/2016,$9141.47,
9/2/2016,$9141.47,
10/2/2016,$9141.47,
11/2/2016,$9141.47,
12/2/2016,$9141.47,
13/2/2016,$9141.47,
14/2/2016,$9141.47,
15/2/2016,$9141.47,
16/2/2016,$9141.47,
17/2/2016,$9141.47,
18/2/2016,$9141.47,
19/2/2016,$9141.47,
20/2/2016,$9141.47,
21/2/2016,$9141.47,
22/2/2016,$9141.47,
23/2/2016,$9141.47,
24/2/2016,$9141.47,
25/2/2016,$9141.47,
26/2/2016,$9141.47,
27/2/2016,$9141.47,
28/2/2016,$9141.47,
29/2/2016,$9141.47,
1/3/2016,$9721.17,
2/3/2016,$9887.60,
3/3/2016,$10033.46,
4/3/2016,$10155.01,
5/3/2016,$10155.01,
6/3/2016,$10155.01,
7/3/2016,$10184.93,
8/3/2016,$9775.40,
9/3/2016,$9958.66,
10/3/2016,$9988.58,
11/3/2016,$10590.72,
12/3/2016,$10590.72,
13/3/2016,$10590.72,
14/3/2016,$10542.10,
15/3/2016,$10480.39,
16/3/2016,$10699.18,
17/3/2016,$10940.41,
18/3/2016,$10893.66,
19/3/2016,$10893.66,
20/3/2016,$10893.66,
21/3/2016,$10947.89,
22/3/2016,$10927.32,
23/3/2016,$10674.87,
24/3/2016,$10658.04,
25/3/2016,$10658.04,
26/3/2016,$10658.04,
27/3/2016,$10658.04,
28/3/2016,$10680.48,
29/3/2016,$11032.04,
30/3/2016,$11200.34,
31/3/2016,$11106.84,
1/4/2016,$11368.64,
2/4/2016,$11368.64,
3/4/2016,$11368.64,
4/4/2016,$11243.35,
5/4/2016,$10858.13,
6/4/2016,$11275.14,
7/4/2016,$10813.25,
8/4/2016,$10916.10,
9/4/2016,$10916.10,
10/4/2016,$10916.10,
11/4/2016,$10826.34,
12/4/2016,$11181.64,
13/4/2016,$11570.60,
14/4/2016,$11572.47,
15/4/2016,$11529.46,
16/4/2016,$11529.46,
17/4/2016,$11529.46,
18/4/2016,$11802.48,
19/4/2016,$11925.90,
20/4/2016,$11963.30,
21/4/2016,$11751.99,
22/4/2016,$11751.99,
23/4/2016,$11751.99,
24/4/2016,$11751.99,
25/4/2016,$11684.67,
26/4/2016,$11742.64,
27/4/2016,$11823.05,
28/4/2016,$11467.75,
29/4/2016,$11258.31,
30/4/2016,$11258.31,
1/5/2016,$11258.31,
2/5/2016,$11564.99,
3/5/2016,$11226.52,
4/5/2016,$11011.47,
5/5/2016,$11003.99,
6/5/2016,$11144.24,
7/5/2016,$11144.24,
8/5/2016,$11144.24,
9/5/2016,$11176.03,
10/5/2016,$11654.75,
11/5/2016,$11290.10,
12/5/2016,$11301.32,
13/5/2016,$10964.72,
14/5/2016,$10964.72,
15/5/2016,$10964.72,
16/5/2016,$11342.46,
17/5/2016,$10981.55,
18/5/2016,$10904.88,
19/5/2016,$10904.88,
20/5/2016,$10904.88,
21/5/2016,$10904.88,
22/5/2016,$10904.88,
23/5/2016,$10904.88,
24/5/2016,$10904.88,
25/5/2016,$11017.12,
26/5/2016,$11028.16,
27/5/2016,$11193.76,
28/5/2016,$11193.76,
29/5/2016,$11193.76,
30/5/2016,$11193.76,
31/5/2016,$11120.16,
1/6/2016,$11199.28,
2/6/2016,$11317.04,
3/6/2016,$11201.12,
4/6/2016,$11201.12,
5/6/2016,$11201.12,
6/6/2016,$11398.00,
7/6/2016,$11458.72,
8/6/2016,$11585.68,
9/6/2016,$11532.32,
10/6/2016,$11162.48,
11/6/2016,$11162.48,
12/6/2016,$11162.48,
13/6/2016,$10864.40,
14/6/2016,$10788.96,
15/6/2016,$10735.60,
16/6/2016,$10849.68,
17/6/2016,$10628.88,
18/6/2016,$10628.88,
19/6/2016,$10628.88,
20/6/2016,$10628.88,
21/6/2016,$10628.88,
22/6/2016,$10628.88,
23/6/2016,$10810.88,
24/6/2016,$9504.12,
25/6/2016,$9504.12,
26/6/2016,$9504.12,
27/6/2016,$9504.12,
28/6/2016,$9504.12,
29/6/2016,$9504.12,
30/6/2016,$9504.12,
1/7/2016,$9504.12,
2/7/2016,$9504.12,
3/7/2016,$9504.12,
4/7/2016,$9504.12,
5/7/2016,$9504.12,
6/7/2016,$9829.86,
7/7/2016,$9806.72,
8/7/2016,$10362.08,
9/7/2016,$10362.08,
10/7/2016,$10362.08,
11/7/2016,$10495.58,
12/7/2016,$10771.48,
13/7/2016,$10766.14,
14/7/2016,$10979.74,
15/7/2016,$10928.12,
16/7/2016,$10928.12,
17/7/2016,$10928.12,
18/7/2016,$11031.36,
19/7/2016,$10992.20,
20/7/2016,$11152.40,
21/7/2016,$11006.44,
22/7/2016,$11179.10,
23/7/2016,$11179.10,
24/7/2016,$11179.10,
25/7/2016,$11074.08,
26/7/2016,$11091.88,
27/7/2016,$11050.94,
28/7/2016,$11095.44,
29/7/2016,$11157.74,
30/7/2016,$11157.74,
31/7/2016,$11157.74,
1/8/2016,$11125.70,
2/8/2016,$10878.28,
3/8/2016,$10990.42,
4/8/2016,$11031.36,
5/8/2016,$11346.42,
6/8/2016,$11346.42,
7/8/2016,$11346.42,
8/8/2016,$11323.28,
9/8/2016,$11346.42,
10/8/2016,$11250.30,
11/8/2016,$11430.08,
12/8/2016,$11396.26,
13/8/2016,$11396.26,
14/8/2016,$11396.26,
15/8/2016,$11508.40,
16/8/2016,$11307.26,
17/8/2016,$11380.24,
18/8/2016,$11467.46,
19/8/2016,$11410.50,
20/8/2016,$11410.50,
21/8/2016,$11410.50,
22/8/2016,$11408.72,
23/8/2016,$11487.04,
24/8/2016,$11287.68,
25/8/2016,$11260.98,
26/8/2016,$11188.00,
27/8/2016,$11188.00,
28/8/2016,$11188.00,
29/8/2016,$11378.46,
30/8/2016,$11314.38,
31/8/2016,$11204.02,
1/9/2016,$11205.80,
2/9/2016,$11380.24,
3/9/2016,$11380.24,
4/9/2016,$11380.24,
5/9/2016,$11380.24,
6/9/2016,$11497.72,
7/9/2016,$11494.16,
8/9/2016,$11405.16,
9/9/2016,$10474.22,
10/9/2016,$10474.22,
11/9/2016,$10474.22,
12/9/2016,$11018.90,
13/9/2016,$10751.90,
14/9/2016,$10751.90,
15/9/2016,$10751.90,
16/9/2016,$10751.90,
17/9/2016,$10751.90,
18/9/2016,$10751.90,
19/9/2016,$10751.90,
20/9/2016,$10751.90,
21/9/2016,$10751.90,
22/9/2016,$10751.90,
23/9/2016,$10751.90,
24/9/2016,$10751.90,
25/9/2016,$10751.90,
26/9/2016,$10751.90,
27/9/2016,$10751.90,
28/9/2016,$10751.90,
29/9/2016,$10751.90,
30/9/2016,$10751.90,
1/10/2016,$10751.90,
2/10/2016,$10751.90,
3/10/2016,$10751.90,
4/10/2016,$10751.90,
5/10/2016,$10751.90,
6/10/2016,$10751.90,
7/10/2016,$10751.90,
8/10/2016,$10751.90,
9/10/2016,$10751.90,
10/10/2016,$10751.90,
11/10/2016,$10751.90,
12/10/2016,$10751.90,
13/10/2016,$10751.90,
14/10/2016,$10751.90,
15/10/2016,$10751.90,
16/10/2016,$10751.90,
17/10/2016,$10751.90,
18/10/2016,$10751.90,
19/10/2016,$10751.90,
20/10/2016,$10751.90,
21/10/2016,$10751.90,
22/10/2016,$10751.90,
23/10/2016,$10751.90,
24/10/2016,$10751.90,
25/10/2016,$10751.90,
26/10/2016,$10751.90,
27/10/2016,$10751.90,
28/10/2016,$10751.90,
29/10/2016,$10751.90,
30/10/2016,$10751.90,
31/10/2016,$10751.90,
1/11/2016,$10751.90,
2/11/2016,$10751.90,
3/11/2016,$10751.90,
4/11/2016,$10751.90,
5/11/2016,$10751.90,
6/11/2016,$10751.90,
7/11/2016,$10751.90,
8/11/2016,$10751.90,
9/11/2016,$10751.90,
10/11/2016,$10751.90,
11/11/2016,$10812.08,
12/11/2016,$10812.08,
13/11/2016,$10812.08,
14/11/2016,$10842.17,
15/11/2016,$11141.30,
16/11/2016,$11068.73,
17/11/2016,$11266.97,
18/11/2016,$11180.24,
19/11/2016,$11180.24,
20/11/2016,$11180.24,
21/11/2016,$11472.29,
22/11/2016,$11548.40,
23/11/2016,$11569.64,
24/11/2016,$11569.64,
25/11/2016,$11714.78,
26/11/2016,$11714.78,
27/11/2016,$11714.78,
28/11/2016,$11530.70,
29/11/2016,$11606.81,
30/11/2016,$11513.00,
1/12/2016,$11369.63,
2/12/2016,$11389.10,
3/12/2016,$11389.10,
4/12/2016,$11389.10,
5/12/2016,$11622.74,
6/12/2016,$11746.64,
7/12/2016,$12259.94,
8/12/2016,$12357.29,
9/12/2016,$12598.01,
10/12/2016,$12598.01,
11/12/2016,$12598.01,
12/12/2016,$12551.99,
13/12/2016,$12819.26,
14/12/2016,$12486.50,
15/12/2016,$12651.11,
16/12/2016,$12337.82,
17/12/2016,$12337.82,
18/12/2016,$12337.82,
19/12/2016,$12424.55,
20/12/2016,$12578.54,
21/12/2016,$12467.03,
22/12/2016,$12398.00,
23/12/2016,$12456.41,
24/12/2016,$12456.41,
25/12/2016,$12456.41,
26/12/2016,$12456.41,
27/12/2016,$12555.53,
28/12/2016,$12224.54,
29/12/2016,$12215.69,
30/12/2016,$12070.55,
31/12/2016,$12070.55,
1/1/2017,$12070.55,
2/1/2017,$12070.55,
3/1/2017,$12373.22,
4/1/2017,$12610.40,
5/1/2017,$12578.54,
6/1/2017,$12721.91,
7/1/2017,$12721.91,
8/1/2017,$12721.91,
9/1/2017,$12589.16,
10/1/2017,$12589.16,
11/1/2017,$12702.44,
12/1/2017,$12601.55,
13/1/2017,$12693.59,
14/1/2017,$12693.59,
15/1/2017,$12693.59,
16/1/2017,$12693.59,
17/1/2017,$12551.99,
18/1/2017,$12640.49,
19/1/2017,$12491.81,
20/1/2017,$12638.72,
21/1/2017,$12638.72,
22/1/2017,$12638.72,
23/1/2017,$12534.29,
24/1/2017,$12790.94,
25/1/2017,$13139.63,
26/1/2017,$13097.15,
27/1/2017,$13033.43,
28/1/2017,$13033.43,
29/1/2017,$13033.43,
30/1/2017,$12782.09,
31/1/2017,$12778.55,
1/2/2017,$12794.48,
2/2/2017,$12821.03,
3/2/2017,$13098.92,
4/2/2017,$13098.92,
5/2/2017,$13098.92,
6/2/2017,$13026.35,
7/2/2017,$13028.12,
8/2/2017,$13081.22,
9/2/2017,$13321.94,
10/2/2017,$13483.01,
11/2/2017,$13483.01,
12/2/2017,$13483.01,
13/2/2017,$13706.03,
14/2/2017,$13870.64,
15/2/2017,$14086.58,
16/2/2017,$14051.18,
17/2/2017,$14116.67,
18/2/2017,$14116.67,
19/2/2017,$14116.67,
20/2/2017,$14116.67,
21/2/2017,$14364.47,
22/2/2017,$14327.30,
23/2/2017,$14355.62,
24/2/2017,$14408.72,
25/2/2017,$14408.72,
26/2/2017,$14408.72,
27/2/2017,$14474.21,
28/2/2017,$14360.93,
1/3/2017,$14946.80,
2/3/2017,$14679.53,
3/3/2017,$14706.08,
4/3/2017,$14706.08,
5/3/2017,$14706.08,
6/3/2017,$14580.41,
7/3/2017,$14454.74,
8/3/2017,$14376.86,
9/3/2017,$14429.96,
10/3/2017,$14576.87,
11/3/2017,$14576.87,
12/3/2017,$14576.87,
13/3/2017,$14598.11,
14/3/2017,$14437.04,
15/3/2017,$14799.89,
16/3/2017,$14716.70,
17/3/2017,$14460.05,
18/3/2017,$14460.05,
19/3/2017,$14460.05,
20/3/2017,$14414.03,
21/3/2017,$13875.95,
22/3/2017,$13973.30,
23/3/2017,$13929.05,
24/3/2017,$13898.96,
25/3/2017,$13898.96,
26/3/2017,$13898.96,
27/3/2017,$13856.48,
28/3/2017,$14157.38,
29/3/2017,$14196.32,
30/3/2017,$14329.07,
31/3/2017,$14231.72,
1/4/2017,$14231.72,
2/4/2017,$14231.72,
3/4/2017,$14159.15,
4/4/2017,$14185.70,
5/4/2017,$14061.80,
6/4/2017,$14178.62,
7/4/2017,$14136.14,
8/4/2017,$14136.14,
9/4/2017,$14136.14,
10/4/2017,$14160.92,
11/4/2017,$14111.36,
12/4/2017,$13929.05,
13/4/2017,$13860.02,
14/4/2017,$13860.02,
15/4/2017,$13860.02,
16/4/2017,$13860.02,
17/4/2017,$13860.02,
18/4/2017,$13860.02,
19/4/2017,$13860.02,
20/4/2017,$13860.02,
21/4/2017,$13860.02,
22/4/2017,$13860.02,
23/4/2017,$13860.02,
24/4/2017,$13860.02,
25/4/2017,$13860.02,
26/4/2017,$13840.77,
27/4/2017,$13875.77,
28/4/2017,$13784.77,
29/4/2017,$13784.77,
30/4/2017,$13784.77,
1/5/2017,$13889.77,
2/5/2017,$13905.52,
3/5/2017,$13854.77,
4/5/2017,$13903.77,
5/5/2017,$14068.27,
6/5/2017,$14068.27,
7/5/2017,$14068.27,
8/5/2017,$14061.27,
9/5/2017,$14022.77,
10/5/2017,$14098.02,
11/5/2017,$14012.27,
12/5/2017,$13942.27,
13/5/2017,$13942.27,
14/5/2017,$13942.27,
15/5/2017,$14173.27,
16/5/2017,$14134.77,
17/5/2017,$13389.27,
18/5/2017,$13555.52,
19/5/2017,$13825.02,
20/5/2017,$13825.02,
21/5/2017,$13825.02,
22/5/2017,$14036.77,
23/5/2017,$14129.52,
24/5/2017,$14227.52,
25/5/2017,$14428.77,
26/5/2017,$14420.02,
27/5/2017,$14420.02,
28/5/2017,$14420.02,
29/5/2017,$14420.02,
30/5/2017,$14383.27,
31/5/2017,$14372.77,
1/6/2017,$14708.77,
2/6/2017,$14850.52,
3/6/2017,$14850.52,
4/6/2017,$14850.52,
5/6/2017,$14819.02,
6/6/2017,$14682.52,
7/6/2017,$14761.27,
8/6/2017,$14782.27,
9/6/2017,$14717.52,
10/6/2017,$14717.52,
11/6/2017,$14717.52,
12/6/2017,$14708.77,
13/6/2017,$14917.02,
14/6/2017,$14862.77,
15/6/2017,$14780.52,
16/6/2017,$14582.77,
17/6/2017,$14582.77,
18/6/2017,$14582.77,
19/6/2017,$14936.27,
20/6/2017,$14647.52,
21/6/2017,$14637.02,
22/6/2017,$14617.77,
23/6/2017,$14668.52,
24/6/2017,$14668.52,
25/6/2017,$14668.52,
26/6/2017,$14696.52,
27/6/2017,$14353.52,
28/6/2017,$14731.52,
29/6/2017,$14357.02,
30/6/2017,$14435.77,
1/7/2017,$14435.77,
2/7/2017,$14435.77,
3/7/2017,$14507.52,
4/7/2017,$14507.52,
5/7/2017,$14605.52,
6/7/2017,$14217.02,
7/7/2017,$14490.02,
8/7/2017,$14490.02,
9/7/2017,$14490.02,
10/7/2017,$14535.52,
11/7/2017,$14504.02,
12/7/2017,$14822.52,
13/7/2017,$14894.27,
14/7/2017,$15093.77,
15/7/2017,$15093.77,
16/7/2017,$15093.77,
17/7/2017,$15088.52,
18/7/2017,$15111.27,
19/7/2017,$15344.02,
20/7/2017,$15363.27,
21/7/2017,$15324.77,
22/7/2017,$15324.77,
23/7/2017,$15324.77,
24/7/2017,$15314.27,
25/7/2017,$15419.27,
26/7/2017,$15421.02,
27/7/2017,$15380.77,
28/7/2017,$15330.02,
29/7/2017,$15330.02,
30/7/2017,$15330.02,
31/7/2017,$15305.52,
1/8/2017,$15401.77,
2/8/2017,$15422.77,
3/8/2017,$15338.77,
4/8/2017,$15417.52,
5/8/2017,$15417.52,
6/8/2017,$15417.52,
7/8/2017,$15498.02,
8/8/2017,$15391.27,
9/8/2017,$15389.52,
10/8/2017,$14778.77,
11/8/2017,$14841.77,
12/8/2017,$14841.77,
13/8/2017,$14841.77,
14/8/2017,$15265.27,
15/8/2017,$15260.02,
16/8/2017,$15335.27,
17/8/2017,$14661.52,
18/8/2017,$14595.02,
19/8/2017,$14595.02,
20/8/2017,$14595.02,
21/8/2017,$14582.77,
22/8/2017,$14582.77,
23/8/2017,$14582.77,
24/8/2017,$14582.77,
25/8/2017,$14582.77,
26/8/2017,$14582.77,
27/8/2017,$14582.77,
28/8/2017,$14582.77,
29/8/2017,$14582.77,
30/8/2017,$14582.77,
31/8/2017,$14715.98,
1/9/2017,$14776.53,
2/9/2017,$14776.53,
3/9/2017,$14776.53,
4/9/2017,$14776.53,
5/9/2017,$14468.59,
6/9/2017,$14613.91,
7/9/2017,$14608.72,
8/9/2017,$14558.55,
9/9/2017,$14558.55,
10/9/2017,$14558.55,
11/9/2017,$15013.54,
12/9/2017,$15158.86,
13/9/2017,$15179.62,
14/9/2017,$15165.78,
15/9/2017,$15010.08,
16/9/2017,$15010.08,
17/9/2017,$15010.08,
18/9/2017,$15101.77,
19/9/2017,$15145.02,
20/9/2017,$15160.59,
21/9/2017,$15044.68,
22/9/2017,$15053.33,
23/9/2017,$15053.33,
24/9/2017,$15053.33,
25/9/2017,$14965.10,
26/9/2017,$14991.05,
27/9/2017,$15158.86,
28/9/2017,$15210.76,
29/9/2017,$15363.00,
30/9/2017,$15363.00,
1/10/2017,$15363.00,
2/10/2017,$15551.57,
3/10/2017,$15644.99,
4/10/2017,$15696.89,
5/10/2017,$15956.39,
6/10/2017,$15906.22,
7/10/2017,$15906.22,
8/10/2017,$15906.22,
9/10/2017,$15833.56,
10/10/2017,$15949.47,
11/10/2017,$16018.67,
12/10/2017,$15952.93,
13/10/2017,$16006.56,
14/10/2017,$16006.56,
15/10/2017,$16006.56,
16/10/2017,$16065.38,
17/10/2017,$16096.52,
18/10/2017,$16139.77,
19/10/2017,$16151.88,
20/10/2017,$16380.24,
21/10/2017,$16380.24,
22/10/2017,$16380.24,
23/10/2017,$16207.24,
24/10/2017,$16285.09,
25/10/2017,$16065.38,
26/10/2017,$16122.47,
27/10/2017,$16484.04,
28/10/2017,$16484.04,
29/10/2017,$16484.04,
30/10/2017,$16317.96,
31/10/2017,$16387.16,
1/11/2017,$16445.98,
2/11/2017,$16463.28,
3/11/2017,$16612.06,
4/11/2017,$16612.06,
5/11/2017,$16612.06,
6/11/2017,$16681.26,
7/11/2017,$16650.12,
8/11/2017,$16726.24,
9/11/2017,$16563.62,
10/11/2017,$16549.78,
11/11/2017,$16549.78,
12/11/2017,$16549.78,
13/11/2017,$16591.30,
14/11/2017,$16487.50,
15/11/2017,$16264.33,
16/11/2017,$16641.47,
17/11/2017,$16509.99,
18/11/2017,$16509.99,
19/11/2017,$16509.99,
20/11/2017,$16586.11,
21/11/2017,$16878.48,
22/11/2017,$16838.69,
23/11/2017,$16838.69,
24/11/2017,$16942.49,
25/11/2017,$16942.49,
26/11/2017,$16942.49,
27/11/2017,$16920.00,
28/11/2017,$17376.72,
29/11/2017,$17349.04,
30/11/2017,$17746.94,
1/12/2017,$17651.79,
2/12/2017,$17651.79,
3/12/2017,$17651.79,
4/12/2017,$17596.43,
5/12/2017,$17432.08,
6/12/2017,$17440.73,
7/12/2017,$17584.32,
8/12/2017,$17833.44,
9/12/2017,$17833.44,
10/12/2017,$17833.44,
11/12/2017,$17971.84,
12/12/2017,$18053.15,
13/12/2017,$18047.96,
14/12/2017,$17859.39,
15/12/2017,$18006.44,
16/12/2017,$18006.44,
17/12/2017,$18006.44,
18/12/2017,$18298.81,
19/12/2017,$18120.62,
20/12/2017,$18096.40,
21/12/2017,$18191.55,
22/12/2017,$18179.44,
23/12/2017,$18179.44,
24/12/2017,$18179.44,
25/12/2017,$18179.44,
26/12/2017,$18124.08,
27/12/2017,$18146.57,
28/12/2017,$18241.72,
29/12/2017,$18066.99,
30/12/2017,$18066.99,
31/12/2017,$18066.99,
1/1/2018,$18066.99,
2/1/2018,$18397.42,
3/1/2018,$18691.52,
4/1/2018,$18888.74,
5/1/2018,$19201.87,
6/1/2018,$19201.87,
7/1/2018,$19201.87,
8/1/2018,$19288.37,
9/1/2018,$19395.63,
10/1/2018,$19322.97,
11/1/2018,$19668.97,
12/1/2018,$19980.37,
13/1/2018,$19980.37,
14/1/2018,$19980.37,
15/1/2018,$19980.37,
16/1/2018,$19816.02,
17/1/2018,$20272.74,
18/1/2018,$20191.43,
19/1/2018,$20411.14,
20/1/2018,$20411.14,
21/1/2018,$20411.14,
22/1/2018,$20805.58,
23/1/2018,$20909.38,
24/1/2018,$20890.35,
25/1/2018,$20911.11,
26/1/2018,$21478.55,
27/1/2018,$21478.55,
28/1/2018,$21478.55,
29/1/2018,$21149.85,
30/1/2018,$20644.69,
31/1/2018,$20668.91,
1/2/2018,$20613.55,
2/2/2018,$19553.06,
3/2/2018,$19553.06,
4/2/2018,$19553.06,
5/2/2018,$17560.10,
6/2/2018,$18459.70,
7/2/2018,$18207.12,
8/2/2018,$18265.94,
9/2/2018,$18265.94,
10/2/2018,$18265.94,
11/2/2018,$18265.94,
12/2/2018,$18265.94,
13/2/2018,$18265.94,
14/2/2018,$18265.94,
15/2/2018,$18265.94,
16/2/2018,$18265.94,
17/2/2018,$18265.94,
18/2/2018,$18265.94,
19/2/2018,$18265.94,
20/2/2018,$18265.94,
21/2/2018,$18265.94,
22/2/2018,$18265.94,
23/2/2018,$18265.94,
24/2/2018,$18265.94,
25/2/2018,$18265.94,
26/2/2018,$18600.84,
27/2/2018,$18010.94,
28/2/2018,$17538.34,
1/3/2018,$16866.84,
2/3/2018,$16543.84,
3/3/2018,$16543.84,
4/3/2018,$16543.84,
5/3/2018,$16543.84,
6/3/2018,$16543.84,
7/3/2018,$16543.84,
8/3/2018,$16543.84,
9/3/2018,$17063.72,
10/3/2018,$17063.72,
11/3/2018,$17063.72,
12/3/2018,$17006.32,
13/3/2018,$16711.12,
14/3/2018,$16478.24,
15/3/2018,$16429.04,
16/3/2018,$16297.84,
17/3/2018,$16297.84,
18/3/2018,$16297.84,
19/3/2018,$16158.44,
20/3/2018,$16158.44,
21/3/2018,$16158.44,
22/3/2018,$16158.44,
23/3/2018,$16158.44,
24/3/2018,$16158.44,
25/3/2018,$16158.44,
26/3/2018,$16158.44,
27/3/2018,$16158.44,
28/3/2018,$16158.44,
29/3/2018,$16158.44,
30/3/2018,$16158.44,
31/3/2018,$16158.44,
1/4/2018,$16158.44,
2/4/2018,$16158.44,
3/4/2018,$16158.44,
4/4/2018,$16158.44,
5/4/2018,$16158.44,
6/4/2018,$16158.44,
7/4/2018,$16158.44,
8/4/2018,$16158.44,
9/4/2018,$16158.44,
10/4/2018,$16158.44,
11/4/2018,$16158.44,
12/4/2018,$16158.44,
13/4/2018,$16158.44,
14/4/2018,$16158.44,
15/4/2018,$16158.44,
16/4/2018,$16158.44,
17/4/2018,$16158.44,
18/4/2018,$16158.44,
19/4/2018,$16032.28,
20/4/2018,$15653.80,
21/4/2018,$15653.80,
22/4/2018,$15653.80,
23/4/2018,$15647.16,
24/4/2018,$15839.72,
25/4/2018,$15839.72,
26/4/2018,$15839.72,
27/4/2018,$15839.72,
28/4/2018,$15839.72,
29/4/2018,$15839.72,
30/4/2018,$15839.72,
1/5/2018,$15839.72,
2/5/2018,$15839.72,
3/5/2018,$15839.72,
4/5/2018,$15839.72,
5/5/2018,$15839.72,
6/5/2018,$15839.72,
7/5/2018,$15839.72,
8/5/2018,$15839.72,
9/5/2018,$15839.72,
10/5/2018,$16116.92,
11/5/2018,$16253.87,
12/5/2018,$16253.87,
13/5/2018,$16253.87,
14/5/2018,$16275.32,
15/5/2018,$15965.12,
16/5/2018,$16153.22,
17/5/2018,$16115.27,
18/5/2018,$16003.07,
19/5/2018,$16003.07,
20/5/2018,$16003.07,
21/5/2018,$16339.67,
22/5/2018,$16214.27,
23/5/2018,$16338.02,
24/5/2018,$16245.62,
25/5/2018,$16138.37,
26/5/2018,$16138.37,
27/5/2018,$16138.37,
28/5/2018,$16138.37,
29/5/2018,$15621.92,
30/5/2018,$16214.27,
31/5/2018,$15938.72,
1/6/2018,$16377.62,
2/6/2018,$16377.62,
3/6/2018,$16377.62,
4/6/2018,$16592.12,
5/6/2018,$16625.12,
6/6/2018,$17004.62,
7/6/2018,$16999.67,
8/6/2018,$17134.97,
9/6/2018,$17134.97,
10/6/2018,$17134.97,
11/6/2018,$17196.02,
12/6/2018,$17255.42,
13/6/2018,$17108.57,
14/6/2018,$17224.07,
15/6/2018,$16960.07,
16/6/2018,$16960.07,
17/6/2018,$16960.07,
18/6/2018,$16866.02,
19/6/2018,$16691.12,
20/6/2018,$16768.67,
21/6/2018,$16483.22,
22/6/2018,$16565.72,
23/6/2018,$16565.72,
24/6/2018,$16565.72,
25/6/2018,$15948.62,
26/6/2018,$16047.62,
27/6/2018,$15676.37,
28/6/2018,$15930.47,
29/6/2018,$16133.42,
30/6/2018,$16133.42,
1/7/2018,$16133.42,
2/7/2018,$16133.42,
3/7/2018,$16133.42,
4/7/2018,$16133.42,
5/7/2018,$16133.42,
6/7/2018,$16509.62,
7/7/2018,$16509.62,
8/7/2018,$16509.62,
9/7/2018,$16918.82,
10/7/2018,$17083.82,
11/7/2018,$16747.22,
12/7/2018,$17161.37,
13/7/2018,$17197.67,
14/7/2018,$17197.67,
15/7/2018,$17197.67,
16/7/2018,$17156.42,
17/7/2018,$17342.87,
18/7/2018,$17440.22,
19/7/2018,$17265.32,
20/7/2018,$17212.52,
21/7/2018,$17212.52,
22/7/2018,$17212.52,
23/7/2018,$17298.32,
24/7/2018,$17530.97,
25/7/2018,$17926.97,
26/7/2018,$17816.42,
27/7/2018,$17499.62,
28/7/2018,$17499.62,
29/7/2018,$17499.62,
30/7/2018,$17257.07,
31/7/2018,$17484.77,
1/8/2018,$17407.22,
2/8/2018,$17659.67,
3/8/2018,$17859.32,
4/8/2018,$17859.32,
5/8/2018,$17859.32,
6/8/2018,$18030.92,
7/8/2018,$18186.02,
8/8/2018,$18166.22,
9/8/2018,$18101.87,
10/8/2018,$17786.72,
11/8/2018,$17786.72,
12/8/2018,$17786.72,
13/8/2018,$17611.82,
14/8/2018,$17908.82,
15/8/2018,$17559.02,
16/8/2018,$17935.22,
17/8/2018,$18100.22,
18/8/2018,$18100.22,
19/8/2018,$18100.22,
20/8/2018,$18200.87,
21/8/2018,$18311.42,
22/8/2018,$18283.37,
23/8/2018,$18220.67,
24/8/2018,$18504.47,
25/8/2018,$18504.47,
26/8/2018,$18504.47,
27/8/2018,$18879.02,
28/8/2018,$18902.12,
29/8/2018,$19159.52,
30/8/2018,$18964.82,
31/8/2018,$18966.47,
1/9/2018,$18966.47,
2/9/2018,$18966.47,
3/9/2018,$18966.47,
4/9/2018,$18883.97,
5/9/2018,$18755.27,
6/9/2018,$18611.72,
7/9/2018,$18519.32,
8/9/2018,$18519.32,
9/9/2018,$18519.32,
10/9/2018,$18601.82,
11/9/2018,$18758.57,
12/9/2018,$18770.12,
13/9/2018,$19052.27,
14/9/2018,$19060.52,
15/9/2018,$19060.52,
16/9/2018,$19060.52,
17/9/2018,$18806.42,
18/9/2018,$19065.47,
19/9/2018,$19116.62,
20/9/2018,$19506.02,
21/9/2018,$19243.67,
22/9/2018,$19243.67,
23/9/2018,$19243.67,
24/9/2018,$19083.62,
25/9/2018,$19039.07,
26/9/2018,$18895.52,
27/9/2018,$19029.17,
28/9/2018,$19034.12,
29/9/2018,$19034.12,
30/9/2018,$19034.12,
1/10/2018,$19200.77,
2/10/2018,$19172.72,
3/10/2018,$19199.12,
4/10/2018,$18822.92,
5/10/2018,$18555.62,
6/10/2018,$18555.62,
7/10/2018,$18555.62,
8/10/2018,$18555.62,
9/10/2018,$18486.32,
10/10/2018,$18392.27,
11/10/2018,$18392.27,
12/10/2018,$18392.27,
13/10/2018,$18392.27,
14/10/2018,$18392.27,
15/10/2018,$18392.27,
16/10/2018,$18392.27,
17/10/2018,$18392.27,
18/10/2018,$18392.27,
19/10/2018,$18392.27,
20/10/2018,$18392.27,
21/10/2018,$18392.27,
22/10/2018,$18392.27,
23/10/2018,$18392.27,
24/10/2018,$18392.27,
25/10/2018,$18392.27,
26/10/2018,$18392.27,
27/10/2018,$18392.27,
28/10/2018,$18392.27,
29/10/2018,$18392.27,
30/10/2018,$18392.27,
31/10/2018,$18392.27,
1/11/2018,$18392.27,
2/11/2018,$18392.27,
3/11/2018,$18392.27,
4/11/2018,$18392.27,
5/11/2018,$18392.27,
6/11/2018,$18392.27,
7/11/2018,$18392.27,
8/11/2018,$18392.27,
9/11/2018,$18392.27,
10/11/2018,$18392.27,
11/11/2018,$18392.27,
12/11/2018,$18392.27,
13/11/2018,$18392.27,
14/11/2018,$18392.27,
15/11/2018,$18392.27,
16/11/2018,$18392.27,
17/11/2018,$18392.27,
18/11/2018,$18392.27,
19/11/2018,$18392.27,
20/11/2018,$18392.27,
21/11/2018,$18392.27,
22/11/2018,$18392.27,
23/11/2018,$18392.27,
24/11/2018,$18392.27,
25/11/2018,$18392.27,
26/11/2018,$18392.27,
27/11/2018,$18392.27,
28/11/2018,$18392.27,
29/11/2018,$18392.27,
30/11/2018,$18392.27,
1/12/2018,$18392.27,
2/12/2018,$18392.27,
3/12/2018,$18392.27,
4/12/2018,$18392.27,
5/12/2018,$18392.27,
6/12/2018,$18392.27,
7/12/2018,$18392.27,
8/12/2018,$18392.27,
9/12/2018,$18392.27,
10/12/2018,$18392.27,
11/12/2018,$18392.27,
12/12/2018,$18392.27,
13/12/2018,$18392.27,
14/12/2018,$18392.27,
15/12/2018,$18392.27,
16/12/2018,$18392.27,
17/12/2018,$18392.27,
18/12/2018,$18392.27,
19/12/2018,$18392.27,
20/12/2018,$18392.27,
21/12/2018,$18392.27,
22/12/2018,$18392.27,
23/12/2018,$18392.27,
24/12/2018,$18392.27,
25/12/2018,$18392.27,
26/12/2018,$18392.27,
27/12/2018,$18392.27,
28/12/2018,$18392.27,
29/12/2018,$18392.27,
30/12/2018,$18392.27,
31/12/2018,$18392.27,
1/1/2019,$18392.27,
2/1/2019,$18392.27,
3/1/2019,$18392.27,
4/1/2019,$18392.27,
5/1/2019,$18392.27,
6/1/2019,$18392.27,
7/1/2019,$18392.27,
8/1/2019,$18392.27,
9/1/2019,$18392.27,
10/1/2019,$18392.27,
11/1/2019,$18392.27,
12/1/2019,$18392.27,
13/1/2019,$18392.27,
14/1/2019,$18392.27,
15/1/2019,$18392.27,
16/1/2019,$18392.27,
17/1/2019,$18392.27,
18/1/2019,$18392.27,
19/1/2019,$18392.27,
20/1/2019,$18392.27,
21/1/2019,$18392.27,
22/1/2019,$18039.47,
23/1/2019,$18138.47,
24/1/2019,$18163.67,
25/1/2019,$18565.07,
26/1/2019,$18565.07,
27/1/2019,$18565.07,
28/1/2019,$18201.47,
29/1/2019,$18138.47,
30/1/2019,$18889.07,
31/1/2019,$19312.07,
1/2/2019,$19335.47,
2/2/2019,$19335.47,
3/2/2019,$19335.47,
4/2/2019,$19677.47,
5/2/2019,$19882.67,
6/2/2019,$19817.87,
7/2/2019,$19349.87,
8/2/2019,$19409.27,
9/2/2019,$19409.27,
10/2/2019,$19409.27,
11/2/2019,$19436.27,
12/2/2019,$20062.67,
13/2/2019,$20222.87,
14/2/2019,$20113.07,
15/2/2019,$20651.27,
16/2/2019,$20651.27,
17/2/2019,$20651.27,
18/2/2019,$20651.27,
19/2/2019,$20737.67,
20/2/2019,$20838.47,
21/2/2019,$20660.27,
22/2/2019,$20969.87,
23/2/2019,$20969.87,
24/2/2019,$20969.87,
25/2/2019,$21038.27,
26/2/2019,$21002.27,
27/2/2019,$20980.67,
28/2/2019,$20887.07,
1/3/2019,$21200.27,
2/3/2019,$21200.27,
3/3/2019,$21200.27,
4/3/2019,$21016.67,
5/3/2019,$20948.27,
6/3/2019,$20644.07,
7/3/2019,$20226.47,
8/3/2019,$20127.47,
9/3/2019,$20127.47,
10/3/2019,$20127.47,
11/3/2019,$20843.87,
12/3/2019,$21032.87,
13/3/2019,$21365.87,
14/3/2019,$21333.47,
15/3/2019,$21360.47,
16/3/2019,$21360.47,
17/3/2019,$21360.47,
18/3/2019,$21544.07,
19/3/2019,$21556.67,
20/3/2019,$21403.67,
21/3/2019,$21976.07,
22/3/2019,$20989.67,
23/3/2019,$20989.67,
24/3/2019,$20989.67,
25/3/2019,$20951.87,
26/3/2019,$21326.27,
27/3/2019,$21061.67,
28/3/2019,$21252.47,
29/3/2019,$21571.07,
30/3/2019,$21571.07,
31/3/2019,$21571.07,
1/4/2019,$22174.07,
2/4/2019,$22199.27,
3/4/2019,$22280.27,
4/4/2019,$22417.07,
5/4/2019,$22667.27,
6/4/2019,$22667.27,
7/4/2019,$22667.27,
8/4/2019,$22706.87,
9/4/2019,$22440.47,
10/4/2019,$22616.87,
11/4/2019,$22602.47,
12/4/2019,$22953.47,
13/4/2019,$22953.47,
14/4/2019,$22953.47,
15/4/2019,$22919.27,
16/4/2019,$22953.47,
17/4/2019,$22825.67,
18/4/2019,$22928.27,
19/4/2019,$22928.27,
20/4/2019,$22928.27,
21/4/2019,$22928.27,
22/4/2019,$22973.27,
23/4/2019,$23443.07,
24/4/2019,$23326.07,
25/4/2019,$23293.67,
26/4/2019,$23538.47,
27/4/2019,$23538.47,
28/4/2019,$23538.47,
29/4/2019,$23621.27,
30/4/2019,$23648.27,
1/5/2019,$23250.47,
2/5/2019,$23137.07,
3/5/2019,$23650.07,
4/5/2019,$23650.07,
5/5/2019,$23650.07,
6/5/2019,$23432.27,
7/5/2019,$22552.07,
8/5/2019,$22480.07,
9/5/2019,$22323.47,
10/5/2019,$22582.67,
11/5/2019,$22582.67,
12/5/2019,$22582.67,
13/5/2019,$21279.47,
14/5/2019,$21482.87,
15/5/2019,$21482.87,
16/5/2019,$21482.87,
17/5/2019,$21482.87,
18/5/2019,$21482.87,
19/5/2019,$21482.87,
20/5/2019,$21482.87,
21/5/2019,$21482.87,
22/5/2019,$21482.87,
23/5/2019,$21482.87,
24/5/2019,$21482.87,
25/5/2019,$21482.87,
26/5/2019,$21482.87,
27/5/2019,$21482.87,
28/5/2019,$21482.87,
29/5/2019,$21482.87,
30/5/2019,$21482.87,
31/5/2019,$21482.87,
1/6/2019,$21482.87,
2/6/2019,$21482.87,
3/6/2019,$21482.87,
4/6/2019,$21482.87,
5/6/2019,$21482.87,
6/6/2019,$21482.87,
7/6/2019,$21482.87,
8/6/2019,$21482.87,
9/6/2019,$21482.87,
10/6/2019,$21482.87,
11/6/2019,$21482.87,
12/6/2019,$21438.87,
13/6/2019,$21648.31,
14/6/2019,$21591.99,
15/6/2019,$21591.99,
16/6/2019,$21591.99,
17/6/2019,$21611.35,
18/6/2019,$22144.63,
19/6/2019,$22260.79,
20/6/2019,$22753.59,
21/6/2019,$22426.23,
22/6/2019,$22426.23,
23/6/2019,$22426.23,
24/6/2019,$22362.87,
25/6/2019,$21855.99,
26/6/2019,$21804.95,
27/6/2019,$21986.23,
28/6/2019,$22250.23,
29/6/2019,$22250.23,
30/6/2019,$22250.23,
1/7/2019,$22718.39,
2/7/2019,$22853.91,
3/7/2019,$23271.03,
4/7/2019,$23271.03,
5/7/2019,$23211.19,
6/7/2019,$23211.19,
7/7/2019,$23211.19,
8/7/2019,$22922.55,
9/7/2019,$22987.67,
10/7/2019,$23237.59,
11/7/2019,$23360.79,
12/7/2019,$23596.63,
13/7/2019,$23596.63,
14/7/2019,$23596.63,
15/7/2019,$23614.23,
16/7/2019,$23443.51,
17/7/2019,$23084.47,
18/7/2019,$23276.31,
19/7/2019,$22984.15,
20/7/2019,$22984.15,
21/7/2019,$22984.15,
22/7/2019,$23112.63,
23/7/2019,$23487.51,
24/7/2019,$23735.67,
25/7/2019,$23482.23,
26/7/2019,$23835.99,
27/7/2019,$23835.99,
28/7/2019,$23835.99,
29/7/2019,$23739.19,
30/7/2019,$23608.95,
31/7/2019,$23029.91,
1/8/2019,$22574.07,
2/8/2019,$22183.35,
3/8/2019,$22183.35,
4/8/2019,$22183.35,
5/8/2019,$20634.55,
6/8/2019,$21002.39,
7/8/2019,$21002.39,
8/8/2019,$21002.39,
9/8/2019,$21002.39,
10/8/2019,$21002.39,
11/8/2019,$21002.39,
12/8/2019,$21002.39,
13/8/2019,$21002.39,
14/8/2019,$21002.39,
15/8/2019,$21002.39,
16/8/2019,$21002.39,
17/8/2019,$21002.39,
18/8/2019,$21002.39,
19/8/2019,$21002.39,
20/8/2019,$21002.39,
21/8/2019,$21002.39,
22/8/2019,$21002.39,
23/8/2019,$21002.39,
24/8/2019,$21002.39,
25/8/2019,$21002.39,
26/8/2019,$21002.39,
27/8/2019,$21002.39,
28/8/2019,$21002.39,
29/8/2019,$21002.39,
30/8/2019,$21002.39,
31/8/2019,$21002.39,
1/9/2019,$21002.39,
2/9/2019,$21002.39,
3/9/2019,$21002.39,
4/9/2019,$21002.39,
5/9/2019,$21002.39,
6/9/2019,$20981.99,
7/9/2019,$20981.99,
8/9/2019,$20981.99,
9/9/2019,$21007.49,
10/9/2019,$20995.59,
11/9/2019,$21355.99,
12/9/2019,$21532.79,
13/9/2019,$21498.79,
14/9/2019,$21498.79,
15/9/2019,$21498.79,
16/9/2019,$21340.69,
17/9/2019,$21469.89,
18/9/2019,$21500.49,
19/9/2019,$21497.09,
20/9/2019,$21021.09,
21/9/2019,$21021.09,
22/9/2019,$21021.09,
23/9/2019,$21009.19,
24/9/2019,$20611.39,
25/9/2019,$20908.89,
26/9/2019,$20803.49,
27/9/2019,$20531.49,
28/9/2019,$20531.49,
29/9/2019,$20531.49,
30/9/2019,$20764.39,
1/10/2019,$20164.29,
2/10/2019,$19868.49,
3/10/2019,$19868.49,
4/10/2019,$19868.49,
5/10/2019,$19868.49,
6/10/2019,$19868.49,
7/10/2019,$19868.49,
8/10/2019,$19868.49,
9/10/2019,$19868.49,
10/10/2019,$19868.49,
11/10/2019,$19868.49,
12/10/2019,$19868.49,
13/10/2019,$19868.49,
14/10/2019,$19868.49,
15/10/2019,$20165.75,
16/10/2019,$20085.59,
17/10/2019,$20232.55,
18/10/2019,$20013.78,
19/10/2019,$20013.78,
20/10/2019,$20013.78,
21/10/2019,$20351.12,
22/10/2019,$20187.46,
23/10/2019,$20332.75,
24/10/2019,$20414.58,
25/10/2019,$20619.99,
26/10/2019,$20619.99,
27/10/2019,$20619.99,
28/10/2019,$20903.89,
29/10/2019,$20888.86,
30/10/2019,$21044.17,
31/10/2019,$20908.90,
1/11/2019,$21378.17,
2/11/2019,$21378.17,
3/11/2019,$21378.17,
4/11/2019,$21583.58,
5/11/2019,$21526.80,
6/11/2019,$21538.49,
7/11/2019,$21718.85,
8/11/2019,$21845.77,
9/11/2019,$21845.77,
10/11/2019,$21845.77,
11/11/2019,$21747.24,
12/11/2019,$21855.79,
13/11/2019,$21872.49,
14/11/2019,$21947.64,
15/11/2019,$22321.72,
16/11/2019,$22321.72,
17/11/2019,$22321.72,
18/11/2019,$22360.13,
19/11/2019,$22345.10,
20/11/2019,$22151.38,
21/11/2019,$22067.88,
22/11/2019,$22183.11,
23/11/2019,$22183.11,
24/11/2019,$22183.11,
25/11/2019,$22585.58,
26/11/2019,$22704.15,
27/11/2019,$22937.95,
28/11/2019,$22937.95,
29/11/2019,$22742.56,
30/11/2019,$22742.56,
1/12/2019,$22742.56,
2/12/2019,$22296.67,
3/12/2019,$21947.64,
4/12/2019,$22266.61,
5/12/2019,$22360.13,
6/12/2019,$22836.08,
7/12/2019,$22836.08,
8/12/2019,$22836.08,
9/12/2019,$22670.75,
10/12/2019,$22612.30,
11/12/2019,$22760.93,
12/12/2019,$23213.50,
13/12/2019,$23245.23,
14/12/2019,$23245.23,
15/12/2019,$23245.23,
16/12/2019,$23609.29,
17/12/2019,$23620.98,
18/12/2019,$23624.32,
19/12/2019,$23843.09,
20/12/2019,$23814.70,
21/12/2019,$23814.70,
22/12/2019,$23814.70,
23/12/2019,$23896.53,
24/12/2019,$23898.20,
25/12/2019,$23898.20,
26/12/2019,$24183.77,
27/12/2019,$24170.41,
28/12/2019,$24170.41,
29/12/2019,$24170.41,
30/12/2019,$23873.15,
31/12/2019,$24003.41,
1/1/2020,$24003.41,
2/1/2020,$24506.08,
3/1/2020,$24095.26,
4/1/2020,$24095.26,
5/1/2020,$24095.26,
6/1/2020,$24300.67,
7/1/2020,$24148.70,
8/1/2020,$24435.94,
9/1/2020,$24803.34,
10/1/2020,$24646.36,
11/1/2020,$24646.36,
12/1/2020,$24646.36,
13/1/2020,$25020.44,
14/1/2020,$24936.94,
15/1/2020,$25060.52,
16/1/2020,$25516.43,
17/1/2020,$25688.44,
18/1/2020,$25688.44,
19/1/2020,$25688.44,
20/1/2020,$25688.44,
21/1/2020,$25579.89,
22/1/2020,$25586.57,
23/1/2020,$25650.03,
24/1/2020,$25157.38,
25/1/2020,$25157.38,
26/1/2020,$25157.38,
27/1/2020,$24277.29,
28/1/2020,$24843.42,
29/1/2020,$24798.33,
30/1/2020,$24975.35,
31/1/2020,$23981.70,
1/2/2020,$23981.70,
2/2/2020,$23981.70,
3/2/2020,$24380.83,
4/2/2020,$25205.81,
5/2/2020,$25840.41,
6/2/2020,$26027.45,
7/2/2020,$25730.19,
8/2/2020,$25730.19,
9/2/2020,$25730.19,
10/2/2020,$26144.35,
11/2/2020,$26241.21,
12/2/2020,$26601.93,
13/2/2020,$26541.81,
14/2/2020,$26631.99,
15/2/2020,$26631.99,
16/2/2020,$26631.99,
17/2/2020,$26631.99,
18/2/2020,$26486.70,
19/2/2020,$26755.57,
20/2/2020,$26523.44,
21/2/2020,$25943.95,
22/2/2020,$25943.95,
23/2/2020,$25943.95,
24/2/2020,$24096.93,
25/2/2020,$22465.34,
26/2/2020,$22720.85,
27/2/2020,$22720.85,
28/2/2020,$22720.85,
29/2/2020,$22720.85,
1/3/2020,$22720.85,
2/3/2020,$22720.85,
3/3/2020,$22720.85,
4/3/2020,$22720.85,
5/3/2020,$22720.85,
6/3/2020,$22720.85,
7/3/2020,$22720.85,
8/3/2020,$22720.85,
9/3/2020,$22720.85,
10/3/2020,$22720.85,
11/3/2020,$22720.85,
12/3/2020,$22720.85,
13/3/2020,$22720.85,
14/3/2020,$22720.85,
15/3/2020,$22720.85,
16/3/2020,$22720.85,
17/3/2020,$22720.85,
18/3/2020,$22720.85,
19/3/2020,$22720.85,
20/3/2020,$22720.85,
21/3/2020,$22720.85,
22/3/2020,$22720.85,
23/3/2020,$22720.85,
24/3/2020,$22720.85,
25/3/2020,$22720.85,
26/3/2020,$22720.85,
27/3/2020,$22720.85,
28/3/2020,$22720.85,
29/3/2020,$22720.85,
30/3/2020,$22720.85,
31/3/2020,$22720.85,
1/4/2020,$22720.85,
2/4/2020,$22720.85,
3/4/2020,$22720.85,
4/4/2020,$22720.85,
5/4/2020,$22720.85,
6/4/2020,$22720.85,
7/4/2020,$22720.85,
8/4/2020,$22720.85,
9/4/2020,$22720.85,
10/4/2020,$22720.85,
11/4/2020,$22720.85,
12/4/2020,$22720.85,
13/4/2020,$22720.85,
14/4/2020,$22720.85,
15/4/2020,$22720.85,
16/4/2020,$22720.85,
17/4/2020,$22720.85,
18/4/2020,$22720.85,
19/4/2020,$22720.85,
20/4/2020,$22720.85,
21/4/2020,$22720.85,
22/4/2020,$22720.85,
23/4/2020,$22720.85,
24/4/2020,$22720.85,
25/4/2020,$22720.85,
26/4/2020,$22720.85,
27/4/2020,$23077.90,
28/4/2020,$22833.70,
29/4/2020,$24217.50,
30/4/2020,$23712.45,
1/5/2020,$22289.80,
2/5/2020,$22289.80,
3/5/2020,$22289.80,
4/5/2020,$22434.10,
5/5/2020,$22918.80,
6/5/2020,$22559.90,
7/5/2020,$23194.45,
8/5/2020,$24075.05,
9/5/2020,$24075.05,
10/5/2020,$24075.05,
11/5/2020,$24086.15,
12/5/2020,$23007.60,
13/5/2020,$22069.65,
14/5/2020,$22693.10,
15/5/2020,$22935.45,
16/5/2020,$22935.45,
17/5/2020,$22935.45,
18/5/2020,$24548.65,
19/5/2020,$23988.10,
20/5/2020,$24905.70,
21/5/2020,$24526.45,
22/5/2020,$24630.05,
23/5/2020,$24630.05,
24/5/2020,$24630.05,
25/5/2020,$24630.05,
26/5/2020,$25303.45,
27/5/2020,$26126.70,
28/5/2020,$26023.10,
29/5/2020,$26272.85,
30/5/2020,$26272.85,
31/5/2020,$26272.85,
1/6/2020,$26500.40,
2/6/2020,$26968.45,
3/6/2020,$27726.95,
4/6/2020,$27575.25,
5/6/2020,$29051.55,
6/6/2020,$29051.55,
7/6/2020,$29051.55,
8/6/2020,$29765.65,
9/6/2020,$29319.80,
10/6/2020,$28988.65,
11/6/2020,$25586.50,
12/6/2020,$26252.50,
13/6/2020,$26252.50,
14/6/2020,$26252.50,
15/6/2020,$26777.90,
16/6/2020,$27871.25,
17/6/2020,$27630.75,
18/6/2020,$27652.95,
19/6/2020,$27072.05,
20/6/2020,$27072.05,
21/6/2020,$27072.05,
22/6/2020,$27438.35,
23/6/2020,$27702.90,
24/6/2020,$26230.30,
25/6/2020,$26833.40,
26/6/2020,$25482.90,
27/6/2020,$25482.90,
28/6/2020,$25482.90,
29/6/2020,$26298.75,
30/6/2020,$27020.25,
1/7/2020,$27419.85,
2/7/2020,$27736.20,
3/7/2020,$27736.20,
4/7/2020,$27736.20,
5/7/2020,$27736.20,
6/7/2020,$28627.90,
7/7/2020,$28022.95,
8/7/2020,$28466.95,
9/7/2020,$28133.95,
10/7/2020,$28727.80,
11/7/2020,$28727.80,
12/7/2020,$28727.80,
13/7/2020,$28219.05,
14/7/2020,$28973.85,
15/7/2020,$29515.90,
16/7/2020,$29319.80,
17/7/2020,$29491.85,
18/7/2020,$29491.85,
19/7/2020,$29491.85,
20/7/2020,$29972.85,
21/7/2020,$30100.50,
22/7/2020,$30442.75,
23/7/2020,$29721.25,
24/7/2020,$29336.45,
25/7/2020,$29336.45,
26/7/2020,$29336.45,
27/7/2020,$29769.35,
28/7/2020,$29390.10,
29/7/2020,$30120.85,
30/7/2020,$29906.25,
31/7/2020,$30379.85,
1/8/2020,$30379.85,
2/8/2020,$30379.85,
3/8/2020,$30799.80,
4/8/2020,$31034.75,
5/8/2020,$31414.00,
6/8/2020,$31824.70,
7/8/2020,$31869.10,
8/8/2020,$31869.10,
9/8/2020,$31869.10,
10/8/2020,$32054.10,
11/8/2020,$31541.65,
12/8/2020,$32400.05,
13/8/2020,$32287.20,
14/8/2020,$32289.05,
15/8/2020,$32289.05,
16/8/2020,$32289.05,
17/8/2020,$32487.00,
18/8/2020,$32622.05,
19/8/2020,$32361.20,
20/8/2020,$32555.45,
21/8/2020,$32777.45,
22/8/2020,$32777.45,
23/8/2020,$32777.45,
24/8/2020,$33413.85,
25/8/2020,$33635.85,
26/8/2020,$34274.10,
27/8/2020,$34414.70,
28/8/2020,$34830.95,
29/8/2020,$34830.95,
30/8/2020,$34830.95,
31/8/2020,$34596.00,
1/9/2020,$35204.65,
2/9/2020,$36148.15,
3/9/2020,$33870.80,
4/9/2020,$33349.10,
5/9/2020,$33349.10,
6/9/2020,$33349.10,
7/9/2020,$33349.10,
8/9/2020,$31617.50,
9/9/2020,$32834.80,
10/9/2020,$31743.30,
11/9/2020,$31774.75,
12/9/2020,$31774.75,
13/9/2020,$31774.75,
14/9/2020,$32588.75,
15/9/2020,$32905.10,
16/9/2020,$32655.35,
17/9/2020,$32104.05,
18/9/2020,$31143.90,
19/9/2020,$31143.90,
20/9/2020,$31143.90,
21/9/2020,$30463.10,
22/9/2020,$30759.10,
23/9/2020,$30759.10,
24/9/2020,$30759.10,
25/9/2020,$30759.10,
26/9/2020,$30759.10,
27/9/2020,$30759.10,
28/9/2020,$30759.10,
29/9/2020,$30759.10,
30/9/2020,$30759.10,
1/10/2020,$30759.10,
2/10/2020,$30759.10,
3/10/2020,$30759.10,
4/10/2020,$30759.10,
5/10/2020,$30759.10,
6/10/2020,$30759.10,
7/10/2020,$31236.94,
8/10/2020,$31783.56,
9/10/2020,$32339.23,
10/10/2020,$32339.23,
11/10/2020,$32339.23,
12/10/2020,$33349.21,
13/10/2020,$32932.91,
14/10/2020,$32534.71,
15/10/2020,$32456.88,
16/10/2020,$32418.87,
17/10/2020,$32418.87,
18/10/2020,$32418.87,
19/10/2020,$31463.19,
20/10/2020,$31711.16,
21/10/2020,$31593.51,
22/10/2020,$31933.79,
23/10/2020,$32145.56,
24/10/2020,$32145.56,
25/10/2020,$32145.56,
26/10/2020,$30988.97,
27/10/2020,$30777.20,
28/10/2020,$29669.48,
29/10/2020,$29669.48,
30/10/2020,$29669.48,
31/10/2020,$29669.48,
1/11/2020,$29669.48,
2/11/2020,$29669.48,
3/11/2020,$29669.48,
4/11/2020,$29669.48,
5/11/2020,$29669.48,
6/11/2020,$29709.04,
7/11/2020,$29709.04,
8/11/2020,$29709.04,
9/11/2020,$30465.84,
10/11/2020,$30376.40,
11/11/2020,$30828.76,
12/11/2020,$30233.64,
13/11/2020,$31074.72,
14/11/2020,$31074.72,
15/11/2020,$31074.72,
16/11/2020,$31843.56,
17/11/2020,$31508.16,
18/11/2020,$30761.68,
19/11/2020,$31019.68,
20/11/2020,$30598.28,
21/11/2020,$30598.28,
22/11/2020,$30598.28,
23/11/2020,$30964.64,
24/11/2020,$31955.36,
25/11/2020,$31859.04,
26/11/2020,$31859.04,
27/11/2020,$32032.76,
28/11/2020,$32032.76,
29/11/2020,$32032.76,
30/11/2020,$31755.84,
1/12/2020,$32436.96,
2/12/2020,$32569.40,
3/12/2020,$32552.20,
4/12/2020,$33095.72,
5/12/2020,$33095.72,
6/12/2020,$33095.72,
7/12/2020,$32965.00,
8/12/2020,$33150.76,
9/12/2020,$32579.72,
10/12/2020,$32559.08,
11/12/2020,$32485.12,
12/12/2020,$32485.12,
13/12/2020,$32485.12,
14/12/2020,$32203.04,
15/12/2020,$33051.00,
16/12/2020,$33150.76,
17/12/2020,$33506.80,
18/12/2020,$32980.48,
19/12/2020,$32980.48,
20/12/2020,$32980.48,
21/12/2020,$32753.44,
22/12/2020,$32646.80,
23/12/2020,$32703.56,
24/12/2020,$32949.52,
25/12/2020,$32949.52,
26/12/2020,$32949.52,
27/12/2020,$32949.52,
28/12/2020,$33494.76,
29/12/2020,$33372.64,
30/12/2020,$33463.80,
31/12/2020,$33788.88,
1/1/2021,$33788.88,
2/1/2021,$33788.88,
3/1/2021,$33788.88,
4/1/2021,$32913.40,
5/1/2021,$33350.28,
6/1/2021,$33732.12,
7/1/2021,$34686.72,
8/1/2021,$35058.24,
9/1/2021,$35058.24,
10/1/2021,$35058.24,
11/1/2021,$34616.20,
12/1/2021,$34629.96,
13/1/2021,$34805.40,
14/1/2021,$34576.64,
15/1/2021,$34101.92,
16/1/2021,$34101.92,
17/1/2021,$34101.92,
18/1/2021,$34101.92,
19/1/2021,$34609.32,
20/1/2021,$35510.60,
21/1/2021,$35570.80,
22/1/2021,$35336.88,
23/1/2021,$35336.88,
24/1/2021,$35336.88,
25/1/2021,$35596.60,
26/1/2021,$35493.40,
27/1/2021,$33880.04,
28/1/2021,$34433.88,
29/1/2021,$33133.56,
30/1/2021,$33133.56,
31/1/2021,$33133.56,
1/2/2021,$34193.08,
2/2/2021,$35108.12,
3/2/2021,$35159.72,
4/2/2021,$35906.20,
5/2/2021,$36167.64,
6/2/2021,$36167.64,
7/2/2021,$36167.64,
8/2/2021,$36649.24,
9/2/2021,$36604.52,
10/2/2021,$36575.28,
11/2/2021,$36683.64,
12/2/2021,$37015.60,
13/2/2021,$37015.60,
14/2/2021,$37015.60,
15/2/2021,$37015.60,
16/2/2021,$36957.12,
17/2/2021,$36972.60,
18/2/2021,$36685.36,
19/2/2021,$36566.68,
20/2/2021,$36566.68,
21/2/2021,$36566.68,
22/2/2021,$36050.68,
23/2/2021,$36131.52,
24/2/2021,$36865.96,
25/2/2021,$35242.28,
26/2/2021,$34903.44,
27/2/2021,$34903.44,
28/2/2021,$34903.44,
1/3/2021,$36489.28,
2/3/2021,$35966.40,
3/3/2021,$35085.76,
4/3/2021,$34273.92,
5/3/2021,$35465.88,
6/3/2021,$35465.88,
7/3/2021,$35465.88,
8/3/2021,$35137.36,
9/3/2021,$36074.76,
10/3/2021,$36489.28,
11/3/2021,$37168.68,
12/3/2021,$37259.84,
13/3/2021,$37259.84,
14/3/2021,$37259.84,
15/3/2021,$37664.04,
16/3/2021,$37578.04,
17/3/2021,$37810.24,
18/3/2021,$36816.08,
19/3/2021,$36472.08,
20/3/2021,$36472.08,
21/3/2021,$36472.08,
22/3/2021,$37007.00,
23/3/2021,$36475.52,
24/3/2021,$36134.96,
25/3/2021,$36509.92,
26/3/2021,$37590.08,
27/3/2021,$37590.08,
28/3/2021,$37590.08,
29/3/2021,$37555.68,
30/3/2021,$37375.08,
31/3/2021,$37650.28,
1/4/2021,$38386.44,
2/4/2021,$38386.44,
3/4/2021,$38386.44,
4/4/2021,$38386.44,
5/4/2021,$39375.44,
6/4/2021,$39334.16,
7/4/2021,$39415.00,
8/4/2021,$39746.96,
9/4/2021,$40257.80,
10/4/2021,$40257.80,
11/4/2021,$40257.80,
12/4/2021,$40283.60,
13/4/2021,$40493.44,
14/4/2021,$40250.92,
15/4/2021,$41011.16,
16/4/2021,$41250.24,
17/4/2021,$41250.24,
18/4/2021,$41250.24,
19/4/2021,$40897.64,
20/4/2021,$40374.76,
21/4/2021,$41045.56,
22/4/2021,$40391.96,
23/4/2021,$41160.80,
24/4/2021,$41160.80,
25/4/2021,$41160.80,
26/4/2021,$41310.44,
27/4/2021,$41294.96,
28/4/2021,$41274.32,
29/4/2021,$41731.84,
30/4/2021,$41257.12,
1/5/2021,$41257.12,
2/5/2021,$41257.12,
3/5/2021,$41411.92,
4/5/2021,$40968.16,
5/5/2021,$40990.52,
6/5/2021,$41561.56,
7/5/2021,$42086.16,
8/5/2021,$42086.16,
9/5/2021,$42086.16,
10/5/2021,$41367.20,
11/5/2021,$40725.64,
12/5/2021,$39212.04,
13/5/2021,$40049.68,
14/5/2021,$41133.28,
15/5/2021,$41133.28,
16/5/2021,$41133.28,
17/5/2021,$40950.96,
18/5/2021,$40335.20,
19/5/2021,$40149.44,
20/5/2021,$40909.68,
21/5/2021,$40851.20,
22/5/2021,$40851.20,
23/5/2021,$40851.20,
24/5/2021,$41578.76,
25/5/2021,$41418.80,
26/5/2021,$41561.56,
27/5/2021,$41599.40,
28/5/2021,$41728.40,
29/5/2021,$41728.40,
30/5/2021,$41728.40,
31/5/2021,$41728.40,
1/6/2021,$41664.76,
2/6/2021,$41778.28,
3/6/2021,$41509.96,
4/6/2021,$42168.72,
5/6/2021,$42168.72,
6/6/2021,$42168.72,
7/6/2021,$42098.20,
8/6/2021,$42113.68,
9/6/2021,$42005.32,
10/6/2021,$42342.44,
11/6/2021,$42462.84,
12/6/2021,$42462.84,
13/6/2021,$42462.84,
14/6/2021,$42626.24,
15/6/2021,$42492.08,
16/6/2021,$42084.44,
17/6/2021,$42060.36,
18/6/2021,$40847.76,
19/6/2021,$40847.76,
20/6/2021,$40847.76,
21/6/2021,$41869.44,
22/6/2021,$42256.44,
23/6/2021,$42168.72,
24/6/2021,$42598.72,
25/6/2021,$42858.44,
26/6/2021,$42858.44,
27/6/2021,$42858.44,
28/6/2021,$43006.36,
29/6/2021,$43045.92,
30/6/2021,$43107.84,
1/7/2021,$43515.48,
2/7/2021,$44081.36,
3/7/2021,$44081.36,
4/7/2021,$44081.36,
5/7/2021,$44081.36,
6/7/2021,$43945.48,
7/7/2021,$44208.64,
8/7/2021,$43599.76,
9/7/2021,$44390.96,
10/7/2021,$44390.96,
11/7/2021,$44390.96,
12/7/2021,$44659.28,
13/7/2021,$44403.00,
14/7/2021,$44514.80,
15/7/2021,$44258.52,
16/7/2021,$43672.00,
17/7/2021,$43672.00,
18/7/2021,$43672.00,
19/7/2021,$42576.36,
20/7/2021,$43623.84,
21/7/2021,$44224.12,
22/7/2021,$44380.64,
23/7/2021,$45151.20,
24/7/2021,$45151.20,
25/7/2021,$45151.20,
26/7/2021,$45336.96,
27/7/2021,$44991.24,
28/7/2021,$44960.28,
29/7/2021,$45273.32,
30/7/2021,$44905.24,
31/7/2021,$44905.24,
1/8/2021,$44905.24,
2/8/2021,$44747.00,
3/8/2021,$45359.32,
4/8/2021,$44986.08,
5/8/2021,$45464.24,
6/8/2021,$45589.80,
7/8/2021,$45589.80,
8/8/2021,$45589.80,
9/8/2021,$45527.88,
10/8/2021,$45622.48,
11/8/2021,$45811.68,
12/8/2021,$46040.44,
13/8/2021,$46179.76,
14/8/2021,$46179.76,
15/8/2021,$46179.76,
16/8/2021,$46360.36,
17/8/2021,$45856.40,
18/8/2021,$45020.48,
19/8/2021,$45137.44,
20/8/2021,$45739.44,
21/8/2021,$45739.44,
22/8/2021,$45739.44,
23/8/2021,$46410.24,
24/8/2021,$46532.36,
25/8/2021,$46694.04,
26/8/2021,$46238.24,
27/8/2021,$46924.52,
28/8/2021,$46924.52,
29/8/2021,$46924.52,
30/8/2021,$47265.08,
31/8/2021,$47149.84,
1/9/2021,$47191.12,
2/9/2021,$47430.20,
3/9/2021,$47411.28,
4/9/2021,$47411.28,
5/9/2021,$47411.28,
6/9/2021,$47411.28,
7/9/2021,$47132.64,
8/9/2021,$47038.04,
9/9/2021,$46706.08,
10/9/2021,$46097.20,
11/9/2021,$46097.20,
12/9/2021,$46097.20,
13/9/2021,$46293.28,
14/9/2021,$45878.76,
15/9/2021,$46516.88,
16/9/2021,$46394.76,
17/9/2021,$45402.32,
18/9/2021,$45402.32,
19/9/2021,$45402.32,
20/9/2021,$44136.40,
21/9/2021,$44564.68,
22/9/2021,$44564.68,
23/9/2021,$44564.68,
24/9/2021,$44564.68,
25/9/2021,$44564.68,
26/9/2021,$44564.68,
27/9/2021,$44564.68,
28/9/2021,$44564.68,
29/9/2021,$44564.68,
30/9/2021,$44564.68,
1/10/2021,$44564.68,
2/10/2021,$44564.68,
3/10/2021,$44564.68,
4/10/2021,$44564.68,
5/10/2021,$44564.68,
6/10/2021,$44564.68,
7/10/2021,$44564.68,
8/10/2021,$44564.68,
9/10/2021,$44564.68,
10/10/2021,$44564.68,
11/10/2021,$44564.68,
12/10/2021,$44564.68,
13/10/2021,$44564.68,
14/10/2021,$44564.68,
15/10/2021,$44564.68,
16/10/2021,$44564.68,
17/10/2021,$44564.68,
18/10/2021,$44564.68,
19/10/2021,$44855.36,
20/10/2021,$45154.49,
21/10/2021,$45353.91,
22/10/2021,$45274.48,
23/10/2021,$45274.48,
24/10/2021,$45274.48,
25/10/2021,$45685.15,
26/10/2021,$45754.44,
27/10/2021,$45413.06,
28/10/2021,$46153.28,
29/10/2021,$46310.45,
30/10/2021,$46310.45,
31/10/2021,$46310.45,
1/11/2021,$46443.96,
2/11/2021,$46758.30,
3/11/2021,$47234.88,
4/11/2021,$47604.99,
5/11/2021,$47878.77,
6/11/2021,$47878.77,
7/11/2021,$47878.77,
8/11/2021,$47946.37,
9/11/2021,$47684.42,
10/11/2021,$47048.98,
11/11/2021,$47074.33,
12/11/2021,$47665.83,
13/11/2021,$47665.83,
14/11/2021,$47665.83,
15/11/2021,$47692.87,
16/11/2021,$48005.52,
17/11/2021,$47812.86,
18/11/2021,$48081.57,
19/11/2021,$47939.61,
20/11/2021,$47939.61,
21/11/2021,$47939.61,
22/11/2021,$47716.53,
23/11/2021,$47821.31,
24/11/2021,$48032.56,
25/11/2021,$48032.56,
26/11/2021,$46263.13,
27/11/2021,$46263.13,
28/11/2021,$46263.13,
29/11/2021,$47214.60,
30/11/2021,$45686.84,
1/12/2021,$44831.70,
2/12/2021,$45997.80,
3/12/2021,$45325.18,
4/12/2021,$45325.18,
5/12/2021,$45325.18,
6/12/2021,$46232.71,
7/12/2021,$47836.52,
8/12/2021,$48046.08,
9/12/2021,$47510.35,
10/12/2021,$48252.26,
11/12/2021,$48252.26,
12/12/2021,$48252.26,
13/12/2021,$47547.53,
14/12/2021,$47005.04,
15/12/2021,$48228.60,
16/12/2021,$47527.25,
17/12/2021,$46415.23,
18/12/2021,$46415.23,
19/12/2021,$46415.23,
20/12/2021,$45588.82,
21/12/2021,$46954.34,
22/12/2021,$47736.81,
23/12/2021,$48228.60,
24/12/2021,$48228.60,
25/12/2021,$48228.60,
26/12/2021,$48228.60,
27/12/2021,$49354.14,
28/12/2021,$49288.23,
29/12/2021,$49391.32,
30/12/2021,$49168.24,
31/12/2021,$48965.44,
