,SPY,Salary,
1/1/2010,
2/1/2010,
3/1/2010,
4/1/2010,$0,
5/1/2010,$0,
6/1/2010,$0,
7/1/2010,$0,
8/1/2010,$0,
9/1/2010,$0,
10/1/2010,$0,
11/1/2010,$0,
12/1/2010,$0,
13/1/2010,$0,
14/1/2010,$0,
15/1/2010,$0,
16/1/2010,$0,
17/1/2010,$0,
18/1/2010,$0,
19/1/2010,$0,
20/1/2010,$0,
21/1/2010,$0,
22/1/2010,$0,
23/1/2010,$0,
24/1/2010,$0,
25/1/2010,$0,
26/1/2010,$0,
27/1/2010,$0,
28/1/2010,$0,
29/1/2010,$0,
30/1/2010,$0,
31/1/2010,$0,
1/2/2010,$0,
2/2/2010,$0,
3/2/2010,$0,
4/2/2010,$0,
5/2/2010,$0,
6/2/2010,$0,
7/2/2010,$0,
8/2/2010,$0,
9/2/2010,$0,
10/2/2010,$0,
11/2/2010,$0,
12/2/2010,$0,
13/2/2010,$0,
14/2/2010,$0,
15/2/2010,$0,
16/2/2010,$0,
17/2/2010,$0,
18/2/2010,$0,
19/2/2010,$0,
20/2/2010,$0,
21/2/2010,$0,
22/2/2010,$0,
23/2/2010,$0,
24/2/2010,$0,
25/2/2010,$0,
26/2/2010,$0,
27/2/2010,$0,
28/2/2010,$0,
1/3/2010,$0,
2/3/2010,$0,
3/3/2010,$0,
4/3/2010,$0,
5/3/2010,$0,
6/3/2010,$0,
7/3/2010,$0,
8/3/2010,$0,
9/3/2010,$0,
10/3/2010,$0,
11/3/2010,$0,
12/3/2010,$0,
13/3/2010,$0,
14/3/2010,$0,
15/3/2010,$0,
16/3/2010,$0,
17/3/2010,$0,
18/3/2010,$0,
19/3/2010,$106.08,
20/3/2010,$106.08,
21/3/2010,$106.08,
22/3/2010,$106.08,
23/3/2010,$106.08,
24/3/2010,$106.08,
25/3/2010,$106.08,
26/3/2010,$106.08,
27/3/2010,$106.08,
28/3/2010,$106.08,
29/3/2010,$106.08,
30/3/2010,$106.08,
31/3/2010,$106.08,
1/4/2010,$106.08,
2/4/2010,$106.08,
3/4/2010,$106.08,
4/4/2010,$106.08,
5/4/2010,$106.08,
6/4/2010,$106.08,
7/4/2010,$106.08,
8/4/2010,$106.08,
9/4/2010,$106.08,
10/4/2010,$106.08,
11/4/2010,$106.08,
12/4/2010,$106.08,
13/4/2010,$106.08,
14/4/2010,$106.08,
15/4/2010,$106.08,
16/4/2010,$106.08,
17/4/2010,$106.08,
18/4/2010,$106.08,
19/4/2010,$106.08,
20/4/2010,$106.08,
21/4/2010,$106.08,
22/4/2010,$106.08,
23/4/2010,$106.08,
24/4/2010,$106.08,
25/4/2010,$106.08,
26/4/2010,$106.08,
27/4/2010,$106.08,
28/4/2010,$106.08,
29/4/2010,$106.08,
30/4/2010,$106.08,
1/5/2010,$106.08,
2/5/2010,$106.08,
3/5/2010,$106.08,
4/5/2010,$106.08,
5/5/2010,$106.08,
6/5/2010,$106.08,
7/5/2010,$106.08,
8/5/2010,$106.08,
9/5/2010,$106.08,
10/5/2010,$106.08,
11/5/2010,$106.08,
12/5/2010,$106.08,
13/5/2010,$106.08,
14/5/2010,$106.08,
15/5/2010,$106.08,
16/5/2010,$106.08,
17/5/2010,$106.08,
18/5/2010,$106.08,
19/5/2010,$106.08,
20/5/2010,$106.08,
21/5/2010,$106.08,
22/5/2010,$106.08,
23/5/2010,$106.08,
24/5/2010,$106.08,
25/5/2010,$106.08,
26/5/2010,$106.08,
27/5/2010,$106.08,
28/5/2010,$106.08,
29/5/2010,$106.08,
30/5/2010,$106.08,
31/5/2010,$106.08,
1/6/2010,$106.08,
2/6/2010,$106.08,
3/6/2010,$106.08,
4/6/2010,$106.08,
5/6/2010,$106.08,
6/6/2010,$106.08,
7/6/2010,$106.08,
8/6/2010,$106.08,
9/6/2010,$106.08,
10/6/2010,$106.08,
11/6/2010,$106.08,
12/6/2010,$106.08,
13/6/2010,$106.08,
14/6/2010,$106.08,
15/6/2010,$106.08,
16/6/2010,$106.08,
17/6/2010,$106.08,
18/6/2010,$106.08,
19/6/2010,$106.08,
20/6/2010,$106.08,
21/6/2010,$106.08,
22/6/2010,$106.08,
23/6/2010,$106.08,
24/6/2010,$106.08,
25/6/2010,$106.08,
26/6/2010,$106.08,
27/6/2010,$106.08,
28/6/2010,$106.08,
29/6/2010,$106.08,
30/6/2010,$106.08,
1/7/2010,$106.08,
2/7/2010,$106.08,
3/7/2010,$106.08,
4/7/2010,$106.08,
5/7/2010,$106.08,
6/7/2010,$106.08,
7/7/2010,$106.08,
8/7/2010,$106.08,
9/7/2010,$106.08,
10/7/2010,$106.08,
11/7/2010,$106.08,
12/7/2010,$106.08,
13/7/2010,$106.08,
14/7/2010,$106.08,
15/7/2010,$106.08,
16/7/2010,$106.08,
17/7/2010,$106.08,
18/7/2010,$106.08,
19/7/2010,$106.08,
20/7/2010,$106.08,
21/7/2010,$106.08,
22/7/2010,$106.08,
23/7/2010,$106.08,
24/7/2010,$106.08,
25/7/2010,$106.08,
26/7/2010,$106.08,
27/7/2010,$106.08,
28/7/2010,$106.08,
29/7/2010,$106.08,
30/7/2010,$106.08,
31/7/2010,$106.08,
1/8/2010,$106.08,
2/8/2010,$106.08,
3/8/2010,$106.08,
4/8/2010,$106.08,
5/8/2010,$106.08,
6/8/2010,$106.08,
7/8/2010,$106.08,
8/8/2010,$106.08,
9/8/2010,$106.08,
10/8/2010,$106.08,
11/8/2010,$106.08,
12/8/2010,$106.08,
13/8/2010,$106.08,
14/8/2010,$106.08,
15/8/2010,$106.08,
16/8/2010,$106.08,
17/8/2010,$106.08,
18/8/2010,$106.08,
19/8/2010,$106.08,
20/8/2010,$106.08,
21/8/2010,$106.08,
22/8/2010,$106.08,
23/8/2010,$106.08,
24/8/2010,$106.08,
25/8/2010,$106.08,
26/8/2010,$106.08,
27/8/2010,$106.08,
28/8/2010,$106.08,
29/8/2010,$106.08,
30/8/2010,$106.08,
31/8/2010,$106.08,
1/9/2010,$106.08,
2/9/2010,$106.08,
3/9/2010,$106.08,
4/9/2010,$106.08,
5/9/2010,$106.08,
6/9/2010,$106.08,
7/9/2010,$106.08,
8/9/2010,$106.08,
9/9/2010,$106.08,
10/9/2010,$106.08,
11/9/2010,$106.08,
12/9/2010,$106.08,
13/9/2010,$106.08,
14/9/2010,$106.08,
15/9/2010,$106.08,
16/9/2010,$106.08,
17/9/2010,$242.73,
18/9/2010,$242.73,
19/9/2010,$242.73,
20/9/2010,$242.73,
21/9/2010,$242.73,
22/9/2010,$242.73,
23/9/2010,$242.73,
24/9/2010,$242.73,
25/9/2010,$242.73,
26/9/2010,$242.73,
27/9/2010,$242.73,
28/9/2010,$242.73,
29/9/2010,$242.73,
30/9/2010,$242.73,
1/10/2010,$242.73,
2/10/2010,$242.73,
3/10/2010,$242.73,
4/10/2010,$242.73,
5/10/2010,$242.73,
6/10/2010,$242.73,
7/10/2010,$242.73,
8/10/2010,$242.73,
9/10/2010,$242.73,
10/10/2010,$242.73,
11/10/2010,$242.73,
12/10/2010,$242.73,
13/10/2010,$242.73,
14/10/2010,$242.73,
15/10/2010,$242.73,
16/10/2010,$242.73,
17/10/2010,$242.73,
18/10/2010,$242.73,
19/10/2010,$242.73,
20/10/2010,$242.73,
21/10/2010,$242.73,
22/10/2010,$242.73,
23/10/2010,$242.73,
24/10/2010,$242.73,
25/10/2010,$242.73,
26/10/2010,$242.73,
27/10/2010,$242.73,
28/10/2010,$242.73,
29/10/2010,$242.73,
30/10/2010,$242.73,
31/10/2010,$242.73,
1/11/2010,$242.73,
2/11/2010,$242.73,
3/11/2010,$242.73,
4/11/2010,$242.73,
5/11/2010,$242.73,
6/11/2010,$242.73,
7/11/2010,$242.73,
8/11/2010,$242.73,
9/11/2010,$242.73,
10/11/2010,$242.73,
11/11/2010,$242.73,
12/11/2010,$242.73,
13/11/2010,$242.73,
14/11/2010,$242.73,
15/11/2010,$242.73,
16/11/2010,$242.73,
17/11/2010,$242.73,
18/11/2010,$242.73,
19/11/2010,$242.73,
20/11/2010,$242.73,
21/11/2010,$242.73,
22/11/2010,$242.73,
23/11/2010,$242.73,
24/11/2010,$242.73,
25/11/2010,$242.73,
26/11/2010,$242.73,
27/11/2010,$242.73,
28/11/2010,$242.73,
29/11/2010,$242.73,
30/11/2010,$242.73,
1/12/2010,$242.73,
2/12/2010,$242.73,
3/12/2010,$242.73,
4/12/2010,$242.73,
5/12/2010,$242.73,
6/12/2010,$242.73,
7/12/2010,$242.73,
8/12/2010,$242.73,
9/12/2010,$242.73,
10/12/2010,$242.73,
11/12/2010,$242.73,
12/12/2010,$242.73,
13/12/2010,$242.73,
14/12/2010,$242.73,
15/12/2010,$242.73,
16/12/2010,$242.73,
17/12/2010,$390.96,
18/12/2010,$390.96,
19/12/2010,$390.96,
20/12/2010,$390.96,
21/12/2010,$390.96,
22/12/2010,$390.96,
23/12/2010,$390.96,
24/12/2010,$390.96,
25/12/2010,$390.96,
26/12/2010,$390.96,
27/12/2010,$390.96,
28/12/2010,$390.96,
29/12/2010,$390.96,
30/12/2010,$390.96,
31/12/2010,$390.96,
1/1/2011,$390.96,
2/1/2011,$390.96,
3/1/2011,$390.96,
4/1/2011,$390.96,
5/1/2011,$390.96,
6/1/2011,$390.96,
7/1/2011,$390.96,
8/1/2011,$390.96,
9/1/2011,$390.96,
10/1/2011,$390.96,
11/1/2011,$390.96,
12/1/2011,$390.96,
13/1/2011,$390.96,
14/1/2011,$390.96,
15/1/2011,$390.96,
16/1/2011,$390.96,
17/1/2011,$390.96,
18/1/2011,$390.96,
19/1/2011,$390.96,
20/1/2011,$390.96,
21/1/2011,$390.96,
22/1/2011,$390.96,
23/1/2011,$390.96,
24/1/2011,$390.96,
25/1/2011,$390.96,
26/1/2011,$390.96,
27/1/2011,$390.96,
28/1/2011,$390.96,
29/1/2011,$390.96,
30/1/2011,$390.96,
31/1/2011,$390.96,
1/2/2011,$390.96,
2/2/2011,$390.96,
3/2/2011,$390.96,
4/2/2011,$390.96,
5/2/2011,$390.96,
6/2/2011,$390.96,
7/2/2011,$390.96,
8/2/2011,$390.96,
9/2/2011,$390.96,
10/2/2011,$390.96,
11/2/2011,$390.96,
12/2/2011,$390.96,
13/2/2011,$390.96,
14/2/2011,$390.96,
15/2/2011,$390.96,
16/2/2011,$390.96,
17/2/2011,$390.96,
18/2/2011,$390.96,
19/2/2011,$390.96,
20/2/2011,$390.96,
21/2/2011,$390.96,
22/2/2011,$390.96,
23/2/2011,$390.96,
24/2/2011,$390.96,
25/2/2011,$390.96,
26/2/2011,$390.96,
27/2/2011,$390.96,
28/2/2011,$390.96,
1/3/2011,$390.96,
2/3/2011,$390.96,
3/3/2011,$390.96,
4/3/2011,$390.96,
5/3/2011,$390.96,
6/3/2011,$390.96,
7/3/2011,$390.96,
8/3/2011,$390.96,
9/3/2011,$390.96,
10/3/2011,$390.96,
11/3/2011,$390.96,
12/3/2011,$390.96,
13/3/2011,$390.96,
14/3/2011,$390.96,
15/3/2011,$390.96,
16/3/2011,$390.96,
17/3/2011,$390.96,
18/3/2011,$390.96,
19/3/2011,$390.96,
20/3/2011,$390.96,
21/3/2011,$390.96,
22/3/2011,$390.96,
23/3/2011,$390.96,
24/3/2011,$390.96,
25/3/2011,$390.96,
26/3/2011,$390.96,
27/3/2011,$390.96,
28/3/2011,$390.96,
29/3/2011,$390.96,
30/3/2011,$390.96,
31/3/2011,$390.96,
1/4/2011,$390.96,
2/4/2011,$390.96,
3/4/2011,$390.96,
4/4/2011,$390.96,
5/4/2011,$390.96,
6/4/2011,$390.96,
7/4/2011,$390.96,
8/4/2011,$390.96,
9/4/2011,$390.96,
10/4/2011,$390.96,
11/4/2011,$390.96,
12/4/2011,$390.96,
13/4/2011,$390.96,
14/4/2011,$390.96,
15/4/2011,$390.96,
16/4/2011,$390.96,
17/4/2011,$390.96,
18/4/2011,$390.96,
19/4/2011,$390.96,
20/4/2011,$390.96,
21/4/2011,$390.96,
22/4/2011,$390.96,
23/4/2011,$390.96,
24/4/2011,$390.96,
25/4/2011,$390.96,
26/4/2011,$390.96,
27/4/2011,$390.96,
28/4/2011,$390.96,
29/4/2011,$390.96,
30/4/2011,$390.96,
1/5/2011,$390.96,
2/5/2011,$390.96,
3/5/2011,$390.96,
4/5/2011,$390.96,
5/5/2011,$390.96,
6/5/2011,$390.96,
7/5/2011,$390.96,
8/5/2011,$390.96,
9/5/2011,$390.96,
10/5/2011,$390.96,
11/5/2011,$390.96,
12/5/2011,$390.96,
13/5/2011,$390.96,
14/5/2011,$390.96,
15/5/2011,$390.96,
16/5/2011,$390.96,
17/5/2011,$390.96,
18/5/2011,$390.96,
19/5/2011,$390.96,
20/5/2011,$390.96,
21/5/2011,$390.96,
22/5/2011,$390.96,
23/5/2011,$390.96,
24/5/2011,$390.96,
25/5/2011,$390.96,
26/5/2011,$390.96,
27/5/2011,$390.96,
28/5/2011,$390.96,
29/5/2011,$390.96,
30/5/2011,$390.96,
31/5/2011,$390.96,
1/6/2011,$390.96,
2/6/2011,$390.96,
3/6/2011,$390.96,
4/6/2011,$390.96,
5/6/2011,$390.96,
6/6/2011,$390.96,
7/6/2011,$390.96,
8/6/2011,$390.96,
9/6/2011,$390.96,
10/6/2011,$390.96,
11/6/2011,$390.96,
12/6/2011,$390.96,
13/6/2011,$390.96,
14/6/2011,$390.96,
15/6/2011,$390.96,
16/6/2011,$390.96,
17/6/2011,$390.96,
18/6/2011,$390.96,
19/6/2011,$390.96,
20/6/2011,$390.96,
21/6/2011,$390.96,
22/6/2011,$390.96,
23/6/2011,$390.96,
24/6/2011,$390.96,
25/6/2011,$390.96,
26/6/2011,$390.96,
27/6/2011,$390.96,
28/6/2011,$390.96,
29/6/2011,$390.96,
30/6/2011,$390.96,
1/7/2011,$390.96,
2/7/2011,$390.96,
3/7/2011,$390.96,
4/7/2011,$390.96,
5/7/2011,$390.96,
6/7/2011,$390.96,
7/7/2011,$390.96,
8/7/2011,$390.96,
9/7/2011,$390.96,
10/7/2011,$390.96,
11/7/2011,$390.96,
12/7/2011,$390.96,
13/7/2011,$390.96,
14/7/2011,$390.96,
15/7/2011,$390.96,
16/7/2011,$390.96,
17/7/2011,$390.96,
18/7/2011,$390.96,
19/7/2011,$390.96,
20/7/2011,$390.96,
21/7/2011,$390.96,
22/7/2011,$390.96,
23/7/2011,$390.96,
24/7/2011,$390.96,
25/7/2011,$390.96,
26/7/2011,$390.96,
27/7/2011,$390.96,
28/7/2011,$390.96,
29/7/2011,$390.96,
30/7/2011,$390.96,
31/7/2011,$390.96,
1/8/2011,$390.96,
2/8/2011,$390.96,
3/8/2011,$390.96,
4/8/2011,$390.96,
5/8/2011,$390.96,
6/8/2011,$390.96,
7/8/2011,$390.96,
8/8/2011,$390.96,
9/8/2011,$390.96,
10/8/2011,$390.96,
11/8/2011,$390.96,
12/8/2011,$390.96,
13/8/2011,$390.96,
14/8/2011,$390.96,
15/8/2011,$390.96,
16/8/2011,$390.96,
17/8/2011,$390.96,
18/8/2011,$390.96,
19/8/2011,$390.96,
20/8/2011,$390.96,
21/8/2011,$390.96,
22/8/2011,$390.96,
23/8/2011,$390.96,
24/8/2011,$390.96,
25/8/2011,$390.96,
26/8/2011,$390.96,
27/8/2011,$390.96,
28/8/2011,$390.96,
29/8/2011,$390.96,
30/8/2011,$390.96,
31/8/2011,$390.96,
1/9/2011,$390.96,
2/9/2011,$390.96,
3/9/2011,$390.96,
4/9/2011,$390.96,
5/9/2011,$390.96,
6/9/2011,$390.96,
7/9/2011,$390.96,
8/9/2011,$390.96,
9/9/2011,$390.96,
10/9/2011,$390.96,
11/9/2011,$390.96,
12/9/2011,$390.96,
13/9/2011,$390.96,
14/9/2011,$390.96,
15/9/2011,$390.96,
16/9/2011,$390.96,
17/9/2011,$390.96,
18/9/2011,$390.96,
19/9/2011,$390.96,
20/9/2011,$390.96,
21/9/2011,$390.96,
22/9/2011,$390.96,
23/9/2011,$390.96,
24/9/2011,$390.96,
25/9/2011,$390.96,
26/9/2011,$390.96,
27/9/2011,$390.96,
28/9/2011,$390.96,
29/9/2011,$390.96,
30/9/2011,$390.96,
1/10/2011,$390.96,
2/10/2011,$390.96,
3/10/2011,$390.96,
4/10/2011,$390.96,
5/10/2011,$390.96,
6/10/2011,$390.96,
7/10/2011,$390.96,
8/10/2011,$390.96,
9/10/2011,$390.96,
10/10/2011,$390.96,
11/10/2011,$390.96,
12/10/2011,$390.96,
13/10/2011,$390.96,
14/10/2011,$390.96,
15/10/2011,$390.96,
16/10/2011,$390.96,
17/10/2011,$390.96,
18/10/2011,$390.96,
19/10/2011,$390.96,
20/10/2011,$390.96,
21/10/2011,$390.96,
22/10/2011,$390.96,
23/10/2011,$390.96,
24/10/2011,$390.96,
25/10/2011,$390.96,
26/10/2011,$390.96,
27/10/2011,$390.96,
28/10/2011,$390.96,
29/10/2011,$390.96,
30/10/2011,$390.96,
31/10/2011,$390.96,
1/11/2011,$390.96,
2/11/2011,$390.96,
3/11/2011,$390.96,
4/11/2011,$390.96,
5/11/2011,$390.96,
6/11/2011,$390.96,
7/11/2011,$390.96,
8/11/2011,$390.96,
9/11/2011,$390.96,
10/11/2011,$390.96,
11/11/2011,$390.96,
12/11/2011,$390.96,
13/11/2011,$390.96,
14/11/2011,$390.96,
15/11/2011,$390.96,
16/11/2011,$390.96,
17/11/2011,$390.96,
18/11/2011,$390.96,
19/11/2011,$390.96,
20/11/2011,$390.96,
21/11/2011,$390.96,
22/11/2011,$390.96,
23/11/2011,$390.96,
24/11/2011,$390.96,
25/11/2011,$390.96,
26/11/2011,$390.96,
27/11/2011,$390.96,
28/11/2011,$390.96,
29/11/2011,$390.96,
30/11/2011,$390.96,
1/12/2011,$390.96,
2/12/2011,$390.96,
3/12/2011,$390.96,
4/12/2011,$390.96,
5/12/2011,$390.96,
6/12/2011,$390.96,
7/12/2011,$390.96,
8/12/2011,$390.96,
9/12/2011,$390.96,
10/12/2011,$390.96,
11/12/2011,$390.96,
12/12/2011,$390.96,
13/12/2011,$390.96,
14/12/2011,$390.96,
15/12/2011,$390.96,
16/12/2011,$390.96,
17/12/2011,$390.96,
18/12/2011,$390.96,
19/12/2011,$390.96,
20/12/2011,$390.96,
21/12/2011,$390.96,
22/12/2011,$390.96,
23/12/2011,$390.96,
24/12/2011,$390.96,
25/12/2011,$390.96,
26/12/2011,$390.96,
27/12/2011,$390.96,
28/12/2011,$390.96,
29/12/2011,$390.96,
30/12/2011,$390.96,
31/12/2011,$390.96,
1/1/2012,$390.96,
2/1/2012,$390.96,
3/1/2012,$390.96,
4/1/2012,$390.96,
5/1/2012,$390.96,
6/1/2012,$390.96,
7/1/2012,$390.96,
8/1/2012,$390.96,
9/1/2012,$390.96,
10/1/2012,$390.96,
11/1/2012,$390.96,
12/1/2012,$390.96,
13/1/2012,$390.96,
14/1/2012,$390.96,
15/1/2012,$390.96,
16/1/2012,$390.96,
17/1/2012,$390.96,
18/1/2012,$390.96,
19/1/2012,$390.96,
20/1/2012,$390.96,
21/1/2012,$390.96,
22/1/2012,$390.96,
23/1/2012,$390.96,
24/1/2012,$390.96,
25/1/2012,$390.96,
26/1/2012,$390.96,
27/1/2012,$390.96,
28/1/2012,$390.96,
29/1/2012,$390.96,
30/1/2012,$390.96,
31/1/2012,$390.96,
1/2/2012,$390.96,
2/2/2012,$390.96,
3/2/2012,$390.96,
4/2/2012,$390.96,
5/2/2012,$390.96,
6/2/2012,$390.96,
7/2/2012,$390.96,
8/2/2012,$390.96,
9/2/2012,$390.96,
10/2/2012,$390.96,
11/2/2012,$390.96,
12/2/2012,$390.96,
13/2/2012,$390.96,
14/2/2012,$390.96,
15/2/2012,$390.96,
16/2/2012,$390.96,
17/2/2012,$390.96,
18/2/2012,$390.96,
19/2/2012,$390.96,
20/2/2012,$390.96,
21/2/2012,$390.96,
22/2/2012,$390.96,
23/2/2012,$390.96,
24/2/2012,$390.96,
25/2/2012,$390.96,
26/2/2012,$390.96,
27/2/2012,$390.96,
28/2/2012,$390.96,
29/2/2012,$390.96,
1/3/2012,$390.96,
2/3/2012,$390.96,
3/3/2012,$390.96,
4/3/2012,$390.96,
5/3/2012,$390.96,
6/3/2012,$390.96,
7/3/2012,$390.96,
8/3/2012,$390.96,
9/3/2012,$390.96,
10/3/2012,$390.96,
11/3/2012,$390.96,
12/3/2012,$390.96,
13/3/2012,$390.96,
14/3/2012,$390.96,
15/3/2012,$390.96,
16/3/2012,$529.11,
17/3/2012,$529.11,
18/3/2012,$529.11,
19/3/2012,$529.11,
20/3/2012,$529.11,
21/3/2012,$529.11,
22/3/2012,$529.11,
23/3/2012,$529.11,
24/3/2012,$529.11,
25/3/2012,$529.11,
26/3/2012,$529.11,
27/3/2012,$529.11,
28/3/2012,$529.11,
29/3/2012,$529.11,
30/3/2012,$529.11,
31/3/2012,$529.11,
1/4/2012,$529.11,
2/4/2012,$529.11,
3/4/2012,$529.11,
4/4/2012,$529.11,
5/4/2012,$529.11,
6/4/2012,$529.11,
7/4/2012,$529.11,
8/4/2012,$529.11,
9/4/2012,$529.11,
10/4/2012,$529.11,
11/4/2012,$529.11,
12/4/2012,$529.11,
13/4/2012,$529.11,
14/4/2012,$529.11,
15/4/2012,$529.11,
16/4/2012,$529.11,
17/4/2012,$529.11,
18/4/2012,$529.11,
19/4/2012,$529.11,
20/4/2012,$529.11,
21/4/2012,$529.11,
22/4/2012,$529.11,
23/4/2012,$529.11,
24/4/2012,$529.11,
25/4/2012,$529.11,
26/4/2012,$529.11,
27/4/2012,$529.11,
28/4/2012,$529.11,
29/4/2012,$529.11,
30/4/2012,$529.11,
1/5/2012,$529.11,
2/5/2012,$529.11,
3/5/2012,$529.11,
4/5/2012,$529.11,
5/5/2012,$529.11,
6/5/2012,$529.11,
7/5/2012,$529.11,
8/5/2012,$529.11,
9/5/2012,$529.11,
10/5/2012,$529.11,
11/5/2012,$529.11,
12/5/2012,$529.11,
13/5/2012,$529.11,
14/5/2012,$529.11,
15/5/2012,$529.11,
16/5/2012,$529.11,
17/5/2012,$529.11,
18/5/2012,$529.11,
19/5/2012,$529.11,
20/5/2012,$529.11,
21/5/2012,$529.11,
22/5/2012,$529.11,
23/5/2012,$529.11,
24/5/2012,$529.11,
25/5/2012,$529.11,
26/5/2012,$529.11,
27/5/2012,$529.11,
28/5/2012,$529.11,
29/5/2012,$529.11,
30/5/2012,$529.11,
31/5/2012,$529.11,
1/6/2012,$529.11,
2/6/2012,$529.11,
3/6/2012,$529.11,
4/6/2012,$529.11,
5/6/2012,$529.11,
6/6/2012,$529.11,
7/6/2012,$529.11,
8/6/2012,$529.11,
9/6/2012,$529.11,
10/6/2012,$529.11,
11/6/2012,$529.11,
12/6/2012,$529.11,
13/6/2012,$529.11,
14/6/2012,$529.11,
15/6/2012,$529.11,
16/6/2012,$529.11,
17/6/2012,$529.11,
18/6/2012,$529.11,
19/6/2012,$529.11,
20/6/2012,$529.11,
21/6/2012,$529.11,
22/6/2012,$529.11,
23/6/2012,$529.11,
24/6/2012,$529.11,
25/6/2012,$529.11,
26/6/2012,$529.11,
27/6/2012,$529.11,
28/6/2012,$529.11,
29/6/2012,$529.11,
30/6/2012,$529.11,
1/7/2012,$529.11,
2/7/2012,$529.11,
3/7/2012,$529.11,
4/7/2012,$529.11,
5/7/2012,$529.11,
6/7/2012,$529.11,
7/7/2012,$529.11,
8/7/2012,$529.11,
9/7/2012,$529.11,
10/7/2012,$529.11,
11/7/2012,$529.11,
12/7/2012,$529.11,
13/7/2012,$529.11,
14/7/2012,$529.11,
15/7/2012,$529.11,
16/7/2012,$529.11,
17/7/2012,$529.11,
18/7/2012,$529.11,
19/7/2012,$529.11,
20/7/2012,$529.11,
21/7/2012,$529.11,
22/7/2012,$529.11,
23/7/2012,$529.11,
24/7/2012,$529.11,
25/7/2012,$529.11,
26/7/2012,$529.11,
27/7/2012,$529.11,
28/7/2012,$529.11,
29/7/2012,$529.11,
30/7/2012,$529.11,
31/7/2012,$529.11,
1/8/2012,$529.11,
2/8/2012,$529.11,
3/8/2012,$529.11,
4/8/2012,$529.11,
5/8/2012,$529.11,
6/8/2012,$529.11,
7/8/2012,$529.11,
8/8/2012,$529.11,
9/8/2012,$529.11,
10/8/2012,$529.11,
11/8/2012,$529.11,
12/8/2012,$529.11,
13/8/2012,$529.11,
14/8/2012,$529.11,
15/8/2012,$529.11,
16/8/2012,$529.11,
17/8/2012,$529.11,
18/8/2012,$529.11,
19/8/2012,$529.11,
20/8/2012,$529.11,
21/8/2012,$529.11,
22/8/2012,$529.11,
23/8/2012,$529.11,
24/8/2012,$529.11,
25/8/2012,$529.11,
26/8/2012,$529.11,
27/8/2012,$529.11,
28/8/2012,$529.11,
29/8/2012,$529.11,
30/8/2012,$529.11,
31/8/2012,$529.11,
1/9/2012,$529.11,
2/9/2012,$529.11,
3/9/2012,$529.11,
4/9/2012,$529.11,
5/9/2012,$529.11,
6/9/2012,$529.11,
7/9/2012,$529.11,
8/9/2012,$529.11,
9/9/2012,$529.11,
10/9/2012,$529.11,
11/9/2012,$529.11,
12/9/2012,$529.11,
13/9/2012,$529.11,
14/9/2012,$529.11,
15/9/2012,$529.11,
16/9/2012,$529.11,
17/9/2012,$529.11,
18/9/2012,$529.11,
19/9/2012,$529.11,
20/9/2012,$529.11,
21/9/2012,$696.60,
22/9/2012,$696.60,
23/9/2012,$696.60,
24/9/2012,$696.60,
25/9/2012,$696.60,
26/9/2012,$696.60,
27/9/2012,$696.60,
28/9/2012,$696.60,
29/9/2012,$696.60,
30/9/2012,$696.60,
1/10/2012,$696.60,
2/10/2012,$696.60,
3/10/2012,$696.60,
4/10/2012,$696.60,
5/10/2012,$696.60,
6/10/2012,$696.60,
7/10/2012,$696.60,
8/10/2012,$696.60,
9/10/2012,$696.60,
10/10/2012,$696.60,
11/10/2012,$696.60,
12/10/2012,$696.60,
13/10/2012,$696.60,
14/10/2012,$696.60,
15/10/2012,$696.60,
16/10/2012,$696.60,
17/10/2012,$696.60,
18/10/2012,$696.60,
19/10/2012,$696.60,
20/10/2012,$696.60,
21/10/2012,$696.60,
22/10/2012,$696.60,
23/10/2012,$696.60,
24/10/2012,$696.60,
25/10/2012,$696.60,
26/10/2012,$696.60,
27/10/2012,$696.60,
28/10/2012,$696.60,
29/10/2012,$696.60,
30/10/2012,$696.60,
31/10/2012,$696.60,
1/11/2012,$696.60,
2/11/2012,$696.60,
3/11/2012,$696.60,
4/11/2012,$696.60,
5/11/2012,$696.60,
6/11/2012,$696.60,
7/11/2012,$696.60,
8/11/2012,$696.60,
9/11/2012,$696.60,
10/11/2012,$696.60,
11/11/2012,$696.60,
12/11/2012,$696.60,
13/11/2012,$696.60,
14/11/2012,$696.60,
15/11/2012,$696.60,
16/11/2012,$696.60,
17/11/2012,$696.60,
18/11/2012,$696.60,
19/11/2012,$696.60,
20/11/2012,$696.60,
21/11/2012,$696.60,
22/11/2012,$696.60,
23/11/2012,$696.60,
24/11/2012,$696.60,
25/11/2012,$696.60,
26/11/2012,$696.60,
27/11/2012,$696.60,
28/11/2012,$696.60,
29/11/2012,$696.60,
30/11/2012,$696.60,
1/12/2012,$696.60,
2/12/2012,$696.60,
3/12/2012,$696.60,
4/12/2012,$696.60,
5/12/2012,$696.60,
6/12/2012,$696.60,
7/12/2012,$696.60,
8/12/2012,$696.60,
9/12/2012,$696.60,
10/12/2012,$696.60,
11/12/2012,$696.60,
12/12/2012,$696.60,
13/12/2012,$696.60,
14/12/2012,$696.60,
15/12/2012,$696.60,
16/12/2012,$696.60,
17/12/2012,$696.60,
18/12/2012,$696.60,
19/12/2012,$696.60,
20/12/2012,$696.60,
21/12/2012,$915.31,
22/12/2012,$915.31,
23/12/2012,$915.31,
24/12/2012,$915.31,
25/12/2012,$915.31,
26/12/2012,$915.31,
27/12/2012,$915.31,
28/12/2012,$915.31,
29/12/2012,$915.31,
30/12/2012,$915.31,
31/12/2012,$915.31,
1/1/2013,$915.31,
2/1/2013,$915.31,
3/1/2013,$915.31,
4/1/2013,$915.31,
5/1/2013,$915.31,
6/1/2013,$915.31,
7/1/2013,$915.31,
8/1/2013,$915.31,
9/1/2013,$915.31,
10/1/2013,$915.31,
11/1/2013,$915.31,
12/1/2013,$915.31,
13/1/2013,$915.31,
14/1/2013,$915.31,
15/1/2013,$915.31,
16/1/2013,$915.31,
17/1/2013,$915.31,
18/1/2013,$915.31,
19/1/2013,$915.31,
20/1/2013,$915.31,
21/1/2013,$915.31,
22/1/2013,$915.31,
23/1/2013,$915.31,
24/1/2013,$915.31,
25/1/2013,$915.31,
26/1/2013,$915.31,
27/1/2013,$915.31,
28/1/2013,$915.31,
29/1/2013,$915.31,
30/1/2013,$915.31,
31/1/2013,$915.31,
1/2/2013,$915.31,
2/2/2013,$915.31,
3/2/2013,$915.31,
4/2/2013,$915.31,
5/2/2013,$915.31,
6/2/2013,$915.31,
7/2/2013,$915.31,
8/2/2013,$915.31,
9/2/2013,$915.31,
10/2/2013,$915.31,
11/2/2013,$915.31,
12/2/2013,$915.31,
13/2/2013,$915.31,
14/2/2013,$915.31,
15/2/2013,$915.31,
16/2/2013,$915.31,
17/2/2013,$915.31,
18/2/2013,$915.31,
19/2/2013,$915.31,
20/2/2013,$915.31,
21/2/2013,$915.31,
22/2/2013,$915.31,
23/2/2013,$915.31,
24/2/2013,$915.31,
25/2/2013,$915.31,
26/2/2013,$915.31,
27/2/2013,$915.31,
28/2/2013,$915.31,
1/3/2013,$915.31,
2/3/2013,$915.31,
3/3/2013,$915.31,
4/3/2013,$915.31,
5/3/2013,$915.31,
6/3/2013,$915.31,
7/3/2013,$915.31,
8/3/2013,$915.31,
9/3/2013,$915.31,
10/3/2013,$915.31,
11/3/2013,$915.31,
12/3/2013,$915.31,
13/3/2013,$915.31,
14/3/2013,$915.31,
15/3/2013,$1064.52,
16/3/2013,$1064.52,
17/3/2013,$1064.52,
18/3/2013,$1064.52,
19/3/2013,$1064.52,
20/3/2013,$1064.52,
21/3/2013,$1064.52,
22/3/2013,$1064.52,
23/3/2013,$1064.52,
24/3/2013,$1064.52,
25/3/2013,$1064.52,
26/3/2013,$1064.52,
27/3/2013,$1064.52,
28/3/2013,$1064.52,
29/3/2013,$1064.52,
30/3/2013,$1064.52,
31/3/2013,$1064.52,
1/4/2013,$1064.52,
2/4/2013,$1064.52,
3/4/2013,$1064.52,
4/4/2013,$1064.52,
5/4/2013,$1064.52,
6/4/2013,$1064.52,
7/4/2013,$1064.52,
8/4/2013,$1064.52,
9/4/2013,$1064.52,
10/4/2013,$1064.52,
11/4/2013,$1064.52,
12/4/2013,$1064.52,
13/4/2013,$1064.52,
14/4/2013,$1064.52,
15/4/2013,$1064.52,
16/4/2013,$1064.52,
17/4/2013,$1064.52,
18/4/2013,$1064.52,
19/4/2013,$1064.52,
20/4/2013,$1064.52,
21/4/2013,$1064.52,
22/4/2013,$1064.52,
23/4/2013,$1064.52,
24/4/2013,$1064.52,
25/4/2013,$1064.52,
26/4/2013,$1064.52,
27/4/2013,$1064.52,
28/4/2013,$1064.52,
29/4/2013,$1064.52,
30/4/2013,$1064.52,
1/5/2013,$1064.52,
2/5/2013,$1064.52,
3/5/2013,$1064.52,
4/5/2013,$1064.52,
5/5/2013,$1064.52,
6/5/2013,$1064.52,
7/5/2013,$1064.52,
8/5/2013,$1064.52,
9/5/2013,$1064.52,
10/5/2013,$1064.52,
11/5/2013,$1064.52,
12/5/2013,$1064.52,
13/5/2013,$1064.52,
14/5/2013,$1064.52,
15/5/2013,$1064.52,
16/5/2013,$1064.52,
17/5/2013,$1064.52,
18/5/2013,$1064.52,
19/5/2013,$1064.52,
20/5/2013,$1064.52,
21/5/2013,$1064.52,
22/5/2013,$1064.52,
23/5/2013,$1064.52,
24/5/2013,$1064.52,
25/5/2013,$1064.52,
26/5/2013,$1064.52,
27/5/2013,$1064.52,
28/5/2013,$1064.52,
29/5/2013,$1064.52,
30/5/2013,$1064.52,
31/5/2013,$1064.52,
1/6/2013,$1064.52,
2/6/2013,$1064.52,
3/6/2013,$1064.52,
4/6/2013,$1064.52,
5/6/2013,$1064.52,
6/6/2013,$1064.52,
7/6/2013,$1064.52,
8/6/2013,$1064.52,
9/6/2013,$1064.52,
10/6/2013,$1064.52,
11/6/2013,$1064.52,
12/6/2013,$1064.52,
13/6/2013,$1064.52,
14/6/2013,$1064.52,
15/6/2013,$1064.52,
16/6/2013,$1064.52,
17/6/2013,$1064.52,
18/6/2013,$1064.52,
19/6/2013,$1064.52,
20/6/2013,$1064.52,
21/6/2013,$1064.52,
22/6/2013,$1064.52,
23/6/2013,$1064.52,
24/6/2013,$1064.52,
25/6/2013,$1064.52,
26/6/2013,$1064.52,
27/6/2013,$1064.52,
28/6/2013,$1064.52,
29/6/2013,$1064.52,
30/6/2013,$1064.52,
1/7/2013,$1064.52,
2/7/2013,$1064.52,
3/7/2013,$1064.52,
4/7/2013,$1064.52,
5/7/2013,$1064.52,
6/7/2013,$1064.52,
7/7/2013,$1064.52,
8/7/2013,$1064.52,
9/7/2013,$1064.52,
10/7/2013,$1064.52,
11/7/2013,$1064.52,
12/7/2013,$1064.52,
13/7/2013,$1064.52,
14/7/2013,$1064.52,
15/7/2013,$1064.52,
16/7/2013,$1064.52,
17/7/2013,$1064.52,
18/7/2013,$1064.52,
19/7/2013,$1064.52,
20/7/2013,$1064.52,
21/7/2013,$1064.52,
22/7/2013,$1064.52,
23/7/2013,$1064.52,
24/7/2013,$1064.52,
25/7/2013,$1064.52,
26/7/2013,$1064.52,
27/7/2013,$1064.52,
28/7/2013,$1064.52,
29/7/2013,$1064.52,
30/7/2013,$1064.52,
31/7/2013,$1064.52,
1/8/2013,$1064.52,
2/8/2013,$1064.52,
3/8/2013,$1064.52,
4/8/2013,$1064.52,
5/8/2013,$1064.52,
6/8/2013,$1064.52,
7/8/2013,$1064.52,
8/8/2013,$1064.52,
9/8/2013,$1064.52,
10/8/2013,$1064.52,
11/8/2013,$1064.52,
12/8/2013,$1064.52,
13/8/2013,$1064.52,
14/8/2013,$1064.52,
15/8/2013,$1064.52,
16/8/2013,$1064.52,
17/8/2013,$1064.52,
18/8/2013,$1064.52,
19/8/2013,$1064.52,
20/8/2013,$1064.52,
21/8/2013,$1064.52,
22/8/2013,$1064.52,
23/8/2013,$1064.52,
24/8/2013,$1064.52,
25/8/2013,$1064.52,
26/8/2013,$1064.52,
27/8/2013,$1064.52,
28/8/2013,$1064.52,
29/8/2013,$1064.52,
30/8/2013,$1064.52,
31/8/2013,$1064.52,
1/9/2013,$1064.52,
2/9/2013,$1064.52,
3/9/2013,$1064.52,
4/9/2013,$1064.52,
5/9/2013,$1064.52,
6/9/2013,$1064.52,
7/9/2013,$1064.52,
8/9/2013,$1064.52,
9/9/2013,$1064.52,
10/9/2013,$1064.52,
11/9/2013,$1064.52,
12/9/2013,$1064.52,
13/9/2013,$1064.52,
14/9/2013,$1064.52,
15/9/2013,$1064.52,
16/9/2013,$1064.52,
17/9/2013,$1064.52,
18/9/2013,$1064.52,
19/9/2013,$1064.52,
20/9/2013,$1241.34,
21/9/2013,$1241.34,
22/9/2013,$1241.34,
23/9/2013,$1241.34,
24/9/2013,$1241.34,
25/9/2013,$1241.34,
26/9/2013,$1241.34,
27/9/2013,$1241.34,
28/9/2013,$1241.34,
29/9/2013,$1241.34,
30/9/2013,$1241.34,
1/10/2013,$1241.34,
2/10/2013,$1241.34,
3/10/2013,$1241.34,
4/10/2013,$1241.34,
5/10/2013,$1241.34,
6/10/2013,$1241.34,
7/10/2013,$1241.34,
8/10/2013,$1241.34,
9/10/2013,$1241.34,
10/10/2013,$1241.34,
11/10/2013,$1241.34,
12/10/2013,$1241.34,
13/10/2013,$1241.34,
14/10/2013,$1241.34,
15/10/2013,$1241.34,
16/10/2013,$1241.34,
17/10/2013,$1241.34,
18/10/2013,$1241.34,
19/10/2013,$1241.34,
20/10/2013,$1241.34,
21/10/2013,$1241.34,
22/10/2013,$1241.34,
23/10/2013,$1241.34,
24/10/2013,$1241.34,
25/10/2013,$1241.34,
26/10/2013,$1241.34,
27/10/2013,$1241.34,
28/10/2013,$1241.34,
29/10/2013,$1241.34,
30/10/2013,$1241.34,
31/10/2013,$1241.34,
1/11/2013,$1241.34,
2/11/2013,$1241.34,
3/11/2013,$1241.34,
4/11/2013,$1241.34,
5/11/2013,$1241.34,
6/11/2013,$1241.34,
7/11/2013,$1241.34,
8/11/2013,$1241.34,
9/11/2013,$1241.34,
10/11/2013,$1241.34,
11/11/2013,$1241.34,
12/11/2013,$1241.34,
13/11/2013,$1241.34,
14/11/2013,$1241.34,
15/11/2013,$1241.34,
16/11/2013,$1241.34,
17/11/2013,$1241.34,
18/11/2013,$1241.34,
19/11/2013,$1241.34,
20/11/2013,$1241.34,
21/11/2013,$1241.34,
22/11/2013,$1241.34,
23/11/2013,$1241.34,
24/11/2013,$1241.34,
25/11/2013,$1241.34,
26/11/2013,$1241.34,
27/11/2013,$1241.34,
28/11/2013,$1241.34,
29/11/2013,$1241.34,
30/11/2013,$1241.34,
1/12/2013,$1241.34,
2/12/2013,$1241.34,
3/12/2013,$1241.34,
4/12/2013,$1241.34,
5/12/2013,$1241.34,
6/12/2013,$1241.34,
7/12/2013,$1241.34,
8/12/2013,$1241.34,
9/12/2013,$1241.34,
10/12/2013,$1241.34,
11/12/2013,$1241.34,
12/12/2013,$1241.34,
13/12/2013,$1241.34,
14/12/2013,$1241.34,
15/12/2013,$1241.34,
16/12/2013,$1241.34,
17/12/2013,$1241.34,
18/12/2013,$1241.34,
19/12/2013,$1241.34,
20/12/2013,$1443.22,
21/12/2013,$1443.22,
22/12/2013,$1443.22,
23/12/2013,$1443.22,
24/12/2013,$1443.22,
25/12/2013,$1443.22,
26/12/2013,$1443.22,
27/12/2013,$1443.22,
28/12/2013,$1443.22,
29/12/2013,$1443.22,
30/12/2013,$1443.22,
31/12/2013,$1443.22,
1/1/2014,$1443.22,
2/1/2014,$1443.22,
3/1/2014,$1443.22,
4/1/2014,$1443.22,
5/1/2014,$1443.22,
6/1/2014,$1443.22,
7/1/2014,$1443.22,
8/1/2014,$1443.22,
9/1/2014,$1443.22,
10/1/2014,$1443.22,
11/1/2014,$1443.22,
12/1/2014,$1443.22,
13/1/2014,$1443.22,
14/1/2014,$1443.22,
15/1/2014,$1443.22,
16/1/2014,$1443.22,
17/1/2014,$1443.22,
18/1/2014,$1443.22,
19/1/2014,$1443.22,
20/1/2014,$1443.22,
21/1/2014,$1443.22,
22/1/2014,$1443.22,
23/1/2014,$1443.22,
24/1/2014,$1443.22,
25/1/2014,$1443.22,
26/1/2014,$1443.22,
27/1/2014,$1443.22,
28/1/2014,$1443.22,
29/1/2014,$1443.22,
30/1/2014,$1443.22,
31/1/2014,$1443.22,
1/2/2014,$1443.22,
2/2/2014,$1443.22,
3/2/2014,$1443.22,
4/2/2014,$1443.22,
5/2/2014,$1443.22,
6/2/2014,$1443.22,
7/2/2014,$1443.22,
8/2/2014,$1443.22,
9/2/2014,$1443.22,
10/2/2014,$1443.22,
11/2/2014,$1443.22,
12/2/2014,$1443.22,
13/2/2014,$1443.22,
14/2/2014,$1443.22,
15/2/2014,$1443.22,
16/2/2014,$1443.22,
17/2/2014,$1443.22,
18/2/2014,$1443.22,
19/2/2014,$1443.22,
20/2/2014,$1443.22,
21/2/2014,$1443.22,
22/2/2014,$1443.22,
23/2/2014,$1443.22,
24/2/2014,$1443.22,
25/2/2014,$1443.22,
26/2/2014,$1443.22,
27/2/2014,$1443.22,
28/2/2014,$1443.22,
1/3/2014,$1443.22,
2/3/2014,$1443.22,
3/3/2014,$1443.22,
4/3/2014,$1443.22,
5/3/2014,$1443.22,
6/3/2014,$1443.22,
7/3/2014,$1443.22,
8/3/2014,$1443.22,
9/3/2014,$1443.22,
10/3/2014,$1443.22,
11/3/2014,$1443.22,
12/3/2014,$1443.22,
13/3/2014,$1443.22,
14/3/2014,$1443.22,
15/3/2014,$1443.22,
16/3/2014,$1443.22,
17/3/2014,$1443.22,
18/3/2014,$1443.22,
19/3/2014,$1443.22,
20/3/2014,$1443.22,
21/3/2014,$1609.05,
22/3/2014,$1609.05,
23/3/2014,$1609.05,
24/3/2014,$1609.05,
25/3/2014,$1609.05,
26/3/2014,$1609.05,
27/3/2014,$1609.05,
28/3/2014,$1609.05,
29/3/2014,$1609.05,
30/3/2014,$1609.05,
31/3/2014,$1609.05,
1/4/2014,$1609.05,
2/4/2014,$1609.05,
3/4/2014,$1609.05,
4/4/2014,$1609.05,
5/4/2014,$1609.05,
6/4/2014,$1609.05,
7/4/2014,$1609.05,
8/4/2014,$1609.05,
9/4/2014,$1609.05,
10/4/2014,$1609.05,
11/4/2014,$1609.05,
12/4/2014,$1609.05,
13/4/2014,$1609.05,
14/4/2014,$1609.05,
15/4/2014,$1609.05,
16/4/2014,$1609.05,
17/4/2014,$1609.05,
18/4/2014,$1609.05,
19/4/2014,$1609.05,
20/4/2014,$1609.05,
21/4/2014,$1609.05,
22/4/2014,$1609.05,
23/4/2014,$1609.05,
24/4/2014,$1609.05,
25/4/2014,$1609.05,
26/4/2014,$1609.05,
27/4/2014,$1609.05,
28/4/2014,$1609.05,
29/4/2014,$1609.05,
30/4/2014,$1609.05,
1/5/2014,$1609.05,
2/5/2014,$1609.05,
3/5/2014,$1609.05,
4/5/2014,$1609.05,
5/5/2014,$1609.05,
6/5/2014,$1609.05,
7/5/2014,$1609.05,
8/5/2014,$1609.05,
9/5/2014,$1609.05,
10/5/2014,$1609.05,
11/5/2014,$1609.05,
12/5/2014,$1609.05,
13/5/2014,$1609.05,
14/5/2014,$1609.05,
15/5/2014,$1609.05,
16/5/2014,$1609.05,
17/5/2014,$1609.05,
18/5/2014,$1609.05,
19/5/2014,$1609.05,
20/5/2014,$1609.05,
21/5/2014,$1609.05,
22/5/2014,$1609.05,
23/5/2014,$1609.05,
24/5/2014,$1609.05,
25/5/2014,$1609.05,
26/5/2014,$1609.05,
27/5/2014,$1609.05,
28/5/2014,$1609.05,
29/5/2014,$1609.05,
30/5/2014,$1609.05,
31/5/2014,$1609.05,
1/6/2014,$1609.05,
2/6/2014,$1609.05,
3/6/2014,$1609.05,
4/6/2014,$1609.05,
5/6/2014,$1609.05,
6/6/2014,$1609.05,
7/6/2014,$1609.05,
8/6/2014,$1609.05,
9/6/2014,$1609.05,
10/6/2014,$1609.05,
11/6/2014,$1609.05,
12/6/2014,$1609.05,
13/6/2014,$1609.05,
14/6/2014,$1609.05,
15/6/2014,$1609.05,
16/6/2014,$1609.05,
17/6/2014,$1609.05,
18/6/2014,$1609.05,
19/6/2014,$1609.05,
20/6/2014,$1796.45,
21/6/2014,$1796.45,
22/6/2014,$1796.45,
23/6/2014,$1796.45,
24/6/2014,$1796.45,
25/6/2014,$1796.45,
26/6/2014,$1796.45,
27/6/2014,$1796.45,
28/6/2014,$1796.45,
29/6/2014,$1796.45,
30/6/2014,$1796.45,
1/7/2014,$1796.45,
2/7/2014,$1796.45,
3/7/2014,$1796.45,
4/7/2014,$1796.45,
5/7/2014,$1796.45,
6/7/2014,$1796.45,
7/7/2014,$1796.45,
8/7/2014,$1796.45,
9/7/2014,$1796.45,
10/7/2014,$1796.45,
11/7/2014,$1796.45,
12/7/2014,$1796.45,
13/7/2014,$1796.45,
14/7/2014,$1796.45,
15/7/2014,$1796.45,
16/7/2014,$1796.45,
17/7/2014,$1796.45,
18/7/2014,$1796.45,
19/7/2014,$1796.45,
20/7/2014,$1796.45,
21/7/2014,$1796.45,
22/7/2014,$1796.45,
23/7/2014,$1796.45,
24/7/2014,$1796.45,
25/7/2014,$1796.45,
26/7/2014,$1796.45,
27/7/2014,$1796.45,
28/7/2014,$1796.45,
29/7/2014,$1796.45,
30/7/2014,$1796.45,
31/7/2014,$1796.45,
1/8/2014,$1796.45,
2/8/2014,$1796.45,
3/8/2014,$1796.45,
4/8/2014,$1796.45,
5/8/2014,$1796.45,
6/8/2014,$1796.45,
7/8/2014,$1796.45,
8/8/2014,$1796.45,
9/8/2014,$1796.45,
10/8/2014,$1796.45,
11/8/2014,$1796.45,
12/8/2014,$1796.45,
13/8/2014,$1796.45,
14/8/2014,$1796.45,
15/8/2014,$1796.45,
16/8/2014,$1796.45,
17/8/2014,$1796.45,
18/8/2014,$1796.45,
19/8/2014,$1796.45,
20/8/2014,$1796.45,
21/8/2014,$1796.45,
22/8/2014,$1796.45,
23/8/2014,$1796.45,
24/8/2014,$1796.45,
25/8/2014,$1796.45,
26/8/2014,$1796.45,
27/8/2014,$1796.45,
28/8/2014,$1796.45,
29/8/2014,$1796.45,
30/8/2014,$1796.45,
31/8/2014,$1796.45,
1/9/2014,$1796.45,
2/9/2014,$1796.45,
3/9/2014,$1796.45,
4/9/2014,$1796.45,
5/9/2014,$1796.45,
6/9/2014,$1796.45,
7/9/2014,$1796.45,
8/9/2014,$1796.45,
9/9/2014,$1796.45,
10/9/2014,$1796.45,
11/9/2014,$1796.45,
12/9/2014,$1796.45,
13/9/2014,$1796.45,
14/9/2014,$1796.45,
15/9/2014,$1796.45,
16/9/2014,$1796.45,
17/9/2014,$1796.45,
18/9/2014,$1796.45,
19/9/2014,$1982.37,
20/9/2014,$1982.37,
21/9/2014,$1982.37,
22/9/2014,$1982.37,
23/9/2014,$1982.37,
24/9/2014,$1982.37,
25/9/2014,$1982.37,
26/9/2014,$1982.37,
27/9/2014,$1982.37,
28/9/2014,$1982.37,
29/9/2014,$1982.37,
30/9/2014,$1982.37,
1/10/2014,$1982.37,
2/10/2014,$1982.37,
3/10/2014,$1982.37,
4/10/2014,$1982.37,
5/10/2014,$1982.37,
6/10/2014,$1982.37,
7/10/2014,$1982.37,
8/10/2014,$1982.37,
9/10/2014,$1982.37,
10/10/2014,$1982.37,
11/10/2014,$1982.37,
12/10/2014,$1982.37,
13/10/2014,$1982.37,
14/10/2014,$1982.37,
15/10/2014,$1982.37,
16/10/2014,$1982.37,
17/10/2014,$1982.37,
18/10/2014,$1982.37,
19/10/2014,$1982.37,
20/10/2014,$1982.37,
21/10/2014,$1982.37,
22/10/2014,$1982.37,
23/10/2014,$1982.37,
24/10/2014,$1982.37,
25/10/2014,$1982.37,
26/10/2014,$1982.37,
27/10/2014,$1982.37,
28/10/2014,$1982.37,
29/10/2014,$1982.37,
30/10/2014,$1982.37,
31/10/2014,$1982.37,
1/11/2014,$1982.37,
2/11/2014,$1982.37,
3/11/2014,$1982.37,
4/11/2014,$1982.37,
5/11/2014,$1982.37,
6/11/2014,$1982.37,
7/11/2014,$1982.37,
8/11/2014,$1982.37,
9/11/2014,$1982.37,
10/11/2014,$1982.37,
11/11/2014,$1982.37,
12/11/2014,$1982.37,
13/11/2014,$1982.37,
14/11/2014,$1982.37,
15/11/2014,$1982.37,
16/11/2014,$1982.37,
17/11/2014,$1982.37,
18/11/2014,$1982.37,
19/11/2014,$1982.37,
20/11/2014,$1982.37,
21/11/2014,$1982.37,
22/11/2014,$1982.37,
23/11/2014,$1982.37,
24/11/2014,$1982.37,
25/11/2014,$1982.37,
26/11/2014,$1982.37,
27/11/2014,$1982.37,
28/11/2014,$1982.37,
29/11/2014,$1982.37,
30/11/2014,$1982.37,
1/12/2014,$1982.37,
2/12/2014,$1982.37,
3/12/2014,$1982.37,
4/12/2014,$1982.37,
5/12/2014,$1982.37,
6/12/2014,$1982.37,
7/12/2014,$1982.37,
8/12/2014,$1982.37,
9/12/2014,$1982.37,
10/12/2014,$1982.37,
11/12/2014,$1982.37,
12/12/2014,$1982.37,
13/12/2014,$1982.37,
14/12/2014,$1982.37,
15/12/2014,$1982.37,
16/12/2014,$1982.37,
17/12/2014,$1982.37,
18/12/2014,$1982.37,
19/12/2014,$2201.43,
20/12/2014,$2201.43,
21/12/2014,$2201.43,
22/12/2014,$2201.43,
23/12/2014,$2201.43,
24/12/2014,$2201.43,
25/12/2014,$2201.43,
26/12/2014,$2201.43,
27/12/2014,$2201.43,
28/12/2014,$2201.43,
29/12/2014,$2201.43,
30/12/2014,$2201.43,
31/12/2014,$2201.43,
1/1/2015,$2201.43,
2/1/2015,$2201.43,
3/1/2015,$2201.43,
4/1/2015,$2201.43,
5/1/2015,$2201.43,
6/1/2015,$2201.43,
7/1/2015,$2201.43,
8/1/2015,$2201.43,
9/1/2015,$2201.43,
10/1/2015,$2201.43,
11/1/2015,$2201.43,
12/1/2015,$2201.43,
13/1/2015,$2201.43,
14/1/2015,$2201.43,
15/1/2015,$2201.43,
16/1/2015,$2201.43,
17/1/2015,$2201.43,
18/1/2015,$2201.43,
19/1/2015,$2201.43,
20/1/2015,$2201.43,
21/1/2015,$2201.43,
22/1/2015,$2201.43,
23/1/2015,$2201.43,
24/1/2015,$2201.43,
25/1/2015,$2201.43,
26/1/2015,$2201.43,
27/1/2015,$2201.43,
28/1/2015,$2201.43,
29/1/2015,$2201.43,
30/1/2015,$2201.43,
31/1/2015,$2201.43,
1/2/2015,$2201.43,
2/2/2015,$2201.43,
3/2/2015,$2201.43,
4/2/2015,$2201.43,
5/2/2015,$2201.43,
6/2/2015,$2201.43,
7/2/2015,$2201.43,
8/2/2015,$2201.43,
9/2/2015,$2201.43,
10/2/2015,$2201.43,
11/2/2015,$2201.43,
12/2/2015,$2201.43,
13/2/2015,$2201.43,
14/2/2015,$2201.43,
15/2/2015,$2201.43,
16/2/2015,$2201.43,
17/2/2015,$2201.43,
18/2/2015,$2201.43,
19/2/2015,$2201.43,
20/2/2015,$2201.43,
21/2/2015,$2201.43,
22/2/2015,$2201.43,
23/2/2015,$2201.43,
24/2/2015,$2201.43,
25/2/2015,$2201.43,
26/2/2015,$2201.43,
27/2/2015,$2201.43,
28/2/2015,$2201.43,
1/3/2015,$2201.43,
2/3/2015,$2201.43,
3/3/2015,$2201.43,
4/3/2015,$2201.43,
5/3/2015,$2201.43,
6/3/2015,$2201.43,
7/3/2015,$2201.43,
8/3/2015,$2201.43,
9/3/2015,$2201.43,
10/3/2015,$2201.43,
11/3/2015,$2201.43,
12/3/2015,$2201.43,
13/3/2015,$2201.43,
14/3/2015,$2201.43,
15/3/2015,$2201.43,
16/3/2015,$2201.43,
17/3/2015,$2201.43,
18/3/2015,$2201.43,
19/3/2015,$2201.43,
20/3/2015,$2370.87,
21/3/2015,$2370.87,
22/3/2015,$2370.87,
23/3/2015,$2370.87,
24/3/2015,$2370.87,
25/3/2015,$2370.87,
26/3/2015,$2370.87,
27/3/2015,$2370.87,
28/3/2015,$2370.87,
29/3/2015,$2370.87,
30/3/2015,$2370.87,
31/3/2015,$2370.87,
1/4/2015,$2370.87,
2/4/2015,$2370.87,
3/4/2015,$2370.87,
4/4/2015,$2370.87,
5/4/2015,$2370.87,
6/4/2015,$2370.87,
7/4/2015,$2370.87,
8/4/2015,$2370.87,
9/4/2015,$2370.87,
10/4/2015,$2370.87,
11/4/2015,$2370.87,
12/4/2015,$2370.87,
13/4/2015,$2370.87,
14/4/2015,$2370.87,
15/4/2015,$2370.87,
16/4/2015,$2370.87,
17/4/2015,$2370.87,
18/4/2015,$2370.87,
19/4/2015,$2370.87,
20/4/2015,$2370.87,
21/4/2015,$2370.87,
22/4/2015,$2370.87,
23/4/2015,$2370.87,
24/4/2015,$2370.87,
25/4/2015,$2370.87,
26/4/2015,$2370.87,
27/4/2015,$2370.87,
28/4/2015,$2370.87,
29/4/2015,$2370.87,
30/4/2015,$2370.87,
1/5/2015,$2370.87,
2/5/2015,$2370.87,
3/5/2015,$2370.87,
4/5/2015,$2370.87,
5/5/2015,$2370.87,
6/5/2015,$2370.87,
7/5/2015,$2370.87,
8/5/2015,$2370.87,
9/5/2015,$2370.87,
10/5/2015,$2370.87,
11/5/2015,$2370.87,
12/5/2015,$2370.87,
13/5/2015,$2370.87,
14/5/2015,$2370.87,
15/5/2015,$2370.87,
16/5/2015,$2370.87,
17/5/2015,$2370.87,
18/5/2015,$2370.87,
19/5/2015,$2370.87,
20/5/2015,$2370.87,
21/5/2015,$2370.87,
22/5/2015,$2370.87,
23/5/2015,$2370.87,
24/5/2015,$2370.87,
25/5/2015,$2370.87,
26/5/2015,$2370.87,
27/5/2015,$2370.87,
28/5/2015,$2370.87,
29/5/2015,$2370.87,
30/5/2015,$2370.87,
31/5/2015,$2370.87,
1/6/2015,$2370.87,
2/6/2015,$2370.87,
3/6/2015,$2370.87,
4/6/2015,$2370.87,
5/6/2015,$2370.87,
6/6/2015,$2370.87,
7/6/2015,$2370.87,
8/6/2015,$2370.87,
9/6/2015,$2370.87,
10/6/2015,$2370.87,
11/6/2015,$2370.87,
12/6/2015,$2370.87,
13/6/2015,$2370.87,
14/6/2015,$2370.87,
15/6/2015,$2370.87,
16/6/2015,$2370.87,
17/6/2015,$2370.87,
18/6/2015,$2370.87,
19/6/2015,$2549.06,
20/6/2015,$2549.06,
21/6/2015,$2549.06,
22/6/2015,$2549.06,
23/6/2015,$2549.06,
24/6/2015,$2549.06,
25/6/2015,$2549.06,
26/6/2015,$2549.06,
27/6/2015,$2549.06,
28/6/2015,$2549.06,
29/6/2015,$2549.06,
30/6/2015,$2549.06,
1/7/2015,$2549.06,
2/7/2015,$2549.06,
3/7/2015,$2549.06,
4/7/2015,$2549.06,
5/7/2015,$2549.06,
6/7/2015,$2549.06,
7/7/2015,$2549.06,
8/7/2015,$2549.06,
9/7/2015,$2549.06,
10/7/2015,$2549.06,
11/7/2015,$2549.06,
12/7/2015,$2549.06,
13/7/2015,$2549.06,
14/7/2015,$2549.06,
15/7/2015,$2549.06,
16/7/2015,$2549.06,
17/7/2015,$2549.06,
18/7/2015,$2549.06,
19/7/2015,$2549.06,
20/7/2015,$2549.06,
21/7/2015,$2549.06,
22/7/2015,$2549.06,
23/7/2015,$2549.06,
24/7/2015,$2549.06,
25/7/2015,$2549.06,
26/7/2015,$2549.06,
27/7/2015,$2549.06,
28/7/2015,$2549.06,
29/7/2015,$2549.06,
30/7/2015,$2549.06,
31/7/2015,$2549.06,
1/8/2015,$2549.06,
2/8/2015,$2549.06,
3/8/2015,$2549.06,
4/8/2015,$2549.06,
5/8/2015,$2549.06,
6/8/2015,$2549.06,
7/8/2015,$2549.06,
8/8/2015,$2549.06,
9/8/2015,$2549.06,
10/8/2015,$2549.06,
11/8/2015,$2549.06,
12/8/2015,$2549.06,
13/8/2015,$2549.06,
14/8/2015,$2549.06,
15/8/2015,$2549.06,
16/8/2015,$2549.06,
17/8/2015,$2549.06,
18/8/2015,$2549.06,
19/8/2015,$2549.06,
20/8/2015,$2549.06,
21/8/2015,$2549.06,
22/8/2015,$2549.06,
23/8/2015,$2549.06,
24/8/2015,$2549.06,
25/8/2015,$2549.06,
26/8/2015,$2549.06,
27/8/2015,$2549.06,
28/8/2015,$2549.06,
29/8/2015,$2549.06,
30/8/2015,$2549.06,
31/8/2015,$2549.06,
1/9/2015,$2549.06,
2/9/2015,$2549.06,
3/9/2015,$2549.06,
4/9/2015,$2549.06,
5/9/2015,$2549.06,
6/9/2015,$2549.06,
7/9/2015,$2549.06,
8/9/2015,$2549.06,
9/9/2015,$2549.06,
10/9/2015,$2549.06,
11/9/2015,$2549.06,
12/9/2015,$2549.06,
13/9/2015,$2549.06,
14/9/2015,$2549.06,
15/9/2015,$2549.06,
16/9/2015,$2549.06,
17/9/2015,$2549.06,
18/9/2015,$2549.06,
19/9/2015,$2549.06,
20/9/2015,$2549.06,
21/9/2015,$2549.06,
22/9/2015,$2549.06,
23/9/2015,$2549.06,
24/9/2015,$2549.06,
25/9/2015,$2549.06,
26/9/2015,$2549.06,
27/9/2015,$2549.06,
28/9/2015,$2549.06,
29/9/2015,$2549.06,
30/9/2015,$2549.06,
1/10/2015,$2549.06,
2/10/2015,$2549.06,
3/10/2015,$2549.06,
4/10/2015,$2549.06,
5/10/2015,$2549.06,
6/10/2015,$2549.06,
7/10/2015,$2549.06,
8/10/2015,$2549.06,
9/10/2015,$2549.06,
10/10/2015,$2549.06,
11/10/2015,$2549.06,
12/10/2015,$2549.06,
13/10/2015,$2549.06,
14/10/2015,$2549.06,
15/10/2015,$2549.06,
16/10/2015,$2549.06,
17/10/2015,$2549.06,
18/10/2015,$2549.06,
19/10/2015,$2549.06,
20/10/2015,$2549.06,
21/10/2015,$2549.06,
22/10/2015,$2549.06,
23/10/2015,$2549.06,
24/10/2015,$2549.06,
25/10/2015,$2549.06,
26/10/2015,$2549.06,
27/10/2015,$2549.06,
28/10/2015,$2549.06,
29/10/2015,$2549.06,
30/10/2015,$2549.06,
31/10/2015,$2549.06,
1/11/2015,$2549.06,
2/11/2015,$2549.06,
3/11/2015,$2549.06,
4/11/2015,$2549.06,
5/11/2015,$2549.06,
6/11/2015,$2549.06,
7/11/2015,$2549.06,
8/11/2015,$2549.06,
9/11/2015,$2549.06,
10/11/2015,$2549.06,
11/11/2015,$2549.06,
12/11/2015,$2549.06,
13/11/2015,$2549.06,
14/11/2015,$2549.06,
15/11/2015,$2549.06,
16/11/2015,$2549.06,
17/11/2015,$2549.06,
18/11/2015,$2549.06,
19/11/2015,$2549.06,
20/11/2015,$2549.06,
21/11/2015,$2549.06,
22/11/2015,$2549.06,
23/11/2015,$2549.06,
24/11/2015,$2549.06,
25/11/2015,$2549.06,
26/11/2015,$2549.06,
27/11/2015,$2549.06,
28/11/2015,$2549.06,
29/11/2015,$2549.06,
30/11/2015,$2549.06,
1/12/2015,$2549.06,
2/12/2015,$2549.06,
3/12/2015,$2549.06,
4/12/2015,$2549.06,
5/12/2015,$2549.06,
6/12/2015,$2549.06,
7/12/2015,$2549.06,
8/12/2015,$2549.06,
9/12/2015,$2549.06,
10/12/2015,$2549.06,
11/12/2015,$2549.06,
12/12/2015,$2549.06,
13/12/2015,$2549.06,
14/12/2015,$2549.06,
15/12/2015,$2549.06,
16/12/2015,$2549.06,
17/12/2015,$2549.06,
18/12/2015,$2549.06,
19/12/2015,$2549.06,
20/12/2015,$2549.06,
21/12/2015,$2549.06,
22/12/2015,$2549.06,
23/12/2015,$2549.06,
24/12/2015,$2549.06,
25/12/2015,$2549.06,
26/12/2015,$2549.06,
27/12/2015,$2549.06,
28/12/2015,$2549.06,
29/12/2015,$2549.06,
30/12/2015,$2549.06,
31/12/2015,$2549.06,
1/1/2016,$2549.06,
2/1/2016,$2549.06,
3/1/2016,$2549.06,
4/1/2016,$2549.06,
5/1/2016,$2549.06,
6/1/2016,$2549.06,
7/1/2016,$2549.06,
8/1/2016,$2549.06,
9/1/2016,$2549.06,
10/1/2016,$2549.06,
11/1/2016,$2549.06,
12/1/2016,$2549.06,
13/1/2016,$2549.06,
14/1/2016,$2549.06,
15/1/2016,$2549.06,
16/1/2016,$2549.06,
17/1/2016,$2549.06,
18/1/2016,$2549.06,
19/1/2016,$2549.06,
20/1/2016,$2549.06,
21/1/2016,$2549.06,
22/1/2016,$2549.06,
23/1/2016,$2549.06,
24/1/2016,$2549.06,
25/1/2016,$2549.06,
26/1/2016,$2549.06,
27/1/2016,$2549.06,
28/1/2016,$2549.06,
29/1/2016,$2549.06,
30/1/2016,$2549.06,
31/1/2016,$2549.06,
1/2/2016,$2549.06,
2/2/2016,$2549.06,
3/2/2016,$2549.06,
4/2/2016,$2549.06,
5/2/2016,$2549.06,
6/2/2016,$2549.06,
7/2/2016,$2549.06,
8/2/2016,$2549.06,
9/2/2016,$2549.06,
10/2/2016,$2549.06,
11/2/2016,$2549.06,
12/2/2016,$2549.06,
13/2/2016,$2549.06,
14/2/2016,$2549.06,
15/2/2016,$2549.06,
16/2/2016,$2549.06,
17/2/2016,$2549.06,
18/2/2016,$2549.06,
19/2/2016,$2549.06,
20/2/2016,$2549.06,
21/2/2016,$2549.06,
22/2/2016,$2549.06,
23/2/2016,$2549.06,
24/2/2016,$2549.06,
25/2/2016,$2549.06,
26/2/2016,$2549.06,
27/2/2016,$2549.06,
28/2/2016,$2549.06,
29/2/2016,$2549.06,
1/3/2016,$2549.06,
2/3/2016,$2549.06,
3/3/2016,$2549.06,
4/3/2016,$2549.06,
5/3/2016,$2549.06,
6/3/2016,$2549.06,
7/3/2016,$2549.06,
8/3/2016,$2549.06,
9/3/2016,$2549.06,
10/3/2016,$2549.06,
11/3/2016,$2549.06,
12/3/2016,$2549.06,
13/3/2016,$2549.06,
14/3/2016,$2549.06,
15/3/2016,$2549.06,
16/3/2016,$2549.06,
17/3/2016,$2549.06,
18/3/2016,$2735.96,
19/3/2016,$2735.96,
20/3/2016,$2735.96,
21/3/2016,$2735.96,
22/3/2016,$2735.96,
23/3/2016,$2735.96,
24/3/2016,$2735.96,
25/3/2016,$2735.96,
26/3/2016,$2735.96,
27/3/2016,$2735.96,
28/3/2016,$2735.96,
29/3/2016,$2735.96,
30/3/2016,$2735.96,
31/3/2016,$2735.96,
1/4/2016,$2735.96,
2/4/2016,$2735.96,
3/4/2016,$2735.96,
4/4/2016,$2735.96,
5/4/2016,$2735.96,
6/4/2016,$2735.96,
7/4/2016,$2735.96,
8/4/2016,$2735.96,
9/4/2016,$2735.96,
10/4/2016,$2735.96,
11/4/2016,$2735.96,
12/4/2016,$2735.96,
13/4/2016,$2735.96,
14/4/2016,$2735.96,
15/4/2016,$2735.96,
16/4/2016,$2735.96,
17/4/2016,$2735.96,
18/4/2016,$2735.96,
19/4/2016,$2735.96,
20/4/2016,$2735.96,
21/4/2016,$2735.96,
22/4/2016,$2735.96,
23/4/2016,$2735.96,
24/4/2016,$2735.96,
25/4/2016,$2735.96,
26/4/2016,$2735.96,
27/4/2016,$2735.96,
28/4/2016,$2735.96,
29/4/2016,$2735.96,
30/4/2016,$2735.96,
1/5/2016,$2735.96,
2/5/2016,$2735.96,
3/5/2016,$2735.96,
4/5/2016,$2735.96,
5/5/2016,$2735.96,
6/5/2016,$2735.96,
7/5/2016,$2735.96,
8/5/2016,$2735.96,
9/5/2016,$2735.96,
10/5/2016,$2735.96,
11/5/2016,$2735.96,
12/5/2016,$2735.96,
13/5/2016,$2735.96,
14/5/2016,$2735.96,
15/5/2016,$2735.96,
16/5/2016,$2735.96,
17/5/2016,$2735.96,
18/5/2016,$2735.96,
19/5/2016,$2735.96,
20/5/2016,$2735.96,
21/5/2016,$2735.96,
22/5/2016,$2735.96,
23/5/2016,$2735.96,
24/5/2016,$2735.96,
25/5/2016,$2735.96,
26/5/2016,$2735.96,
27/5/2016,$2735.96,
28/5/2016,$2735.96,
29/5/2016,$2735.96,
30/5/2016,$2735.96,
31/5/2016,$2735.96,
1/6/2016,$2735.96,
2/6/2016,$2735.96,
3/6/2016,$2735.96,
4/6/2016,$2735.96,
5/6/2016,$2735.96,
6/6/2016,$2735.96,
7/6/2016,$2735.96,
8/6/2016,$2735.96,
9/6/2016,$2735.96,
10/6/2016,$2735.96,
11/6/2016,$2735.96,
12/6/2016,$2735.96,
13/6/2016,$2735.96,
14/6/2016,$2735.96,
15/6/2016,$2735.96,
16/6/2016,$2735.96,
17/6/2016,$2735.96,
18/6/2016,$2735.96,
19/6/2016,$2735.96,
20/6/2016,$2735.96,
21/6/2016,$2735.96,
22/6/2016,$2735.96,
23/6/2016,$2735.96,
24/6/2016,$2735.96,
25/6/2016,$2735.96,
26/6/2016,$2735.96,
27/6/2016,$2735.96,
28/6/2016,$2735.96,
29/6/2016,$2735.96,
30/6/2016,$2735.96,
1/7/2016,$2735.96,
2/7/2016,$2735.96,
3/7/2016,$2735.96,
4/7/2016,$2735.96,
5/7/2016,$2735.96,
6/7/2016,$2735.96,
7/7/2016,$2735.96,
8/7/2016,$2735.96,
9/7/2016,$2735.96,
10/7/2016,$2735.96,
11/7/2016,$2735.96,
12/7/2016,$2735.96,
13/7/2016,$2735.96,
14/7/2016,$2735.96,
15/7/2016,$2735.96,
16/7/2016,$2735.96,
17/7/2016,$2735.96,
18/7/2016,$2735.96,
19/7/2016,$2735.96,
20/7/2016,$2735.96,
21/7/2016,$2735.96,
22/7/2016,$2735.96,
23/7/2016,$2735.96,
24/7/2016,$2735.96,
25/7/2016,$2735.96,
26/7/2016,$2735.96,
27/7/2016,$2735.96,
28/7/2016,$2735.96,
29/7/2016,$2735.96,
30/7/2016,$2735.96,
31/7/2016,$2735.96,
1/8/2016,$2735.96,
2/8/2016,$2735.96,
3/8/2016,$2735.96,
4/8/2016,$2735.96,
5/8/2016,$2735.96,
6/8/2016,$2735.96,
7/8/2016,$2735.96,
8/8/2016,$2735.96,
9/8/2016,$2735.96,
10/8/2016,$2735.96,
11/8/2016,$2735.96,
12/8/2016,$2735.96,
13/8/2016,$2735.96,
14/8/2016,$2735.96,
15/8/2016,$2735.96,
16/8/2016,$2735.96,
17/8/2016,$2735.96,
18/8/2016,$2735.96,
19/8/2016,$2735.96,
20/8/2016,$2735.96,
21/8/2016,$2735.96,
22/8/2016,$2735.96,
23/8/2016,$2735.96,
24/8/2016,$2735.96,
25/8/2016,$2735.96,
26/8/2016,$2735.96,
27/8/2016,$2735.96,
28/8/2016,$2735.96,
29/8/2016,$2735.96,
30/8/2016,$2735.96,
31/8/2016,$2735.96,
1/9/2016,$2735.96,
2/9/2016,$2735.96,
3/9/2016,$2735.96,
4/9/2016,$2735.96,
5/9/2016,$2735.96,
6/9/2016,$2735.96,
7/9/2016,$2735.96,
8/9/2016,$2735.96,
9/9/2016,$2735.96,
10/9/2016,$2735.96,
11/9/2016,$2735.96,
12/9/2016,$2735.96,
13/9/2016,$2735.96,
14/9/2016,$2735.96,
15/9/2016,$2735.96,
16/9/2016,$2735.96,
17/9/2016,$2735.96,
18/9/2016,$2735.96,
19/9/2016,$2735.96,
20/9/2016,$2735.96,
21/9/2016,$2735.96,
22/9/2016,$2735.96,
23/9/2016,$2735.96,
24/9/2016,$2735.96,
25/9/2016,$2735.96,
26/9/2016,$2735.96,
27/9/2016,$2735.96,
28/9/2016,$2735.96,
29/9/2016,$2735.96,
30/9/2016,$2735.96,
1/10/2016,$2735.96,
2/10/2016,$2735.96,
3/10/2016,$2735.96,
4/10/2016,$2735.96,
5/10/2016,$2735.96,
6/10/2016,$2735.96,
7/10/2016,$2735.96,
8/10/2016,$2735.96,
9/10/2016,$2735.96,
10/10/2016,$2735.96,
11/10/2016,$2735.96,
12/10/2016,$2735.96,
13/10/2016,$2735.96,
14/10/2016,$2735.96,
15/10/2016,$2735.96,
16/10/2016,$2735.96,
17/10/2016,$2735.96,
18/10/2016,$2735.96,
19/10/2016,$2735.96,
20/10/2016,$2735.96,
21/10/2016,$2735.96,
22/10/2016,$2735.96,
23/10/2016,$2735.96,
24/10/2016,$2735.96,
25/10/2016,$2735.96,
26/10/2016,$2735.96,
27/10/2016,$2735.96,
28/10/2016,$2735.96,
29/10/2016,$2735.96,
30/10/2016,$2735.96,
31/10/2016,$2735.96,
1/11/2016,$2735.96,
2/11/2016,$2735.96,
3/11/2016,$2735.96,
4/11/2016,$2735.96,
5/11/2016,$2735.96,
6/11/2016,$2735.96,
7/11/2016,$2735.96,
8/11/2016,$2735.96,
9/11/2016,$2735.96,
10/11/2016,$2735.96,
11/11/2016,$2735.96,
12/11/2016,$2735.96,
13/11/2016,$2735.96,
14/11/2016,$2735.96,
15/11/2016,$2735.96,
16/11/2016,$2735.96,
17/11/2016,$2735.96,
18/11/2016,$2735.96,
19/11/2016,$2735.96,
20/11/2016,$2735.96,
21/11/2016,$2735.96,
22/11/2016,$2735.96,
23/11/2016,$2735.96,
24/11/2016,$2735.96,
25/11/2016,$2735.96,
26/11/2016,$2735.96,
27/11/2016,$2735.96,
28/11/2016,$2735.96,
29/11/2016,$2735.96,
30/11/2016,$2735.96,
1/12/2016,$2735.96,
2/12/2016,$2735.96,
3/12/2016,$2735.96,
4/12/2016,$2735.96,
5/12/2016,$2735.96,
6/12/2016,$2735.96,
7/12/2016,$2735.96,
8/12/2016,$2735.96,
9/12/2016,$2735.96,
10/12/2016,$2735.96,
11/12/2016,$2735.96,
12/12/2016,$2735.96,
13/12/2016,$2735.96,
14/12/2016,$2735.96,
15/12/2016,$2735.96,
16/12/2016,$2955.25,
17/12/2016,$2955.25,
18/12/2016,$2955.25,
19/12/2016,$2955.25,
20/12/2016,$2955.25,
21/12/2016,$2955.25,
22/12/2016,$2955.25,
23/12/2016,$2955.25,
24/12/2016,$2955.25,
25/12/2016,$2955.25,
26/12/2016,$2955.25,
27/12/2016,$2955.25,
28/12/2016,$2955.25,
29/12/2016,$2955.25,
30/12/2016,$2955.25,
31/12/2016,$2955.25,
1/1/2017,$2955.25,
2/1/2017,$2955.25,
3/1/2017,$2955.25,
4/1/2017,$2955.25,
5/1/2017,$2955.25,
6/1/2017,$2955.25,
7/1/2017,$2955.25,
8/1/2017,$2955.25,
9/1/2017,$2955.25,
10/1/2017,$2955.25,
11/1/2017,$2955.25,
12/1/2017,$2955.25,
13/1/2017,$2955.25,
14/1/2017,$2955.25,
15/1/2017,$2955.25,
16/1/2017,$2955.25,
17/1/2017,$2955.25,
18/1/2017,$2955.25,
19/1/2017,$2955.25,
20/1/2017,$2955.25,
21/1/2017,$2955.25,
22/1/2017,$2955.25,
23/1/2017,$2955.25,
24/1/2017,$2955.25,
25/1/2017,$2955.25,
26/1/2017,$2955.25,
27/1/2017,$2955.25,
28/1/2017,$2955.25,
29/1/2017,$2955.25,
30/1/2017,$2955.25,
31/1/2017,$2955.25,
1/2/2017,$2955.25,
2/2/2017,$2955.25,
3/2/2017,$2955.25,
4/2/2017,$2955.25,
5/2/2017,$2955.25,
6/2/2017,$2955.25,
7/2/2017,$2955.25,
8/2/2017,$2955.25,
9/2/2017,$2955.25,
10/2/2017,$2955.25,
11/2/2017,$2955.25,
12/2/2017,$2955.25,
13/2/2017,$2955.25,
14/2/2017,$2955.25,
15/2/2017,$2955.25,
16/2/2017,$2955.25,
17/2/2017,$2955.25,
18/2/2017,$2955.25,
19/2/2017,$2955.25,
20/2/2017,$2955.25,
21/2/2017,$2955.25,
22/2/2017,$2955.25,
23/2/2017,$2955.25,
24/2/2017,$2955.25,
25/2/2017,$2955.25,
26/2/2017,$2955.25,
27/2/2017,$2955.25,
28/2/2017,$2955.25,
1/3/2017,$2955.25,
2/3/2017,$2955.25,
3/3/2017,$2955.25,
4/3/2017,$2955.25,
5/3/2017,$2955.25,
6/3/2017,$2955.25,
7/3/2017,$2955.25,
8/3/2017,$2955.25,
9/3/2017,$2955.25,
10/3/2017,$2955.25,
11/3/2017,$2955.25,
12/3/2017,$2955.25,
13/3/2017,$2955.25,
14/3/2017,$2955.25,
15/3/2017,$2955.25,
16/3/2017,$2955.25,
17/3/2017,$3125.70,
18/3/2017,$3125.70,
19/3/2017,$3125.70,
20/3/2017,$3125.70,
21/3/2017,$3125.70,
22/3/2017,$3125.70,
23/3/2017,$3125.70,
24/3/2017,$3125.70,
25/3/2017,$3125.70,
26/3/2017,$3125.70,
27/3/2017,$3125.70,
28/3/2017,$3125.70,
29/3/2017,$3125.70,
30/3/2017,$3125.70,
31/3/2017,$3125.70,
1/4/2017,$3125.70,
2/4/2017,$3125.70,
3/4/2017,$3125.70,
4/4/2017,$3125.70,
5/4/2017,$3125.70,
6/4/2017,$3125.70,
7/4/2017,$3125.70,
8/4/2017,$3125.70,
9/4/2017,$3125.70,
10/4/2017,$3125.70,
11/4/2017,$3125.70,
12/4/2017,$3125.70,
13/4/2017,$3125.70,
14/4/2017,$3125.70,
15/4/2017,$3125.70,
16/4/2017,$3125.70,
17/4/2017,$3125.70,
18/4/2017,$3125.70,
19/4/2017,$3125.70,
20/4/2017,$3125.70,
21/4/2017,$3125.70,
22/4/2017,$3125.70,
23/4/2017,$3125.70,
24/4/2017,$3125.70,
25/4/2017,$3125.70,
26/4/2017,$3125.70,
27/4/2017,$3125.70,
28/4/2017,$3125.70,
29/4/2017,$3125.70,
30/4/2017,$3125.70,
1/5/2017,$3125.70,
2/5/2017,$3125.70,
3/5/2017,$3125.70,
4/5/2017,$3125.70,
5/5/2017,$3125.70,
6/5/2017,$3125.70,
7/5/2017,$3125.70,
8/5/2017,$3125.70,
9/5/2017,$3125.70,
10/5/2017,$3125.70,
11/5/2017,$3125.70,
12/5/2017,$3125.70,
13/5/2017,$3125.70,
14/5/2017,$3125.70,
15/5/2017,$3125.70,
16/5/2017,$3125.70,
17/5/2017,$3125.70,
18/5/2017,$3125.70,
19/5/2017,$3125.70,
20/5/2017,$3125.70,
21/5/2017,$3125.70,
22/5/2017,$3125.70,
23/5/2017,$3125.70,
24/5/2017,$3125.70,
25/5/2017,$3125.70,
26/5/2017,$3125.70,
27/5/2017,$3125.70,
28/5/2017,$3125.70,
29/5/2017,$3125.70,
30/5/2017,$3125.70,
31/5/2017,$3125.70,
1/6/2017,$3125.70,
2/6/2017,$3125.70,
3/6/2017,$3125.70,
4/6/2017,$3125.70,
5/6/2017,$3125.70,
6/6/2017,$3125.70,
7/6/2017,$3125.70,
8/6/2017,$3125.70,
9/6/2017,$3125.70,
10/6/2017,$3125.70,
11/6/2017,$3125.70,
12/6/2017,$3125.70,
13/6/2017,$3125.70,
14/6/2017,$3125.70,
15/6/2017,$3125.70,
16/6/2017,$3318.53,
17/6/2017,$3318.53,
18/6/2017,$3318.53,
19/6/2017,$3318.53,
20/6/2017,$3318.53,
21/6/2017,$3318.53,
22/6/2017,$3318.53,
23/6/2017,$3318.53,
24/6/2017,$3318.53,
25/6/2017,$3318.53,
26/6/2017,$3318.53,
27/6/2017,$3318.53,
28/6/2017,$3318.53,
29/6/2017,$3318.53,
30/6/2017,$3318.53,
1/7/2017,$3318.53,
2/7/2017,$3318.53,
3/7/2017,$3318.53,
4/7/2017,$3318.53,
5/7/2017,$3318.53,
6/7/2017,$3318.53,
7/7/2017,$3318.53,
8/7/2017,$3318.53,
9/7/2017,$3318.53,
10/7/2017,$3318.53,
11/7/2017,$3318.53,
12/7/2017,$3318.53,
13/7/2017,$3318.53,
14/7/2017,$3318.53,
15/7/2017,$3318.53,
16/7/2017,$3318.53,
17/7/2017,$3318.53,
18/7/2017,$3318.53,
19/7/2017,$3318.53,
20/7/2017,$3318.53,
21/7/2017,$3318.53,
22/7/2017,$3318.53,
23/7/2017,$3318.53,
24/7/2017,$3318.53,
25/7/2017,$3318.53,
26/7/2017,$3318.53,
27/7/2017,$3318.53,
28/7/2017,$3318.53,
29/7/2017,$3318.53,
30/7/2017,$3318.53,
31/7/2017,$3318.53,
1/8/2017,$3318.53,
2/8/2017,$3318.53,
3/8/2017,$3318.53,
4/8/2017,$3318.53,
5/8/2017,$3318.53,
6/8/2017,$3318.53,
7/8/2017,$3318.53,
8/8/2017,$3318.53,
9/8/2017,$3318.53,
10/8/2017,$3318.53,
11/8/2017,$3318.53,
12/8/2017,$3318.53,
13/8/2017,$3318.53,
14/8/2017,$3318.53,
15/8/2017,$3318.53,
16/8/2017,$3318.53,
17/8/2017,$3318.53,
18/8/2017,$3318.53,
19/8/2017,$3318.53,
20/8/2017,$3318.53,
21/8/2017,$3318.53,
22/8/2017,$3318.53,
23/8/2017,$3318.53,
24/8/2017,$3318.53,
25/8/2017,$3318.53,
26/8/2017,$3318.53,
27/8/2017,$3318.53,
28/8/2017,$3318.53,
29/8/2017,$3318.53,
30/8/2017,$3318.53,
31/8/2017,$3318.53,
1/9/2017,$3318.53,
2/9/2017,$3318.53,
3/9/2017,$3318.53,
4/9/2017,$3318.53,
5/9/2017,$3318.53,
6/9/2017,$3318.53,
7/9/2017,$3318.53,
8/9/2017,$3318.53,
9/9/2017,$3318.53,
10/9/2017,$3318.53,
11/9/2017,$3318.53,
12/9/2017,$3318.53,
13/9/2017,$3318.53,
14/9/2017,$3318.53,
15/9/2017,$3512.43,
16/9/2017,$3512.43,
17/9/2017,$3512.43,
18/9/2017,$3512.43,
19/9/2017,$3512.43,
20/9/2017,$3512.43,
21/9/2017,$3512.43,
22/9/2017,$3512.43,
23/9/2017,$3512.43,
24/9/2017,$3512.43,
25/9/2017,$3512.43,
26/9/2017,$3512.43,
27/9/2017,$3512.43,
28/9/2017,$3512.43,
29/9/2017,$3512.43,
30/9/2017,$3512.43,
1/10/2017,$3512.43,
2/10/2017,$3512.43,
3/10/2017,$3512.43,
4/10/2017,$3512.43,
5/10/2017,$3512.43,
6/10/2017,$3512.43,
7/10/2017,$3512.43,
8/10/2017,$3512.43,
9/10/2017,$3512.43,
10/10/2017,$3512.43,
11/10/2017,$3512.43,
12/10/2017,$3512.43,
13/10/2017,$3512.43,
14/10/2017,$3512.43,
15/10/2017,$3512.43,
16/10/2017,$3512.43,
17/10/2017,$3512.43,
18/10/2017,$3512.43,
19/10/2017,$3512.43,
20/10/2017,$3512.43,
21/10/2017,$3512.43,
22/10/2017,$3512.43,
23/10/2017,$3512.43,
24/10/2017,$3512.43,
25/10/2017,$3512.43,
26/10/2017,$3512.43,
27/10/2017,$3512.43,
28/10/2017,$3512.43,
29/10/2017,$3512.43,
30/10/2017,$3512.43,
31/10/2017,$3512.43,
1/11/2017,$3512.43,
2/11/2017,$3512.43,
3/11/2017,$3512.43,
4/11/2017,$3512.43,
5/11/2017,$3512.43,
6/11/2017,$3512.43,
7/11/2017,$3512.43,
8/11/2017,$3512.43,
9/11/2017,$3512.43,
10/11/2017,$3512.43,
11/11/2017,$3512.43,
12/11/2017,$3512.43,
13/11/2017,$3512.43,
14/11/2017,$3512.43,
15/11/2017,$3512.43,
16/11/2017,$3512.43,
17/11/2017,$3512.43,
18/11/2017,$3512.43,
19/11/2017,$3512.43,
20/11/2017,$3512.43,
21/11/2017,$3512.43,
22/11/2017,$3512.43,
23/11/2017,$3512.43,
24/11/2017,$3512.43,
25/11/2017,$3512.43,
26/11/2017,$3512.43,
27/11/2017,$3512.43,
28/11/2017,$3512.43,
29/11/2017,$3512.43,
30/11/2017,$3512.43,
1/12/2017,$3512.43,
2/12/2017,$3512.43,
3/12/2017,$3512.43,
4/12/2017,$3512.43,
5/12/2017,$3512.43,
6/12/2017,$3512.43,
7/12/2017,$3512.43,
8/12/2017,$3512.43,
9/12/2017,$3512.43,
10/12/2017,$3512.43,
11/12/2017,$3512.43,
12/12/2017,$3512.43,
13/12/2017,$3512.43,
14/12/2017,$3512.43,
15/12/2017,$3724.54,
16/12/2017,$3724.54,
17/12/2017,$3724.54,
18/12/2017,$3724.54,
19/12/2017,$3724.54,
20/12/2017,$3724.54,
21/12/2017,$3724.54,
22/12/2017,$3724.54,
23/12/2017,$3724.54,
24/12/2017,$3724.54,
25/12/2017,$3724.54,
26/12/2017,$3724.54,
27/12/2017,$3724.54,
28/12/2017,$3724.54,
29/12/2017,$3724.54,
30/12/2017,$3724.54,
31/12/2017,$3724.54,
1/1/2018,$3724.54,
2/1/2018,$3724.54,
3/1/2018,$3724.54,
4/1/2018,$3724.54,
5/1/2018,$3724.54,
6/1/2018,$3724.54,
7/1/2018,$3724.54,
8/1/2018,$3724.54,
9/1/2018,$3724.54,
10/1/2018,$3724.54,
11/1/2018,$3724.54,
12/1/2018,$3724.54,
13/1/2018,$3724.54,
14/1/2018,$3724.54,
15/1/2018,$3724.54,
16/1/2018,$3724.54,
17/1/2018,$3724.54,
18/1/2018,$3724.54,
19/1/2018,$3724.54,
20/1/2018,$3724.54,
21/1/2018,$3724.54,
22/1/2018,$3724.54,
23/1/2018,$3724.54,
24/1/2018,$3724.54,
25/1/2018,$3724.54,
26/1/2018,$3724.54,
27/1/2018,$3724.54,
28/1/2018,$3724.54,
29/1/2018,$3724.54,
30/1/2018,$3724.54,
31/1/2018,$3724.54,
1/2/2018,$3724.54,
2/2/2018,$3724.54,
3/2/2018,$3724.54,
4/2/2018,$3724.54,
5/2/2018,$3724.54,
6/2/2018,$3724.54,
7/2/2018,$3724.54,
8/2/2018,$3724.54,
9/2/2018,$3724.54,
10/2/2018,$3724.54,
11/2/2018,$3724.54,
12/2/2018,$3724.54,
13/2/2018,$3724.54,
14/2/2018,$3724.54,
15/2/2018,$3724.54,
16/2/2018,$3724.54,
17/2/2018,$3724.54,
18/2/2018,$3724.54,
19/2/2018,$3724.54,
20/2/2018,$3724.54,
21/2/2018,$3724.54,
22/2/2018,$3724.54,
23/2/2018,$3724.54,
24/2/2018,$3724.54,
25/2/2018,$3724.54,
26/2/2018,$3724.54,
27/2/2018,$3724.54,
28/2/2018,$3724.54,
1/3/2018,$3724.54,
2/3/2018,$3724.54,
3/3/2018,$3724.54,
4/3/2018,$3724.54,
5/3/2018,$3724.54,
6/3/2018,$3724.54,
7/3/2018,$3724.54,
8/3/2018,$3724.54,
9/3/2018,$3724.54,
10/3/2018,$3724.54,
11/3/2018,$3724.54,
12/3/2018,$3724.54,
13/3/2018,$3724.54,
14/3/2018,$3724.54,
15/3/2018,$3724.54,
16/3/2018,$3724.54,
17/3/2018,$3724.54,
18/3/2018,$3724.54,
19/3/2018,$3724.54,
20/3/2018,$3724.54,
21/3/2018,$3724.54,
22/3/2018,$3724.54,
23/3/2018,$3724.54,
24/3/2018,$3724.54,
25/3/2018,$3724.54,
26/3/2018,$3724.54,
27/3/2018,$3724.54,
28/3/2018,$3724.54,
29/3/2018,$3724.54,
30/3/2018,$3724.54,
31/3/2018,$3724.54,
1/4/2018,$3724.54,
2/4/2018,$3724.54,
3/4/2018,$3724.54,
4/4/2018,$3724.54,
5/4/2018,$3724.54,
6/4/2018,$3724.54,
7/4/2018,$3724.54,
8/4/2018,$3724.54,
9/4/2018,$3724.54,
10/4/2018,$3724.54,
11/4/2018,$3724.54,
12/4/2018,$3724.54,
13/4/2018,$3724.54,
14/4/2018,$3724.54,
15/4/2018,$3724.54,
16/4/2018,$3724.54,
17/4/2018,$3724.54,
18/4/2018,$3724.54,
19/4/2018,$3724.54,
20/4/2018,$3724.54,
21/4/2018,$3724.54,
22/4/2018,$3724.54,
23/4/2018,$3724.54,
24/4/2018,$3724.54,
25/4/2018,$3724.54,
26/4/2018,$3724.54,
27/4/2018,$3724.54,
28/4/2018,$3724.54,
29/4/2018,$3724.54,
30/4/2018,$3724.54,
1/5/2018,$3724.54,
2/5/2018,$3724.54,
3/5/2018,$3724.54,
4/5/2018,$3724.54,
5/5/2018,$3724.54,
6/5/2018,$3724.54,
7/5/2018,$3724.54,
8/5/2018,$3724.54,
9/5/2018,$3724.54,
10/5/2018,$3724.54,
11/5/2018,$3724.54,
12/5/2018,$3724.54,
13/5/2018,$3724.54,
14/5/2018,$3724.54,
15/5/2018,$3724.54,
16/5/2018,$3724.54,
17/5/2018,$3724.54,
18/5/2018,$3724.54,
19/5/2018,$3724.54,
20/5/2018,$3724.54,
21/5/2018,$3724.54,
22/5/2018,$3724.54,
23/5/2018,$3724.54,
24/5/2018,$3724.54,
25/5/2018,$3724.54,
26/5/2018,$3724.54,
27/5/2018,$3724.54,
28/5/2018,$3724.54,
29/5/2018,$3724.54,
30/5/2018,$3724.54,
31/5/2018,$3724.54,
1/6/2018,$3724.54,
2/6/2018,$3724.54,
3/6/2018,$3724.54,
4/6/2018,$3724.54,
5/6/2018,$3724.54,
6/6/2018,$3724.54,
7/6/2018,$3724.54,
8/6/2018,$3724.54,
9/6/2018,$3724.54,
10/6/2018,$3724.54,
11/6/2018,$3724.54,
12/6/2018,$3724.54,
13/6/2018,$3724.54,
14/6/2018,$3724.54,
15/6/2018,$3915.18,
16/6/2018,$3915.18,
17/6/2018,$3915.18,
18/6/2018,$3915.18,
19/6/2018,$3915.18,
20/6/2018,$3915.18,
21/6/2018,$3915.18,
22/6/2018,$3915.18,
23/6/2018,$3915.18,
24/6/2018,$3915.18,
25/6/2018,$3915.18,
26/6/2018,$3915.18,
27/6/2018,$3915.18,
28/6/2018,$3915.18,
29/6/2018,$3915.18,
30/6/2018,$3915.18,
1/7/2018,$3915.18,
2/7/2018,$3915.18,
3/7/2018,$3915.18,
4/7/2018,$3915.18,
5/7/2018,$3915.18,
6/7/2018,$3915.18,
7/7/2018,$3915.18,
8/7/2018,$3915.18,
9/7/2018,$3915.18,
10/7/2018,$3915.18,
11/7/2018,$3915.18,
12/7/2018,$3915.18,
13/7/2018,$3915.18,
14/7/2018,$3915.18,
15/7/2018,$3915.18,
16/7/2018,$3915.18,
17/7/2018,$3915.18,
18/7/2018,$3915.18,
19/7/2018,$3915.18,
20/7/2018,$3915.18,
21/7/2018,$3915.18,
22/7/2018,$3915.18,
23/7/2018,$3915.18,
24/7/2018,$3915.18,
25/7/2018,$3915.18,
26/7/2018,$3915.18,
27/7/2018,$3915.18,
28/7/2018,$3915.18,
29/7/2018,$3915.18,
30/7/2018,$3915.18,
31/7/2018,$3915.18,
1/8/2018,$3915.18,
2/8/2018,$3915.18,
3/8/2018,$3915.18,
4/8/2018,$3915.18,
5/8/2018,$3915.18,
6/8/2018,$3915.18,
7/8/2018,$3915.18,
8/8/2018,$3915.18,
9/8/2018,$3915.18,
10/8/2018,$3915.18,
11/8/2018,$3915.18,
12/8/2018,$3915.18,
13/8/2018,$3915.18,
14/8/2018,$3915.18,
15/8/2018,$3915.18,
16/8/2018,$3915.18,
17/8/2018,$3915.18,
18/8/2018,$3915.18,
19/8/2018,$3915.18,
20/8/2018,$3915.18,
21/8/2018,$3915.18,
22/8/2018,$3915.18,
23/8/2018,$3915.18,
24/8/2018,$3915.18,
25/8/2018,$3915.18,
26/8/2018,$3915.18,
27/8/2018,$3915.18,
28/8/2018,$3915.18,
29/8/2018,$3915.18,
30/8/2018,$3915.18,
31/8/2018,$3915.18,
1/9/2018,$3915.18,
2/9/2018,$3915.18,
3/9/2018,$3915.18,
4/9/2018,$3915.18,
5/9/2018,$3915.18,
6/9/2018,$3915.18,
7/9/2018,$3915.18,
8/9/2018,$3915.18,
9/9/2018,$3915.18,
10/9/2018,$3915.18,
11/9/2018,$3915.18,
12/9/2018,$3915.18,
13/9/2018,$3915.18,
14/9/2018,$3915.18,
15/9/2018,$3915.18,
16/9/2018,$3915.18,
17/9/2018,$3915.18,
18/9/2018,$3915.18,
19/9/2018,$3915.18,
20/9/2018,$3915.18,
21/9/2018,$4114.95,
22/9/2018,$4114.95,
23/9/2018,$4114.95,
24/9/2018,$4114.95,
25/9/2018,$4114.95,
26/9/2018,$4114.95,
27/9/2018,$4114.95,
28/9/2018,$4114.95,
29/9/2018,$4114.95,
30/9/2018,$4114.95,
1/10/2018,$4114.95,
2/10/2018,$4114.95,
3/10/2018,$4114.95,
4/10/2018,$4114.95,
5/10/2018,$4114.95,
6/10/2018,$4114.95,
7/10/2018,$4114.95,
8/10/2018,$4114.95,
9/10/2018,$4114.95,
10/10/2018,$4114.95,
11/10/2018,$4114.95,
12/10/2018,$4114.95,
13/10/2018,$4114.95,
14/10/2018,$4114.95,
15/10/2018,$4114.95,
16/10/2018,$4114.95,
17/10/2018,$4114.95,
18/10/2018,$4114.95,
19/10/2018,$4114.95,
20/10/2018,$4114.95,
21/10/2018,$4114.95,
22/10/2018,$4114.95,
23/10/2018,$4114.95,
24/10/2018,$4114.95,
25/10/2018,$4114.95,
26/10/2018,$4114.95,
27/10/2018,$4114.95,
28/10/2018,$4114.95,
29/10/2018,$4114.95,
30/10/2018,$4114.95,
31/10/2018,$4114.95,
1/11/2018,$4114.95,
2/11/2018,$4114.95,
3/11/2018,$4114.95,
4/11/2018,$4114.95,
5/11/2018,$4114.95,
6/11/2018,$4114.95,
7/11/2018,$4114.95,
8/11/2018,$4114.95,
9/11/2018,$4114.95,
10/11/2018,$4114.95,
11/11/2018,$4114.95,
12/11/2018,$4114.95,
13/11/2018,$4114.95,
14/11/2018,$4114.95,
15/11/2018,$4114.95,
16/11/2018,$4114.95,
17/11/2018,$4114.95,
18/11/2018,$4114.95,
19/11/2018,$4114.95,
20/11/2018,$4114.95,
21/11/2018,$4114.95,
22/11/2018,$4114.95,
23/11/2018,$4114.95,
24/11/2018,$4114.95,
25/11/2018,$4114.95,
26/11/2018,$4114.95,
27/11/2018,$4114.95,
28/11/2018,$4114.95,
29/11/2018,$4114.95,
30/11/2018,$4114.95,
1/12/2018,$4114.95,
2/12/2018,$4114.95,
3/12/2018,$4114.95,
4/12/2018,$4114.95,
5/12/2018,$4114.95,
6/12/2018,$4114.95,
7/12/2018,$4114.95,
8/12/2018,$4114.95,
9/12/2018,$4114.95,
10/12/2018,$4114.95,
11/12/2018,$4114.95,
12/12/2018,$4114.95,
13/12/2018,$4114.95,
14/12/2018,$4114.95,
15/12/2018,$4114.95,
16/12/2018,$4114.95,
17/12/2018,$4114.95,
18/12/2018,$4114.95,
19/12/2018,$4114.95,
20/12/2018,$4114.95,
21/12/2018,$4114.95,
22/12/2018,$4114.95,
23/12/2018,$4114.95,
24/12/2018,$4114.95,
25/12/2018,$4114.95,
26/12/2018,$4114.95,
27/12/2018,$4114.95,
28/12/2018,$4114.95,
29/12/2018,$4114.95,
30/12/2018,$4114.95,
31/12/2018,$4114.95,
1/1/2019,$4114.95,
2/1/2019,$4114.95,
3/1/2019,$4114.95,
4/1/2019,$4114.95,
5/1/2019,$4114.95,
6/1/2019,$4114.95,
7/1/2019,$4114.95,
8/1/2019,$4114.95,
9/1/2019,$4114.95,
10/1/2019,$4114.95,
11/1/2019,$4114.95,
12/1/2019,$4114.95,
13/1/2019,$4114.95,
14/1/2019,$4114.95,
15/1/2019,$4114.95,
16/1/2019,$4114.95,
17/1/2019,$4114.95,
18/1/2019,$4114.95,
19/1/2019,$4114.95,
20/1/2019,$4114.95,
21/1/2019,$4114.95,
22/1/2019,$4114.95,
23/1/2019,$4114.95,
24/1/2019,$4114.95,
25/1/2019,$4114.95,
26/1/2019,$4114.95,
27/1/2019,$4114.95,
28/1/2019,$4114.95,
29/1/2019,$4114.95,
30/1/2019,$4114.95,
31/1/2019,$4114.95,
1/2/2019,$4114.95,
2/2/2019,$4114.95,
3/2/2019,$4114.95,
4/2/2019,$4114.95,
5/2/2019,$4114.95,
6/2/2019,$4114.95,
7/2/2019,$4114.95,
8/2/2019,$4114.95,
9/2/2019,$4114.95,
10/2/2019,$4114.95,
11/2/2019,$4114.95,
12/2/2019,$4114.95,
13/2/2019,$4114.95,
14/2/2019,$4114.95,
15/2/2019,$4114.95,
16/2/2019,$4114.95,
17/2/2019,$4114.95,
18/2/2019,$4114.95,
19/2/2019,$4114.95,
20/2/2019,$4114.95,
21/2/2019,$4114.95,
22/2/2019,$4114.95,
23/2/2019,$4114.95,
24/2/2019,$4114.95,
25/2/2019,$4114.95,
26/2/2019,$4114.95,
27/2/2019,$4114.95,
28/2/2019,$4114.95,
1/3/2019,$4114.95,
2/3/2019,$4114.95,
3/3/2019,$4114.95,
4/3/2019,$4114.95,
5/3/2019,$4114.95,
6/3/2019,$4114.95,
7/3/2019,$4114.95,
8/3/2019,$4114.95,
9/3/2019,$4114.95,
10/3/2019,$4114.95,
11/3/2019,$4114.95,
12/3/2019,$4114.95,
13/3/2019,$4114.95,
14/3/2019,$4114.95,
15/3/2019,$4311.00,
16/3/2019,$4311.00,
17/3/2019,$4311.00,
18/3/2019,$4311.00,
19/3/2019,$4311.00,
20/3/2019,$4311.00,
21/3/2019,$4311.00,
22/3/2019,$4311.00,
23/3/2019,$4311.00,
24/3/2019,$4311.00,
25/3/2019,$4311.00,
26/3/2019,$4311.00,
27/3/2019,$4311.00,
28/3/2019,$4311.00,
29/3/2019,$4311.00,
30/3/2019,$4311.00,
31/3/2019,$4311.00,
1/4/2019,$4311.00,
2/4/2019,$4311.00,
3/4/2019,$4311.00,
4/4/2019,$4311.00,
5/4/2019,$4311.00,
6/4/2019,$4311.00,
7/4/2019,$4311.00,
8/4/2019,$4311.00,
9/4/2019,$4311.00,
10/4/2019,$4311.00,
11/4/2019,$4311.00,
12/4/2019,$4311.00,
13/4/2019,$4311.00,
14/4/2019,$4311.00,
15/4/2019,$4311.00,
16/4/2019,$4311.00,
17/4/2019,$4311.00,
18/4/2019,$4311.00,
19/4/2019,$4311.00,
20/4/2019,$4311.00,
21/4/2019,$4311.00,
22/4/2019,$4311.00,
23/4/2019,$4311.00,
24/4/2019,$4311.00,
25/4/2019,$4311.00,
26/4/2019,$4311.00,
27/4/2019,$4311.00,
28/4/2019,$4311.00,
29/4/2019,$4311.00,
30/4/2019,$4311.00,
1/5/2019,$4311.00,
2/5/2019,$4311.00,
3/5/2019,$4311.00,
4/5/2019,$4311.00,
5/5/2019,$4311.00,
6/5/2019,$4311.00,
7/5/2019,$4311.00,
8/5/2019,$4311.00,
9/5/2019,$4311.00,
10/5/2019,$4311.00,
11/5/2019,$4311.00,
12/5/2019,$4311.00,
13/5/2019,$4311.00,
14/5/2019,$4311.00,
15/5/2019,$4311.00,
16/5/2019,$4311.00,
17/5/2019,$4311.00,
18/5/2019,$4311.00,
19/5/2019,$4311.00,
20/5/2019,$4311.00,
21/5/2019,$4311.00,
22/5/2019,$4311.00,
23/5/2019,$4311.00,
24/5/2019,$4311.00,
25/5/2019,$4311.00,
26/5/2019,$4311.00,
27/5/2019,$4311.00,
28/5/2019,$4311.00,
29/5/2019,$4311.00,
30/5/2019,$4311.00,
31/5/2019,$4311.00,
1/6/2019,$4311.00,
2/6/2019,$4311.00,
3/6/2019,$4311.00,
4/6/2019,$4311.00,
5/6/2019,$4311.00,
6/6/2019,$4311.00,
7/6/2019,$4311.00,
8/6/2019,$4311.00,
9/6/2019,$4311.00,
10/6/2019,$4311.00,
11/6/2019,$4311.00,
12/6/2019,$4311.00,
13/6/2019,$4311.00,
14/6/2019,$4311.00,
15/6/2019,$4311.00,
16/6/2019,$4311.00,
17/6/2019,$4311.00,
18/6/2019,$4311.00,
19/6/2019,$4311.00,
20/6/2019,$4311.00,
21/6/2019,$4531.53,
22/6/2019,$4531.53,
23/6/2019,$4531.53,
24/6/2019,$4531.53,
25/6/2019,$4531.53,
26/6/2019,$4531.53,
27/6/2019,$4531.53,
28/6/2019,$4531.53,
29/6/2019,$4531.53,
30/6/2019,$4531.53,
1/7/2019,$4531.53,
2/7/2019,$4531.53,
3/7/2019,$4531.53,
4/7/2019,$4531.53,
5/7/2019,$4531.53,
6/7/2019,$4531.53,
7/7/2019,$4531.53,
8/7/2019,$4531.53,
9/7/2019,$4531.53,
10/7/2019,$4531.53,
11/7/2019,$4531.53,
12/7/2019,$4531.53,
13/7/2019,$4531.53,
14/7/2019,$4531.53,
15/7/2019,$4531.53,
16/7/2019,$4531.53,
17/7/2019,$4531.53,
18/7/2019,$4531.53,
19/7/2019,$4531.53,
20/7/2019,$4531.53,
21/7/2019,$4531.53,
22/7/2019,$4531.53,
23/7/2019,$4531.53,
24/7/2019,$4531.53,
25/7/2019,$4531.53,
26/7/2019,$4531.53,
27/7/2019,$4531.53,
28/7/2019,$4531.53,
29/7/2019,$4531.53,
30/7/2019,$4531.53,
31/7/2019,$4531.53,
1/8/2019,$4531.53,
2/8/2019,$4531.53,
3/8/2019,$4531.53,
4/8/2019,$4531.53,
5/8/2019,$4531.53,
6/8/2019,$4531.53,
7/8/2019,$4531.53,
8/8/2019,$4531.53,
9/8/2019,$4531.53,
10/8/2019,$4531.53,
11/8/2019,$4531.53,
12/8/2019,$4531.53,
13/8/2019,$4531.53,
14/8/2019,$4531.53,
15/8/2019,$4531.53,
16/8/2019,$4531.53,
17/8/2019,$4531.53,
18/8/2019,$4531.53,
19/8/2019,$4531.53,
20/8/2019,$4531.53,
21/8/2019,$4531.53,
22/8/2019,$4531.53,
23/8/2019,$4531.53,
24/8/2019,$4531.53,
25/8/2019,$4531.53,
26/8/2019,$4531.53,
27/8/2019,$4531.53,
28/8/2019,$4531.53,
29/8/2019,$4531.53,
30/8/2019,$4531.53,
31/8/2019,$4531.53,
1/9/2019,$4531.53,
2/9/2019,$4531.53,
3/9/2019,$4531.53,
4/9/2019,$4531.53,
5/9/2019,$4531.53,
6/9/2019,$4531.53,
7/9/2019,$4531.53,
8/9/2019,$4531.53,
9/9/2019,$4531.53,
10/9/2019,$4531.53,
11/9/2019,$4531.53,
12/9/2019,$4531.53,
13/9/2019,$4531.53,
14/9/2019,$4531.53,
15/9/2019,$4531.53,
16/9/2019,$4531.53,
17/9/2019,$4531.53,
18/9/2019,$4531.53,
19/9/2019,$4531.53,
20/9/2019,$4739.13,
21/9/2019,$4739.13,
22/9/2019,$4739.13,
23/9/2019,$4739.13,
24/9/2019,$4739.13,
25/9/2019,$4739.13,
26/9/2019,$4739.13,
27/9/2019,$4739.13,
28/9/2019,$4739.13,
29/9/2019,$4739.13,
30/9/2019,$4739.13,
1/10/2019,$4739.13,
2/10/2019,$4739.13,
3/10/2019,$4739.13,
4/10/2019,$4739.13,
5/10/2019,$4739.13,
6/10/2019,$4739.13,
7/10/2019,$4739.13,
8/10/2019,$4739.13,
9/10/2019,$4739.13,
10/10/2019,$4739.13,
11/10/2019,$4739.13,
12/10/2019,$4739.13,
13/10/2019,$4739.13,
14/10/2019,$4739.13,
15/10/2019,$4739.13,
16/10/2019,$4739.13,
17/10/2019,$4739.13,
18/10/2019,$4739.13,
19/10/2019,$4739.13,
20/10/2019,$4739.13,
21/10/2019,$4739.13,
22/10/2019,$4739.13,
23/10/2019,$4739.13,
24/10/2019,$4739.13,
25/10/2019,$4739.13,
26/10/2019,$4739.13,
27/10/2019,$4739.13,
28/10/2019,$4739.13,
29/10/2019,$4739.13,
30/10/2019,$4739.13,
31/10/2019,$4739.13,
1/11/2019,$4739.13,
2/11/2019,$4739.13,
3/11/2019,$4739.13,
4/11/2019,$4739.13,
5/11/2019,$4739.13,
6/11/2019,$4739.13,
7/11/2019,$4739.13,
8/11/2019,$4739.13,
9/11/2019,$4739.13,
10/11/2019,$4739.13,
11/11/2019,$4739.13,
12/11/2019,$4739.13,
13/11/2019,$4739.13,
14/11/2019,$4739.13,
15/11/2019,$4739.13,
16/11/2019,$4739.13,
17/11/2019,$4739.13,
18/11/2019,$4739.13,
19/11/2019,$4739.13,
20/11/2019,$4739.13,
21/11/2019,$4739.13,
22/11/2019,$4739.13,
23/11/2019,$4739.13,
24/11/2019,$4739.13,
25/11/2019,$4739.13,
26/11/2019,$4739.13,
27/11/2019,$4739.13,
28/11/2019,$4739.13,
29/11/2019,$4739.13,
30/11/2019,$4739.13,
1/12/2019,$4739.13,
2/12/2019,$4739.13,
3/12/2019,$4739.13,
4/12/2019,$4739.13,
5/12/2019,$4739.13,
6/12/2019,$4739.13,
7/12/2019,$4739.13,
8/12/2019,$4739.13,
9/12/2019,$4739.13,
10/12/2019,$4739.13,
11/12/2019,$4739.13,
12/12/2019,$4739.13,
13/12/2019,$4739.13,
14/12/2019,$4739.13,
15/12/2019,$4739.13,
16/12/2019,$4739.13,
17/12/2019,$4739.13,
18/12/2019,$4739.13,
19/12/2019,$4739.13,
20/12/2019,$4971.49,
21/12/2019,$4971.49,
22/12/2019,$4971.49,
23/12/2019,$4971.49,
24/12/2019,$4971.49,
25/12/2019,$4971.49,
26/12/2019,$4971.49,
27/12/2019,$4971.49,
28/12/2019,$4971.49,
29/12/2019,$4971.49,
30/12/2019,$4971.49,
31/12/2019,$4971.49,
1/1/2020,$4971.49,
2/1/2020,$4971.49,
3/1/2020,$4971.49,
4/1/2020,$4971.49,
5/1/2020,$4971.49,
6/1/2020,$4971.49,
7/1/2020,$4971.49,
8/1/2020,$4971.49,
9/1/2020,$4971.49,
10/1/2020,$4971.49,
11/1/2020,$4971.49,
12/1/2020,$4971.49,
13/1/2020,$4971.49,
14/1/2020,$4971.49,
15/1/2020,$4971.49,
16/1/2020,$4971.49,
17/1/2020,$4971.49,
18/1/2020,$4971.49,
19/1/2020,$4971.49,
20/1/2020,$4971.49,
21/1/2020,$4971.49,
22/1/2020,$4971.49,
23/1/2020,$4971.49,
24/1/2020,$4971.49,
25/1/2020,$4971.49,
26/1/2020,$4971.49,
27/1/2020,$4971.49,
28/1/2020,$4971.49,
29/1/2020,$4971.49,
30/1/2020,$4971.49,
31/1/2020,$4971.49,
1/2/2020,$4971.49,
2/2/2020,$4971.49,
3/2/2020,$4971.49,
4/2/2020,$4971.49,
5/2/2020,$4971.49,
6/2/2020,$4971.49,
7/2/2020,$4971.49,
8/2/2020,$4971.49,
9/2/2020,$4971.49,
10/2/2020,$4971.49,
11/2/2020,$4971.49,
12/2/2020,$4971.49,
13/2/2020,$4971.49,
14/2/2020,$4971.49,
15/2/2020,$4971.49,
16/2/2020,$4971.49,
17/2/2020,$4971.49,
18/2/2020,$4971.49,
19/2/2020,$4971.49,
20/2/2020,$4971.49,
21/2/2020,$4971.49,
22/2/2020,$4971.49,
23/2/2020,$4971.49,
24/2/2020,$4971.49,
25/2/2020,$4971.49,
26/2/2020,$4971.49,
27/2/2020,$4971.49,
28/2/2020,$4971.49,
29/2/2020,$4971.49,
1/3/2020,$4971.49,
2/3/2020,$4971.49,
3/3/2020,$4971.49,
4/3/2020,$4971.49,
5/3/2020,$4971.49,
6/3/2020,$4971.49,
7/3/2020,$4971.49,
8/3/2020,$4971.49,
9/3/2020,$4971.49,
10/3/2020,$4971.49,
11/3/2020,$4971.49,
12/3/2020,$4971.49,
13/3/2020,$4971.49,
14/3/2020,$4971.49,
15/3/2020,$4971.49,
16/3/2020,$4971.49,
17/3/2020,$4971.49,
18/3/2020,$4971.49,
19/3/2020,$4971.49,
20/3/2020,$4971.49,
21/3/2020,$4971.49,
22/3/2020,$4971.49,
23/3/2020,$4971.49,
24/3/2020,$4971.49,
25/3/2020,$4971.49,
26/3/2020,$4971.49,
27/3/2020,$4971.49,
28/3/2020,$4971.49,
29/3/2020,$4971.49,
30/3/2020,$4971.49,
31/3/2020,$4971.49,
1/4/2020,$4971.49,
2/4/2020,$4971.49,
3/4/2020,$4971.49,
4/4/2020,$4971.49,
5/4/2020,$4971.49,
6/4/2020,$4971.49,
7/4/2020,$4971.49,
8/4/2020,$4971.49,
9/4/2020,$4971.49,
10/4/2020,$4971.49,
11/4/2020,$4971.49,
12/4/2020,$4971.49,
13/4/2020,$4971.49,
14/4/2020,$4971.49,
15/4/2020,$4971.49,
16/4/2020,$4971.49,
17/4/2020,$4971.49,
18/4/2020,$4971.49,
19/4/2020,$4971.49,
20/4/2020,$4971.49,
21/4/2020,$4971.49,
22/4/2020,$4971.49,
23/4/2020,$4971.49,
24/4/2020,$4971.49,
25/4/2020,$4971.49,
26/4/2020,$4971.49,
27/4/2020,$4971.49,
28/4/2020,$4971.49,
29/4/2020,$4971.49,
30/4/2020,$4971.49,
1/5/2020,$4971.49,
2/5/2020,$4971.49,
3/5/2020,$4971.49,
4/5/2020,$4971.49,
5/5/2020,$4971.49,
6/5/2020,$4971.49,
7/5/2020,$4971.49,
8/5/2020,$4971.49,
9/5/2020,$4971.49,
10/5/2020,$4971.49,
11/5/2020,$4971.49,
12/5/2020,$4971.49,
13/5/2020,$4971.49,
14/5/2020,$4971.49,
15/5/2020,$4971.49,
16/5/2020,$4971.49,
17/5/2020,$4971.49,
18/5/2020,$4971.49,
19/5/2020,$4971.49,
20/5/2020,$4971.49,
21/5/2020,$4971.49,
22/5/2020,$4971.49,
23/5/2020,$4971.49,
24/5/2020,$4971.49,
25/5/2020,$4971.49,
26/5/2020,$4971.49,
27/5/2020,$4971.49,
28/5/2020,$4971.49,
29/5/2020,$4971.49,
30/5/2020,$4971.49,
31/5/2020,$4971.49,
1/6/2020,$4971.49,
2/6/2020,$4971.49,
3/6/2020,$4971.49,
4/6/2020,$4971.49,
5/6/2020,$4971.49,
6/6/2020,$4971.49,
7/6/2020,$4971.49,
8/6/2020,$4971.49,
9/6/2020,$4971.49,
10/6/2020,$4971.49,
11/6/2020,$4971.49,
12/6/2020,$4971.49,
13/6/2020,$4971.49,
14/6/2020,$4971.49,
15/6/2020,$4971.49,
16/6/2020,$4971.49,
17/6/2020,$4971.49,
18/6/2020,$4971.49,
19/6/2020,$5202.34,
20/6/2020,$5202.34,
21/6/2020,$5202.34,
22/6/2020,$5202.34,
23/6/2020,$5202.34,
24/6/2020,$5202.34,
25/6/2020,$5202.34,
26/6/2020,$5202.34,
27/6/2020,$5202.34,
28/6/2020,$5202.34,
29/6/2020,$5202.34,
30/6/2020,$5202.34,
1/7/2020,$5202.34,
2/7/2020,$5202.34,
3/7/2020,$5202.34,
4/7/2020,$5202.34,
5/7/2020,$5202.34,
6/7/2020,$5202.34,
7/7/2020,$5202.34,
8/7/2020,$5202.34,
9/7/2020,$5202.34,
10/7/2020,$5202.34,
11/7/2020,$5202.34,
12/7/2020,$5202.34,
13/7/2020,$5202.34,
14/7/2020,$5202.34,
15/7/2020,$5202.34,
16/7/2020,$5202.34,
17/7/2020,$5202.34,
18/7/2020,$5202.34,
19/7/2020,$5202.34,
20/7/2020,$5202.34,
21/7/2020,$5202.34,
22/7/2020,$5202.34,
23/7/2020,$5202.34,
24/7/2020,$5202.34,
25/7/2020,$5202.34,
26/7/2020,$5202.34,
27/7/2020,$5202.34,
28/7/2020,$5202.34,
29/7/2020,$5202.34,
30/7/2020,$5202.34,
31/7/2020,$5202.34,
1/8/2020,$5202.34,
2/8/2020,$5202.34,
3/8/2020,$5202.34,
4/8/2020,$5202.34,
5/8/2020,$5202.34,
6/8/2020,$5202.34,
7/8/2020,$5202.34,
8/8/2020,$5202.34,
9/8/2020,$5202.34,
10/8/2020,$5202.34,
11/8/2020,$5202.34,
12/8/2020,$5202.34,
13/8/2020,$5202.34,
14/8/2020,$5202.34,
15/8/2020,$5202.34,
16/8/2020,$5202.34,
17/8/2020,$5202.34,
18/8/2020,$5202.34,
19/8/2020,$5202.34,
20/8/2020,$5202.34,
21/8/2020,$5202.34,
22/8/2020,$5202.34,
23/8/2020,$5202.34,
24/8/2020,$5202.34,
25/8/2020,$5202.34,
26/8/2020,$5202.34,
27/8/2020,$5202.34,
28/8/2020,$5202.34,
29/8/2020,$5202.34,
30/8/2020,$5202.34,
31/8/2020,$5202.34,
1/9/2020,$5202.34,
2/9/2020,$5202.34,
3/9/2020,$5202.34,
4/9/2020,$5202.34,
5/9/2020,$5202.34,
6/9/2020,$5202.34,
7/9/2020,$5202.34,
8/9/2020,$5202.34,
9/9/2020,$5202.34,
10/9/2020,$5202.34,
11/9/2020,$5202.34,
12/9/2020,$5202.34,
13/9/2020,$5202.34,
14/9/2020,$5202.34,
15/9/2020,$5202.34,
16/9/2020,$5202.34,
17/9/2020,$5202.34,
18/9/2020,$5202.34,
19/9/2020,$5202.34,
20/9/2020,$5202.34,
21/9/2020,$5202.34,
22/9/2020,$5202.34,
23/9/2020,$5202.34,
24/9/2020,$5202.34,
25/9/2020,$5202.34,
26/9/2020,$5202.34,
27/9/2020,$5202.34,
28/9/2020,$5202.34,
29/9/2020,$5202.34,
30/9/2020,$5202.34,
1/10/2020,$5202.34,
2/10/2020,$5202.34,
3/10/2020,$5202.34,
4/10/2020,$5202.34,
5/10/2020,$5202.34,
6/10/2020,$5202.34,
7/10/2020,$5202.34,
8/10/2020,$5202.34,
9/10/2020,$5202.34,
10/10/2020,$5202.34,
11/10/2020,$5202.34,
12/10/2020,$5202.34,
13/10/2020,$5202.34,
14/10/2020,$5202.34,
15/10/2020,$5202.34,
16/10/2020,$5202.34,
17/10/2020,$5202.34,
18/10/2020,$5202.34,
19/10/2020,$5202.34,
20/10/2020,$5202.34,
21/10/2020,$5202.34,
22/10/2020,$5202.34,
23/10/2020,$5202.34,
24/10/2020,$5202.34,
25/10/2020,$5202.34,
26/10/2020,$5202.34,
27/10/2020,$5202.34,
28/10/2020,$5202.34,
29/10/2020,$5202.34,
30/10/2020,$5202.34,
31/10/2020,$5202.34,
1/11/2020,$5202.34,
2/11/2020,$5202.34,
3/11/2020,$5202.34,
4/11/2020,$5202.34,
5/11/2020,$5202.34,
6/11/2020,$5202.34,
7/11/2020,$5202.34,
8/11/2020,$5202.34,
9/11/2020,$5202.34,
10/11/2020,$5202.34,
11/11/2020,$5202.34,
12/11/2020,$5202.34,
13/11/2020,$5202.34,
14/11/2020,$5202.34,
15/11/2020,$5202.34,
16/11/2020,$5202.34,
17/11/2020,$5202.34,
18/11/2020,$5202.34,
19/11/2020,$5202.34,
20/11/2020,$5202.34,
21/11/2020,$5202.34,
22/11/2020,$5202.34,
23/11/2020,$5202.34,
24/11/2020,$5202.34,
25/11/2020,$5202.34,
26/11/2020,$5202.34,
27/11/2020,$5202.34,
28/11/2020,$5202.34,
29/11/2020,$5202.34,
30/11/2020,$5202.34,
1/12/2020,$5202.34,
2/12/2020,$5202.34,
3/12/2020,$5202.34,
4/12/2020,$5202.34,
5/12/2020,$5202.34,
6/12/2020,$5202.34,
7/12/2020,$5202.34,
8/12/2020,$5202.34,
9/12/2020,$5202.34,
10/12/2020,$5202.34,
11/12/2020,$5202.34,
12/12/2020,$5202.34,
13/12/2020,$5202.34,
14/12/2020,$5202.34,
15/12/2020,$5202.34,
16/12/2020,$5202.34,
17/12/2020,$5202.34,
18/12/2020,$5458.30,
19/12/2020,$5458.30,
20/12/2020,$5458.30,
21/12/2020,$5458.30,
22/12/2020,$5458.30,
23/12/2020,$5458.30,
24/12/2020,$5458.30,
25/12/2020,$5458.30,
26/12/2020,$5458.30,
27/12/2020,$5458.30,
28/12/2020,$5458.30,
29/12/2020,$5458.30,
30/12/2020,$5458.30,
31/12/2020,$5458.30,
1/1/2021,$5458.30,
2/1/2021,$5458.30,
3/1/2021,$5458.30,
4/1/2021,$5458.30,
5/1/2021,$5458.30,
6/1/2021,$5458.30,
7/1/2021,$5458.30,
8/1/2021,$5458.30,
9/1/2021,$5458.30,
10/1/2021,$5458.30,
11/1/2021,$5458.30,
12/1/2021,$5458.30,
13/1/2021,$5458.30,
14/1/2021,$5458.30,
15/1/2021,$5458.30,
16/1/2021,$5458.30,
17/1/2021,$5458.30,
18/1/2021,$5458.30,
19/1/2021,$5458.30,
20/1/2021,$5458.30,
21/1/2021,$5458.30,
22/1/2021,$5458.30,
23/1/2021,$5458.30,
24/1/2021,$5458.30,
25/1/2021,$5458.30,
26/1/2021,$5458.30,
27/1/2021,$5458.30,
28/1/2021,$5458.30,
29/1/2021,$5458.30,
30/1/2021,$5458.30,
31/1/2021,$5458.30,
1/2/2021,$5458.30,
2/2/2021,$5458.30,
3/2/2021,$5458.30,
4/2/2021,$5458.30,
5/2/2021,$5458.30,
6/2/2021,$5458.30,
7/2/2021,$5458.30,
8/2/2021,$5458.30,
9/2/2021,$5458.30,
10/2/2021,$5458.30,
11/2/2021,$5458.30,
12/2/2021,$5458.30,
13/2/2021,$5458.30,
14/2/2021,$5458.30,
15/2/2021,$5458.30,
16/2/2021,$5458.30,
17/2/2021,$5458.30,
18/2/2021,$5458.30,
19/2/2021,$5458.30,
20/2/2021,$5458.30,
21/2/2021,$5458.30,
22/2/2021,$5458.30,
23/2/2021,$5458.30,
24/2/2021,$5458.30,
25/2/2021,$5458.30,
26/2/2021,$5458.30,
27/2/2021,$5458.30,
28/2/2021,$5458.30,
1/3/2021,$5458.30,
2/3/2021,$5458.30,
3/3/2021,$5458.30,
4/3/2021,$5458.30,
5/3/2021,$5458.30,
6/3/2021,$5458.30,
7/3/2021,$5458.30,
8/3/2021,$5458.30,
9/3/2021,$5458.30,
10/3/2021,$5458.30,
11/3/2021,$5458.30,
12/3/2021,$5458.30,
13/3/2021,$5458.30,
14/3/2021,$5458.30,
15/3/2021,$5458.30,
16/3/2021,$5458.30,
17/3/2021,$5458.30,
18/3/2021,$5458.30,
19/3/2021,$5660.22,
20/3/2021,$5660.22,
21/3/2021,$5660.22,
22/3/2021,$5660.22,
23/3/2021,$5660.22,
24/3/2021,$5660.22,
25/3/2021,$5660.22,
26/3/2021,$5660.22,
27/3/2021,$5660.22,
28/3/2021,$5660.22,
29/3/2021,$5660.22,
30/3/2021,$5660.22,
31/3/2021,$5660.22,
1/4/2021,$5660.22,
2/4/2021,$5660.22,
3/4/2021,$5660.22,
4/4/2021,$5660.22,
5/4/2021,$5660.22,
6/4/2021,$5660.22,
7/4/2021,$5660.22,
8/4/2021,$5660.22,
9/4/2021,$5660.22,
10/4/2021,$5660.22,
11/4/2021,$5660.22,
12/4/2021,$5660.22,
13/4/2021,$5660.22,
14/4/2021,$5660.22,
15/4/2021,$5660.22,
16/4/2021,$5660.22,
17/4/2021,$5660.22,
18/4/2021,$5660.22,
19/4/2021,$5660.22,
20/4/2021,$5660.22,
21/4/2021,$5660.22,
22/4/2021,$5660.22,
23/4/2021,$5660.22,
24/4/2021,$5660.22,
25/4/2021,$5660.22,
26/4/2021,$5660.22,
27/4/2021,$5660.22,
28/4/2021,$5660.22,
29/4/2021,$5660.22,
30/4/2021,$5660.22,
1/5/2021,$5660.22,
2/5/2021,$5660.22,
3/5/2021,$5660.22,
4/5/2021,$5660.22,
5/5/2021,$5660.22,
6/5/2021,$5660.22,
7/5/2021,$5660.22,
8/5/2021,$5660.22,
9/5/2021,$5660.22,
10/5/2021,$5660.22,
11/5/2021,$5660.22,
12/5/2021,$5660.22,
13/5/2021,$5660.22,
14/5/2021,$5660.22,
15/5/2021,$5660.22,
16/5/2021,$5660.22,
17/5/2021,$5660.22,
18/5/2021,$5660.22,
19/5/2021,$5660.22,
20/5/2021,$5660.22,
21/5/2021,$5660.22,
22/5/2021,$5660.22,
23/5/2021,$5660.22,
24/5/2021,$5660.22,
25/5/2021,$5660.22,
26/5/2021,$5660.22,
27/5/2021,$5660.22,
28/5/2021,$5660.22,
29/5/2021,$5660.22,
30/5/2021,$5660.22,
31/5/2021,$5660.22,
1/6/2021,$5660.22,
2/6/2021,$5660.22,
3/6/2021,$5660.22,
4/6/2021,$5660.22,
5/6/2021,$5660.22,
6/6/2021,$5660.22,
7/6/2021,$5660.22,
8/6/2021,$5660.22,
9/6/2021,$5660.22,
10/6/2021,$5660.22,
11/6/2021,$5660.22,
12/6/2021,$5660.22,
13/6/2021,$5660.22,
14/6/2021,$5660.22,
15/6/2021,$5660.22,
16/6/2021,$5660.22,
17/6/2021,$5660.22,
18/6/2021,$5660.22,
19/6/2021,$5660.22,
20/6/2021,$5660.22,
21/6/2021,$5660.22,
22/6/2021,$5660.22,
23/6/2021,$5660.22,
24/6/2021,$5660.22,
25/6/2021,$5660.22,
26/6/2021,$5660.22,
27/6/2021,$5660.22,
28/6/2021,$5660.22,
29/6/2021,$5660.22,
30/6/2021,$5660.22,
1/7/2021,$5660.22,
2/7/2021,$5660.22,
3/7/2021,$5660.22,
4/7/2021,$5660.22,
5/7/2021,$5660.22,
6/7/2021,$5660.22,
7/7/2021,$5660.22,
8/7/2021,$5660.22,
9/7/2021,$5660.22,
10/7/2021,$5660.22,
11/7/2021,$5660.22,
12/7/2021,$5660.22,
13/7/2021,$5660.22,
14/7/2021,$5660.22,
15/7/2021,$5660.22,
16/7/2021,$5660.22,
17/7/2021,$5660.22,
18/7/2021,$5660.22,
19/7/2021,$5660.22,
20/7/2021,$5660.22,
21/7/2021,$5660.22,
22/7/2021,$5660.22,
23/7/2021,$5660.22,
24/7/2021,$5660.22,
25/7/2021,$5660.22,
26/7/2021,$5660.22,
27/7/2021,$5660.22,
28/7/2021,$5660.22,
29/7/2021,$5660.22,
30/7/2021,$5660.22,
31/7/2021,$5660.22,
1/8/2021,$5660.22,
2/8/2021,$5660.22,
3/8/2021,$5660.22,
4/8/2021,$5660.22,
5/8/2021,$5660.22,
6/8/2021,$5660.22,
7/8/2021,$5660.22,
8/8/2021,$5660.22,
9/8/2021,$5660.22,
10/8/2021,$5660.22,
11/8/2021,$5660.22,
12/8/2021,$5660.22,
13/8/2021,$5660.22,
14/8/2021,$5660.22,
15/8/2021,$5660.22,
16/8/2021,$5660.22,
17/8/2021,$5660.22,
18/8/2021,$5660.22,
19/8/2021,$5660.22,
20/8/2021,$5660.22,
21/8/2021,$5660.22,
22/8/2021,$5660.22,
23/8/2021,$5660.22,
24/8/2021,$5660.22,
25/8/2021,$5660.22,
26/8/2021,$5660.22,
27/8/2021,$5660.22,
28/8/2021,$5660.22,
29/8/2021,$5660.22,
30/8/2021,$5660.22,
31/8/2021,$5660.22,
1/9/2021,$5660.22,
2/9/2021,$5660.22,
3/9/2021,$5660.22,
4/9/2021,$5660.22,
5/9/2021,$5660.22,
6/9/2021,$5660.22,
7/9/2021,$5660.22,
8/9/2021,$5660.22,
9/9/2021,$5660.22,
10/9/2021,$5660.22,
11/9/2021,$5660.22,
12/9/2021,$5660.22,
13/9/2021,$5660.22,
14/9/2021,$5660.22,
15/9/2021,$5660.22,
16/9/2021,$5660.22,
17/9/2021,$5660.22,
18/9/2021,$5660.22,
19/9/2021,$5660.22,
20/9/2021,$5660.22,
21/9/2021,$5660.22,
22/9/2021,$5660.22,
23/9/2021,$5660.22,
24/9/2021,$5660.22,
25/9/2021,$5660.22,
26/9/2021,$5660.22,
27/9/2021,$5660.22,
28/9/2021,$5660.22,
29/9/2021,$5660.22,
30/9/2021,$5660.22,
1/10/2021,$5660.22,
2/10/2021,$5660.22,
3/10/2021,$5660.22,
4/10/2021,$5660.22,
5/10/2021,$5660.22,
6/10/2021,$5660.22,
7/10/2021,$5660.22,
8/10/2021,$5660.22,
9/10/2021,$5660.22,
10/10/2021,$5660.22,
11/10/2021,$5660.22,
12/10/2021,$5660.22,
13/10/2021,$5660.22,
14/10/2021,$5660.22,
15/10/2021,$5660.22,
16/10/2021,$5660.22,
17/10/2021,$5660.22,
18/10/2021,$5660.22,
19/10/2021,$5660.22,
20/10/2021,$5660.22,
21/10/2021,$5660.22,
22/10/2021,$5660.22,
23/10/2021,$5660.22,
24/10/2021,$5660.22,
25/10/2021,$5660.22,
26/10/2021,$5660.22,
27/10/2021,$5660.22,
28/10/2021,$5660.22,
29/10/2021,$5660.22,
30/10/2021,$5660.22,
31/10/2021,$5660.22,
1/11/2021,$5660.22,
2/11/2021,$5660.22,
3/11/2021,$5660.22,
4/11/2021,$5660.22,
5/11/2021,$5660.22,
6/11/2021,$5660.22,
7/11/2021,$5660.22,
8/11/2021,$5660.22,
9/11/2021,$5660.22,
10/11/2021,$5660.22,
11/11/2021,$5660.22,
12/11/2021,$5660.22,
13/11/2021,$5660.22,
14/11/2021,$5660.22,
15/11/2021,$5660.22,
16/11/2021,$5660.22,
17/11/2021,$5660.22,
18/11/2021,$5660.22,
19/11/2021,$5660.22,
20/11/2021,$5660.22,
21/11/2021,$5660.22,
22/11/2021,$5660.22,
23/11/2021,$5660.22,
24/11/2021,$5660.22,
25/11/2021,$5660.22,
26/11/2021,$5660.22,
27/11/2021,$5660.22,
28/11/2021,$5660.22,
29/11/2021,$5660.22,
30/11/2021,$5660.22,
1/12/2021,$5660.22,
2/12/2021,$5660.22,
3/12/2021,$5660.22,
4/12/2021,$5660.22,
5/12/2021,$5660.22,
6/12/2021,$5660.22,
7/12/2021,$5660.22,
8/12/2021,$5660.22,
9/12/2021,$5660.22,
10/12/2021,$5660.22,
11/12/2021,$5660.22,
12/12/2021,$5660.22,
13/12/2021,$5660.22,
14/12/2021,$5660.22,
15/12/2021,$5660.22,
16/12/2021,$5660.22,
17/12/2021,$5905.17,
18/12/2021,$5905.17,
19/12/2021,$5905.17,
20/12/2021,$5905.17,
21/12/2021,$5905.17,
22/12/2021,$5905.17,
23/12/2021,$5905.17,
24/12/2021,$5905.17,
25/12/2021,$5905.17,
26/12/2021,$5905.17,
27/12/2021,$5905.17,
28/12/2021,$5905.17,
29/12/2021,$5905.17,
30/12/2021,$5905.17,
31/12/2021,$5905.17,
