,SPY,Cash,
1/1/2010,1,
2/1/2010,1,
3/1/2010,1,
4/1/2010,0,0.00213619,
5/1/2010,0,0.00213056,
6/1/2010,0,0.00212907,
7/1/2010,0,0.00212014,
8/1/2010,0,0.00211312,
9/1/2010,0,0.00211312,
10/1/2010,0,0.00211312,
11/1/2010,0,0.00211018,
12/1/2010,0,0.00213,
13/1/2010,0,0.0021122,
14/1/2010,0,0.00210651,
15/1/2010,0,0.00213037,
16/1/2010,0,0.00213037,
17/1/2010,0,0.00213037,
18/1/2010,0,0.00213037,
19/1/2010,0,0.00210414,
20/1/2010,0,0.00212571,
21/1/2010,0,0.00216729,
22/1/2010,0,0.0022166,
23/1/2010,0,0.0022166,
24/1/2010,0,0.0022166,
25/1/2010,0,0.00220532,
26/1/2010,1,1,
27/1/2010,1,1,
28/1/2010,1,1,
29/1/2010,1,1,
30/1/2010,1,1,
31/1/2010,1,1,
1/2/2010,1,1,
2/2/2010,1,1,
3/2/2010,1,1,
4/2/2010,1,1,
5/2/2010,1,1,
6/2/2010,1,1,
7/2/2010,1,1,
8/2/2010,1,1,
9/2/2010,1,1,
10/2/2010,1,1,
11/2/2010,1,1,
12/2/2010,1,1,
13/2/2010,1,1,
14/2/2010,1,1,
15/2/2010,1,1,
16/2/2010,1,1,
17/2/2010,1,1,
18/2/2010,1,1,
19/2/2010,1,1,
20/2/2010,1,1,
21/2/2010,1,1,
22/2/2010,1,1,
23/2/2010,1,1,
24/2/2010,1,1,
25/2/2010,1,1,
26/2/2010,1,1,
27/2/2010,1,1,
28/2/2010,1,1,
1/3/2010,1,1,
2/3/2010,0,0.00228154,
3/3/2010,0,0.00227951,
4/3/2010,0,0.00227265,
5/3/2010,0,0.00224069,
6/3/2010,0,0.00224069,
7/3/2010,0,0.00224069,
8/3/2010,0,0.0022403,
9/3/2010,0,0.00223659,
10/3/2010,0,0.00222669,
11/3/2010,0,0.00221745,
12/3/2010,0,0.00221726,
13/3/2010,0,0.00221726,
14/3/2010,0,0.00221726,
15/3/2010,0,0.00221669,
16/3/2010,0,0.00219921,
17/3/2010,0,0.00218628,
18/3/2010,0,0.0021874,
19/3/2010,0,0.00631133,
20/3/2010,0,0.00631133,
21/3/2010,0,0.00631133,
22/3/2010,0,0.00627798,
23/3/2010,0,0.00623441,
24/3/2010,0,0.00626463,
25/3/2010,0,0.00627477,
26/3/2010,0,0.00627852,
27/3/2010,0,0.00627852,
28/3/2010,0,0.00627852,
29/3/2010,0,0.00623916,
30/3/2010,0,0.00623494,
31/3/2010,0,0.00625612,
1/4/2010,0,0.0062139,
2/4/2010,0,0.0062139,
3/4/2010,0,0.0062139,
4/4/2010,0,0.0062139,
5/4/2010,0,0.00616398,
6/4/2010,0,0.00614957,
7/4/2010,0,0.00618468,
8/4/2010,0,0.00616346,
9/4/2010,0,0.00612349,
10/4/2010,0,0.00612349,
11/4/2010,0,0.00612349,
12/4/2010,0,0.00611384,
13/4/2010,0,0.00610927,
14/4/2010,0,0.00604113,
15/4/2010,0,0.00603618,
16/4/2010,0,0.00613318,
17/4/2010,0,0.00613318,
18/4/2010,0,0.00613318,
19/4/2010,0,0.00611029,
20/4/2010,0,0.00605653,
21/4/2010,0,0.0060675,
22/4/2010,0,0.00604956,
23/4/2010,0,0.00601056,
24/4/2010,0,0.00601056,
25/4/2010,0,0.00601056,
26/4/2010,0,0.00603321,
27/4/2010,0,0.00617845,
28/4/2010,0,0.00613216,
29/4/2010,0,0.00605752,
30/4/2010,0,0.0061614,
1/5/2010,0,0.0061614,
2/5/2010,0,0.0061614,
3/5/2010,0,0.00608304,
4/5/2010,0,0.00622861,
5/5/2010,0,0.0062657,
6/5/2010,0,0.00647956,
7/5/2010,1,1,
8/5/2010,1,1,
9/5/2010,1,1,
10/5/2010,1,1,
11/5/2010,1,1,
12/5/2010,1,1,
13/5/2010,1,1,
14/5/2010,1,1,
15/5/2010,1,1,
16/5/2010,1,1,
17/5/2010,1,1,
18/5/2010,1,1,
19/5/2010,1,1,
20/5/2010,1,1,
21/5/2010,1,1,
22/5/2010,1,1,
23/5/2010,1,1,
24/5/2010,1,1,
25/5/2010,1,1,
26/5/2010,1,1,
27/5/2010,1,1,
28/5/2010,1,1,
29/5/2010,1,1,
30/5/2010,1,1,
31/5/2010,1,1,
1/6/2010,1,1,
2/6/2010,1,1,
3/6/2010,1,1,
4/6/2010,1,1,
5/6/2010,1,1,
6/6/2010,1,1,
7/6/2010,1,1,
8/6/2010,1,1,
9/6/2010,1,1,
10/6/2010,1,1,
11/6/2010,1,1,
12/6/2010,1,1,
13/6/2010,1,1,
14/6/2010,1,1,
15/6/2010,1,1,
16/6/2010,1,1,
17/6/2010,1,1,
18/6/2010,1,1,
19/6/2010,1,1,
20/6/2010,1,1,
21/6/2010,1,1,
22/6/2010,1,1,
23/6/2010,1,1,
24/6/2010,1,1,
25/6/2010,1,1,
26/6/2010,1,1,
27/6/2010,1,1,
28/6/2010,1,1,
29/6/2010,1,1,
30/6/2010,1,1,
1/7/2010,1,1,
2/7/2010,1,1,
3/7/2010,1,1,
4/7/2010,1,1,
5/7/2010,1,1,
6/7/2010,1,1,
7/7/2010,1,1,
8/7/2010,1,1,
9/7/2010,1,1,
10/7/2010,1,1,
11/7/2010,1,1,
12/7/2010,1,1,
13/7/2010,1,1,
14/7/2010,1,1,
15/7/2010,1,1,
16/7/2010,1,1,
17/7/2010,1,1,
18/7/2010,1,1,
19/7/2010,1,1,
20/7/2010,1,1,
21/7/2010,1,1,
22/7/2010,1,1,
23/7/2010,1,1,
24/7/2010,1,1,
25/7/2010,1,1,
26/7/2010,0,0.00189219,
27/7/2010,0,0.00189236,
28/7/2010,0,0.00190463,
29/7/2010,0,0.00191394,
30/7/2010,0,0.00191429,
31/7/2010,0,0.00191429,
1/8/2010,0,0.00191429,
2/8/2010,0,0.00187209,
3/8/2010,0,0.00188109,
4/8/2010,0,0.00186862,
5/8/2010,0,0.0018706,
6/8/2010,0,0.00187825,
7/8/2010,0,0.00187825,
8/8/2010,0,0.00187825,
9/8/2010,0,0.00186829,
10/8/2010,0,0.00187841,
11/8/2010,0,0.00193124,
12/8/2010,0,0.00194313,
13/8/2010,0,0.00194886,
14/8/2010,0,0.00194886,
15/8/2010,0,0.00194886,
16/8/2010,0,0.00194976,
17/8/2010,1,1,
18/8/2010,1,1,
19/8/2010,1,1,
20/8/2010,1,1,
21/8/2010,1,1,
22/8/2010,1,1,
23/8/2010,1,1,
24/8/2010,1,1,
25/8/2010,1,1,
26/8/2010,1,1,
27/8/2010,1,1,
28/8/2010,1,1,
29/8/2010,1,1,
30/8/2010,1,1,
31/8/2010,1,1,
1/9/2010,1,1,
2/9/2010,1,1,
3/9/2010,1,1,
4/9/2010,1,1,
5/9/2010,1,1,
6/9/2010,1,1,
7/9/2010,0,0.000278959,
8/9/2010,0,0.000277014,
9/9/2010,0,0.000275741,
10/9/2010,0,0.000274356,
11/9/2010,0,0.000274356,
12/9/2010,0,0.000274356,
13/9/2010,0,0.000271339,
14/9/2010,0,0.000271507,
15/9/2010,0,0.000270475,
16/9/2010,0,0.000270547,
17/9/2010,0,0.00559219,
18/9/2010,0,0.00559219,
19/9/2010,0,0.00559219,
20/9/2010,0,0.00550843,
21/9/2010,0,0.00551949,
22/9/2010,0,0.00554659,
23/9/2010,0,0.00559169,
24/9/2010,0,0.00547933,
25/9/2010,0,0.00547933,
26/9/2010,0,0.00547933,
27/9/2010,0,0.00550556,
28/9/2010,0,0.00548646,
29/9/2010,0,0.00549599,
30/9/2010,0,0.00551227,
1/10/2010,0,0.00548931,
2/10/2010,0,0.00548931,
3/10/2010,0,0.00548931,
4/10/2010,0,0.00553059,
5/10/2010,0,0.00542203,
6/10/2010,0,0.0054225,
7/10/2010,0,0.00542901,
8/10/2010,0,0.0053989,
9/10/2010,0,0.0053989,
10/10/2010,0,0.0053989,
11/10/2010,0,0.00539383,
12/10/2010,0,0.00537733,
13/10/2010,0,0.00533605,
14/10/2010,0,0.00535684,
15/10/2010,0,0.00534597,
16/10/2010,0,0.00534597,
17/10/2010,0,0.00534597,
18/10/2010,0,0.0053199,
19/10/2010,0,0.00539016,
20/10/2010,0,0.0053383,
21/10/2010,0,0.00532662,
22/10/2010,0,0.00531677,
23/10/2010,0,0.00531677,
24/10/2010,0,0.00531677,
25/10/2010,0,0.00530117,
26/10/2010,0,0.00530028,
27/10/2010,0,0.00531543,
28/10/2010,0,0.00531453,
29/10/2010,0,0.00531052,
30/10/2010,0,0.00531052,
31/10/2010,0,0.00531052,
1/11/2010,0,0.00530874,
2/11/2010,0,0.00526719,
3/11/2010,0,0.00524622,
4/11/2010,0,0.00514761,
5/11/2010,0,0.00512841,
6/11/2010,0,0.00512841,
7/11/2010,0,0.00512841,
8/11/2010,0,0.00513799,
9/11/2010,0,0.00517498,
10/11/2010,0,0.00515432,
11/11/2010,0,0.00517371,
12/11/2010,0,0.00523536,
13/11/2010,0,0.00523536,
14/11/2010,0,0.00523536,
15/11/2010,0,0.00524274,
16/11/2010,0,0.00532527,
17/11/2010,0,0.00532258,
18/11/2010,0,0.00524578,
19/11/2010,0,0.00523147,
20/11/2010,0,0.00523147,
21/11/2010,0,0.00523147,
22/11/2010,0,0.0052358,
23/11/2010,0,0.0053123,
24/11/2010,0,0.00523536,
25/11/2010,0,0.00523536,
26/11/2010,0,0.00529673,
27/11/2010,0,0.00529673,
28/11/2010,0,0.00529673,
29/11/2010,0,0.00528082,
30/11/2010,0,0.00531052,
1/12/2010,0,0.0052005,
2/12/2010,0,0.00513507,
3/12/2010,0,0.00512135,
4/12/2010,0,0.00512135,
5/12/2010,0,0.00512135,
6/12/2010,0,0.00512675,
7/12/2010,0,0.00512384,
8/12/2010,0,0.00510523,
9/12/2010,0,0.00508553,
10/12/2010,0,0.00505627,
11/12/2010,0,0.00505627,
12/12/2010,0,0.00505627,
13/12/2010,0,0.00505304,
14/12/2010,0,0.0050486,
15/12/2010,0,0.00507167,
16/12/2010,0,0.00504256,
17/12/2010,0,0.010237,
18/12/2010,0,0.010237,
19/12/2010,0,0.010237,
20/12/2010,0,0.0102126,
21/12/2010,0,0.0101489,
22/12/2010,0,0.0101177,
23/12/2010,0,0.0101321,
24/12/2010,0,0.0101321,
25/12/2010,0,0.0101321,
26/12/2010,0,0.0101321,
27/12/2010,0,0.0101281,
28/12/2010,0,0.0101138,
29/12/2010,0,0.0101066,
30/12/2010,0,0.0101225,
31/12/2010,0,0.0101201,
1/1/2011,0,0.0101201,
2/1/2011,0,0.0101201,
3/1/2011,0,0.0100176,
4/1/2011,0,0.0100231,
5/1/2011,0,0.00997177,
6/1/2011,0,0.00999114,
7/1/2011,0,0.0100106,
8/1/2011,0,0.0100106,
9/1/2011,0,0.0100106,
10/1/2011,0,0.0100231,
11/1/2011,0,0.00998804,
12/1/2011,0,0.00989959,
13/1/2011,0,0.00991562,
14/1/2011,0,0.00984501,
15/1/2011,0,0.00984501,
16/1/2011,0,0.00984501,
17/1/2011,0,0.00984501,
18/1/2011,0,0.00982845,
19/1/2011,0,0.00992481,
20/1/2011,0,0.00993785,
21/1/2011,0,0.00991562,
22/1/2011,0,0.00991562,
23/1/2011,0,0.00991562,
24/1/2011,0,0.00986011,
25/1/2011,0,0.00985482,
26/1/2011,0,0.00981719,
27/1/2011,0,0.00979326,
28/1/2011,0,0.00996559,
29/1/2011,0,0.00996559,
30/1/2011,0,0.00996559,
31/1/2011,0,0.00989197,
1/2/2011,0,0.00973763,
2/2/2011,0,0.0097561,
3/2/2011,0,0.00973468,
4/2/2011,0,0.00970748,
5/2/2011,0,0.00970748,
6/2/2011,0,0.00970748,
7/2/2011,0,0.00964775,
8/2/2011,0,0.0096045,
9/2/2011,0,0.00962608,
10/2/2011,0,0.00962247,
11/2/2011,0,0.00956591,
12/2/2011,0,0.00956591,
13/2/2011,0,0.00956591,
14/2/2011,0,0.00954319,
15/2/2011,0,0.00957303,
16/2/2011,0,0.00951353,
17/2/2011,0,0.00948545,
18/2/2011,0,0.0094659,
19/2/2011,0,0.0094659,
20/2/2011,0,0.0094659,
21/2/2011,0,0.0094659,
22/2/2011,0,0.00965789,
23/2/2011,0,0.00971702,
24/2/2011,0,0.00972364,
25/2/2011,0,0.00962175,
26/2/2011,0,0.00962175,
27/2/2011,0,0.00962175,
28/2/2011,0,0.00956306,
1/3/2011,0,0.00972364,
2/3/2011,0,0.00970309,
3/3/2011,0,0.00954036,
4/3/2011,0,0.00961168,
5/3/2011,0,0.00961168,
6/3/2011,0,0.00961168,
7/3/2011,0,0.009687,
8/3/2011,0,0.00960378,
9/3/2011,0,0.00961743,
10/3/2011,0,0.00979699,
11/3/2011,0,0.00973026,
12/3/2011,0,0.00973026,
13/3/2011,0,0.00973026,
14/3/2011,0,0.00978879,
15/3/2011,1,1,
16/3/2011,1,1,
17/3/2011,1,1,
18/3/2011,1,1,
19/3/2011,1,1,
20/3/2011,1,1,
21/3/2011,1,1,
22/3/2011,1,1,
23/3/2011,1,1,
24/3/2011,1,1,
25/3/2011,1,1,
26/3/2011,1,1,
27/3/2011,1,1,
28/3/2011,1,1,
29/3/2011,0,0.00458788,
30/3/2011,0,0.00455658,
31/3/2011,0,0.00456274,
1/4/2011,0,0.00454364,
2/4/2011,0,0.00454364,
3/4/2011,0,0.00454364,
4/4/2011,0,0.0045399,
5/4/2011,0,0.00454058,
6/4/2011,0,0.00452638,
7/4/2011,0,0.00453787,
8/4/2011,0,0.00455351,
9/4/2011,0,0.00455351,
10/4/2011,0,0.00455351,
11/4/2011,0,0.0045672,
12/4/2011,0,0.00460143,
13/4/2011,0,0.00460178,
14/4/2011,0,0.0045983,
15/4/2011,0,0.00458166,
16/4/2011,0,0.00458166,
17/4/2011,0,0.00458166,
18/4/2011,1,1,
19/4/2011,1,1,
20/4/2011,0,0.00144045,
21/4/2011,0,0.00143314,
22/4/2011,0,0.00143314,
23/4/2011,0,0.00143314,
24/4/2011,0,0.00143314,
25/4/2011,0,0.00143463,
26/4/2011,0,0.00142241,
27/4/2011,0,0.0014132,
28/4/2011,0,0.00140864,
29/4/2011,0,0.00140534,
30/4/2011,0,0.00140534,
1/5/2011,0,0.00140534,
2/5/2011,0,0.0014075,
3/5/2011,0,0.00141257,
4/5/2011,0,0.00142199,
5/5/2011,0,0.00143496,
6/5/2011,0,0.00142866,
7/5/2011,0,0.00142866,
8/5/2011,0,0.00142866,
9/5/2011,0,0.00142315,
10/5/2011,0,0.00141112,
11/5/2011,0,0.00142611,
12/5/2011,0,0.00141936,
13/5/2011,0,0.00143036,
14/5/2011,0,0.00143036,
15/5/2011,0,0.00143036,
16/5/2011,0,0.00143947,
17/5/2011,0,0.00143969,
18/5/2011,0,0.00142696,
19/5/2011,0,0.00142357,
20/5/2011,0,0.00143496,
21/5/2011,0,0.00143496,
22/5/2011,0,0.00143496,
23/5/2011,0,0.00145177,
24/5/2011,0,0.00145298,
25/5/2011,0,0.00144816,
26/5/2011,1,1,
27/5/2011,1,1,
28/5/2011,1,1,
29/5/2011,1,1,
30/5/2011,1,1,
31/5/2011,1,1,
1/6/2011,1,1,
2/6/2011,1,1,
3/6/2011,1,1,
4/6/2011,1,1,
5/6/2011,1,1,
6/6/2011,1,1,
7/6/2011,1,1,
8/6/2011,1,1,
9/6/2011,1,1,
10/6/2011,1,1,
11/6/2011,1,1,
12/6/2011,1,1,
13/6/2011,1,1,
14/6/2011,1,1,
15/6/2011,1,1,
16/6/2011,1,1,
17/6/2011,1,1,
18/6/2011,1,1,
19/6/2011,1,1,
20/6/2011,1,1,
21/6/2011,1,1,
22/6/2011,1,1,
23/6/2011,1,1,
24/6/2011,1,1,
25/6/2011,1,1,
26/6/2011,1,1,
27/6/2011,1,1,
28/6/2011,1,1,
29/6/2011,1,1,
30/6/2011,1,1,
1/7/2011,1,1,
2/7/2011,1,1,
3/7/2011,1,1,
4/7/2011,1,1,
5/7/2011,0,0.00267024,
6/7/2011,0,0.00266706,
7/7/2011,0,0.00263974,
8/7/2011,0,0.00265854,
9/7/2011,0,0.00265854,
10/7/2011,0,0.00265854,
11/7/2011,0,0.00270736,
12/7/2011,0,0.00271908,
13/7/2011,0,0.00271003,
14/7/2011,0,0.00272881,
15/7/2011,0,0.00271311,
16/7/2011,0,0.00271311,
17/7/2011,0,0.00271311,
18/7/2011,1,1,
19/7/2011,0,0.000739759,
20/7/2011,0,0.000740205,
21/7/2011,0,0.000730085,
22/7/2011,0,0.000729597,
23/7/2011,0,0.000729597,
24/7/2011,0,0.000729597,
25/7/2011,0,0.000733683,
26/7/2011,0,0.000736432,
27/7/2011,0,0.000751815,
28/7/2011,0,0.000754007,
29/7/2011,0,0.000759192,
30/7/2011,0,0.000759192,
31/7/2011,0,0.000759192,
1/8/2011,1,1,
2/8/2011,1,1,
3/8/2011,1,1,
4/8/2011,1,1,
5/8/2011,1,1,
6/8/2011,1,1,
7/8/2011,1,1,
8/8/2011,1,1,
9/8/2011,1,1,
10/8/2011,1,1,
11/8/2011,1,1,
12/8/2011,1,1,
13/8/2011,1,1,
14/8/2011,1,1,
15/8/2011,1,1,
16/8/2011,1,1,
17/8/2011,1,1,
18/8/2011,1,1,
19/8/2011,1,1,
20/8/2011,1,1,
21/8/2011,1,1,
22/8/2011,1,1,
23/8/2011,1,1,
24/8/2011,1,1,
25/8/2011,1,1,
26/8/2011,1,1,
27/8/2011,1,1,
28/8/2011,1,1,
29/8/2011,1,1,
30/8/2011,1,1,
31/8/2011,1,1,
1/9/2011,1,1,
2/9/2011,1,1,
3/9/2011,1,1,
4/9/2011,1,1,
5/9/2011,1,1,
6/9/2011,1,1,
7/9/2011,1,1,
8/9/2011,1,1,
9/9/2011,1,1,
10/9/2011,1,1,
11/9/2011,1,1,
12/9/2011,1,1,
13/9/2011,1,1,
14/9/2011,1,1,
15/9/2011,1,1,
16/9/2011,1,1,
17/9/2011,1,1,
18/9/2011,1,1,
19/9/2011,1,1,
20/9/2011,1,1,
21/9/2011,1,1,
22/9/2011,1,1,
23/9/2011,1,1,
24/9/2011,1,1,
25/9/2011,1,1,
26/9/2011,1,1,
27/9/2011,1,1,
28/9/2011,1,1,
29/9/2011,1,1,
30/9/2011,1,1,
1/10/2011,1,1,
2/10/2011,1,1,
3/10/2011,1,1,
4/10/2011,1,1,
5/10/2011,1,1,
6/10/2011,1,1,
7/10/2011,1,1,
8/10/2011,1,1,
9/10/2011,1,1,
10/10/2011,1,1,
11/10/2011,1,1,
12/10/2011,0,0.00330977,
13/10/2011,0,0.00331634,
14/10/2011,0,0.00326079,
15/10/2011,0,0.00326079,
16/10/2011,0,0.00326079,
17/10/2011,0,0.00332404,
18/10/2011,0,0.00326052,
19/10/2011,0,0.00329942,
20/10/2011,0,0.0032851,
21/10/2011,0,0.00322408,
22/10/2011,0,0.00322408,
23/10/2011,0,0.00322408,
24/10/2011,0,0.00318515,
25/10/2011,0,0.00324811,
26/10/2011,0,0.00321555,
27/10/2011,0,0.00310764,
28/10/2011,0,0.00310837,
29/10/2011,0,0.00310837,
30/10/2011,0,0.00310837,
31/10/2011,0,0.0031849,
1/11/2011,0,0.00327597,
2/11/2011,0,0.00322356,
3/11/2011,0,0.00316604,
4/11/2011,0,0.00318541,
5/11/2011,0,0.00318541,
6/11/2011,0,0.00318541,
7/11/2011,0,0.00316579,
8/11/2011,0,0.00312581,
9/11/2011,0,0.00324522,
10/11/2011,0,0.00321503,
11/11/2011,0,0.00315582,
12/11/2011,0,0.00315582,
13/11/2011,0,0.00315582,
14/11/2011,0,0.00318591,
15/11/2011,0,0.0031703,
16/11/2011,0,0.00322123,
17/11/2011,0,0.00327303,
18/11/2011,0,0.00327651,
19/11/2011,0,0.00327651,
20/11/2011,0,0.00327651,
21/11/2011,0,0.00333982,
22/11/2011,0,0.00335295,
23/11/2011,1,1,
24/11/2011,1,1,
25/11/2011,1,1,
26/11/2011,1,1,
27/11/2011,1,1,
28/11/2011,1,1,
29/11/2011,1,1,
30/11/2011,1,1,
1/12/2011,0,0.0026089,
2/12/2011,0,0.00261119,
3/12/2011,0,0.00261119,
4/12/2011,0,0.00261119,
5/12/2011,0,0.00258313,
6/12/2011,0,0.00258231,
7/12/2011,0,0.00257276,
8/12/2011,0,0.00263031,
9/12/2011,0,0.0025866,
10/12/2011,0,0.0025866,
11/12/2011,0,0.0025866,
12/12/2011,0,0.00262482,
13/12/2011,0,0.0026495,
14/12/2011,0,0.00267793,
15/12/2011,0,0.00266831,
16/12/2011,1,1,
17/12/2011,1,1,
18/12/2011,1,1,
19/12/2011,1,1,
20/12/2011,1,1,
21/12/2011,1,1,
22/12/2011,1,1,
23/12/2011,0,0.00359888,
24/12/2011,0,0.00359888,
25/12/2011,0,0.00359888,
26/12/2011,0,0.00359888,
27/12/2011,0,0.00359604,
28/12/2011,0,0.00364369,
29/12/2011,0,0.00360655,
30/12/2011,0,0.00362431,
31/12/2011,0,0.00362431,
1/1/2012,0,0.00362431,
2/1/2012,0,0.00362431,
3/1/2012,0,0.00356766,
4/1/2012,0,0.00356209,
5/1/2012,0,0.00355266,
6/1/2012,0,0.00356181,
7/1/2012,0,0.00356181,
8/1/2012,0,0.00356181,
9/1/2012,0,0.00355322,
10/1/2012,0,0.00352278,
11/1/2012,0,0.00352088,
12/1/2012,0,0.00351248,
13/1/2012,0,0.00353068,
14/1/2012,0,0.00353068,
15/1/2012,0,0.00353068,
16/1/2012,0,0.00353068,
17/1/2012,0,0.00351708,
18/1/2012,0,0.00347875,
19/1/2012,0,0.00346056,
20/1/2012,0,0.00344775,
21/1/2012,0,0.00344775,
22/1/2012,0,0.00344775,
23/1/2012,0,0.00345663,
24/1/2012,0,0.00346056,
25/1/2012,0,0.00343194,
26/1/2012,0,0.00344958,
27/1/2012,0,0.00345114,
28/1/2012,0,0.00345114,
29/1/2012,0,0.00345114,
30/1/2012,0,0.00346292,
31/1/2012,0,0.00346424,
1/2/2012,0,0.00343427,
2/2/2012,0,0.00342885,
3/2/2012,0,0.0033816,
4/2/2012,0,0.0033816,
5/2/2012,0,0.0033816,
6/2/2012,0,0.00338386,
7/2/2012,0,0.00337535,
8/2/2012,0,0.0033654,
9/2/2012,0,0.00336119,
10/2/2012,0,0.00338612,
11/2/2012,0,0.00338612,
12/2/2012,0,0.00338612,
13/2/2012,0,0.00336119,
14/2/2012,0,0.0033654,
15/2/2012,0,0.0033811,
16/2/2012,0,0.0033442,
17/2/2012,0,0.0033354,
18/2/2012,0,0.0033354,
19/2/2012,0,0.0033354,
20/2/2012,0,0.0033354,
21/2/2012,0,0.00333394,
22/2/2012,0,0.00334469,
23/2/2012,0,0.00333005,
24/2/2012,0,0.00332278,
25/2/2012,0,0.00332278,
26/2/2012,0,0.00332278,
27/2/2012,0,0.00331722,
28/2/2012,0,0.00330761,
29/2/2012,0,0.0033206,
1/3/2012,0,0.00330354,
2/3/2012,0,0.00331361,
3/3/2012,0,0.00331361,
4/3/2012,0,0.00331361,
5/3/2012,0,0.00332714,
6/3/2012,0,0.00337635,
7/3/2012,0,0.00335304,
8/3/2012,0,0.00332012,
9/3/2012,0,0.00330737,
10/3/2012,0,0.00330737,
11/3/2012,0,0.00330737,
12/3/2012,0,0.00330713,
13/3/2012,0,0.00324876,
14/3/2012,0,0.00325223,
15/3/2012,0,0.00323358,
16/3/2012,0,0.0075722,
17/3/2012,0,0.0075722,
18/3/2012,0,0.0075722,
19/3/2012,0,0.00754285,
20/3/2012,0,0.00756471,
21/3/2012,0,0.00757702,
22/3/2012,0,0.00763158,
23/3/2012,0,0.00760718,
24/3/2012,0,0.00760718,
25/3/2012,0,0.00760718,
26/3/2012,0,0.00750268,
27/3/2012,0,0.00752588,
28/3/2012,0,0.0075631,
29/3/2012,0,0.00757595,
30/3/2012,0,0.00754498,
31/3/2012,0,0.00754498,
1/4/2012,0,0.00754498,
2/4/2012,0,0.0074906,
3/4/2012,0,0.00752113,
4/4/2012,0,0.00759584,
5/4/2012,0,0.00759961,
6/4/2012,0,0.00759961,
7/4/2012,0,0.00759961,
8/4/2012,0,0.00759961,
9/4/2012,0,0.00768527,
10/4/2012,0,0.00781545,
11/4/2012,0,0.00775318,
12/4/2012,0,0.00765395,
13/4/2012,1,1,
14/4/2012,1,1,
15/4/2012,1,1,
16/4/2012,1,1,
17/4/2012,1,1,
18/4/2012,0,0.00292323,
19/4/2012,1,1,
20/4/2012,1,1,
21/4/2012,1,1,
22/4/2012,1,1,
23/4/2012,1,1,
24/4/2012,1,1,
25/4/2012,1,1,
26/4/2012,1,1,
27/4/2012,0,0.00355615,
28/4/2012,0,0.00355615,
29/4/2012,0,0.00355615,
30/4/2012,0,0.00356932,
1/5/2012,0,0.00354734,
2/5/2012,0,0.00355792,
3/5/2012,0,0.00358516,
4/5/2012,0,0.00364382,
5/5/2012,0,0.00364382,
6/5/2012,0,0.00364382,
7/5/2012,0,0.00364117,
8/5/2012,1,1,
9/5/2012,1,1,
10/5/2012,1,1,
11/5/2012,1,1,
12/5/2012,1,1,
13/5/2012,1,1,
14/5/2012,1,1,
15/5/2012,1,1,
16/5/2012,1,1,
17/5/2012,1,1,
18/5/2012,1,1,
19/5/2012,1,1,
20/5/2012,1,1,
21/5/2012,1,1,
22/5/2012,1,1,
23/5/2012,1,1,
24/5/2012,1,1,
25/5/2012,1,1,
26/5/2012,1,1,
27/5/2012,1,1,
28/5/2012,1,1,
29/5/2012,1,1,
30/5/2012,1,1,
31/5/2012,1,1,
1/6/2012,1,1,
2/6/2012,1,1,
3/6/2012,1,1,
4/6/2012,1,1,
5/6/2012,1,1,
6/6/2012,1,1,
7/6/2012,1,1,
8/6/2012,1,1,
9/6/2012,1,1,
10/6/2012,1,1,
11/6/2012,1,1,
12/6/2012,1,1,
13/6/2012,1,1,
14/6/2012,1,1,
15/6/2012,1,1,
16/6/2012,1,1,
17/6/2012,1,1,
18/6/2012,1,1,
19/6/2012,1,1,
20/6/2012,1,1,
21/6/2012,1,1,
22/6/2012,1,1,
23/6/2012,1,1,
24/6/2012,1,1,
25/6/2012,1,1,
26/6/2012,1,1,
27/6/2012,1,1,
28/6/2012,1,1,
29/6/2012,1,1,
30/6/2012,1,1,
1/7/2012,1,1,
2/7/2012,1,1,
3/7/2012,0,0.00218595,
4/7/2012,0,0.00218595,
5/7/2012,0,0.00219584,
6/7/2012,0,0.00221686,
7/7/2012,0,0.00221686,
8/7/2012,0,0.00221686,
9/7/2012,0,0.00221964,
10/7/2012,0,0.00223912,
11/7/2012,0,0.00223879,
12/7/2012,0,0.00224966,
13/7/2012,0,0.00221262,
14/7/2012,0,0.00221262,
15/7/2012,0,0.00221262,
16/7/2012,0,0.00221784,
17/7/2012,0,0.00220275,
18/7/2012,0,0.00218659,
19/7/2012,0,0.00218088,
20/7/2012,0,0.00220097,
21/7/2012,0,0.00220097,
22/7/2012,0,0.00220097,
23/7/2012,0,0.00222341,
24/7/2012,0,0.00224262,
25/7/2012,0,0.00224212,
26/7/2012,0,0.00220581,
27/7/2012,0,0.00216597,
28/7/2012,0,0.00216597,
29/7/2012,0,0.00216597,
30/7/2012,0,0.00216597,
31/7/2012,0,0.0021812,
1/8/2012,0,0.0021831,
2/8/2012,0,0.00219824,
3/8/2012,0,0.00215558,
4/8/2012,0,0.00215558,
5/8/2012,0,0.00215558,
6/8/2012,0,0.00215142,
7/8/2012,0,0.00214071,
8/8/2012,0,0.00213813,
9/8/2012,0,0.00213631,
10/8/2012,0,0.00213283,
11/8/2012,0,0.00213283,
12/8/2012,0,0.00213283,
13/8/2012,0,0.00213389,
14/8/2012,0,0.00213358,
15/8/2012,0,0.00213117,
16/8/2012,0,0.00211559,
17/8/2012,0,0.00211277,
18/8/2012,0,0.00211277,
19/8/2012,0,0.00211277,
20/8/2012,0,0.00211262,
21/8/2012,0,0.00211901,
22/8/2012,0,0.00211812,
23/8/2012,0,0.00213555,
24/8/2012,0,0.00212275,
25/8/2012,0,0.00212275,
26/8/2012,0,0.00212275,
27/8/2012,0,0.0021223,
28/8/2012,0,0.0021244,
29/8/2012,0,0.00212275,
30/8/2012,0,0.00213813,
31/8/2012,0,0.002128,
1/9/2012,0,0.002128,
2/9/2012,0,0.002128,
3/9/2012,0,0.002128,
4/9/2012,0,0.00212996,
5/9/2012,0,0.00213177,
6/9/2012,0,0.00208945,
7/9/2012,0,0.00208136,
8/9/2012,0,0.00208136,
9/9/2012,0,0.00208136,
10/9/2012,0,0.00209323,
11/9/2012,0,0.00208742,
12/9/2012,0,0.0020805,
13/9/2012,0,0.00204934,
14/9/2012,0,0.00204031,
15/9/2012,0,0.00204031,
16/9/2012,0,0.00204031,
17/9/2012,0,0.00204725,
18/9/2012,0,0.00204892,
19/9/2012,0,0.0020478,
20/9/2012,0,0.00204767,
21/9/2012,0,0.00734977,
22/9/2012,0,0.00734977,
23/9/2012,0,0.00734977,
24/9/2012,0,0.00736079,
25/9/2012,0,0.00743938,
26/9/2012,0,0.00748112,
27/9/2012,0,0.00741181,
28/9/2012,0,0.00744604,
29/9/2012,0,0.00744604,
30/9/2012,0,0.00744604,
1/10/2012,0,0.00742659,
2/10/2012,0,0.00741894,
3/10/2012,0,0.00738899,
4/10/2012,0,0.00733679,
5/10/2012,0,0.00733629,
6/10/2012,0,0.00733629,
7/10/2012,0,0.00733629,
8/10/2012,0,0.00736129,
9/10/2012,0,0.00743426,
10/10/2012,0,0.00748163,
11/10/2012,0,0.00747749,
12/10/2012,0,0.0075019,
13/10/2012,0,0.0075019,
14/10/2012,0,0.0075019,
15/10/2012,0,0.0074404,
16/10/2012,0,0.00736631,
17/10/2012,0,0.0073333,
18/10/2012,0,0.00735227,
19/10/2012,0,0.00747594,
20/10/2012,0,0.00747594,
21/10/2012,0,0.00747594,
22/10/2012,0,0.0074749,
23/10/2012,0,0.00757929,
24/10/2012,1,1,
25/10/2012,1,1,
26/10/2012,1,1,
27/10/2012,1,1,
28/10/2012,1,1,
29/10/2012,1,1,
30/10/2012,1,1,
31/10/2012,1,1,
1/11/2012,1,1,
2/11/2012,1,1,
3/11/2012,1,1,
4/11/2012,1,1,
5/11/2012,1,1,
6/11/2012,1,1,
7/11/2012,1,1,
8/11/2012,1,1,
9/11/2012,1,1,
10/11/2012,1,1,
11/11/2012,1,1,
12/11/2012,1,1,
13/11/2012,1,1,
14/11/2012,1,1,
15/11/2012,1,1,
16/11/2012,1,1,
17/11/2012,1,1,
18/11/2012,1,1,
19/11/2012,1,1,
20/11/2012,1,1,
21/11/2012,1,1,
22/11/2012,1,1,
23/11/2012,1,1,
24/11/2012,1,1,
25/11/2012,1,1,
26/11/2012,1,1,
27/11/2012,1,1,
28/11/2012,1,1,
29/11/2012,1,1,
30/11/2012,1,1,
1/12/2012,1,1,
2/12/2012,1,1,
3/12/2012,1,1,
4/12/2012,1,1,
5/12/2012,1,1,
6/12/2012,1,1,
7/12/2012,1,1,
8/12/2012,1,1,
9/12/2012,1,1,
10/12/2012,0,0.000718505,
11/12/2012,0,0.00071365,
12/12/2012,0,0.000713302,
13/12/2012,0,0.0007177,
14/12/2012,0,0.000720375,
15/12/2012,0,0.000720375,
16/12/2012,0,0.000720375,
17/12/2012,0,0.000712013,
18/12/2012,0,0.000704182,
19/12/2012,0,0.000709449,
20/12/2012,0,0.000705394,
21/12/2012,0,0.00781325,
22/12/2012,0,0.00781325,
23/12/2012,0,0.00781325,
24/12/2012,0,0.00783721,
25/12/2012,0,0.00783721,
26/12/2012,0,0.00787012,
27/12/2012,0,0.0078806,
28/12/2012,0,0.00796602,
29/12/2012,0,0.00796602,
30/12/2012,0,0.00796602,
31/12/2012,0,0.00783393,
1/1/2013,0,0.00783393,
2/1/2013,0,0.00763966,
3/1/2013,0,0.00765683,
4/1/2013,0,0.0076236,
5/1/2013,0,0.0076236,
6/1/2013,0,0.0076236,
7/1/2013,0,0.00764433,
8/1/2013,0,0.00766622,
9/1/2013,0,0.00764693,
10/1/2013,0,0.00758708,
11/1/2013,0,0.00758759,
12/1/2013,0,0.00758759,
13/1/2013,0,0.00758759,
14/1/2013,0,0.00759272,
15/1/2013,0,0.00758759,
16/1/2013,0,0.00758862,
17/1/2013,0,0.00754027,
18/1/2013,0,0.00752362,
19/1/2013,0,0.00752362,
20/1/2013,0,0.00752362,
21/1/2013,0,0.00752362,
22/1/2013,0,0.00748357,
23/1/2013,0,0.00747163,
24/1/2013,0,0.00746965,
25/1/2013,0,0.0074282,
26/1/2013,0,0.0074282,
27/1/2013,0,0.0074282,
28/1/2013,0,0.00743704,
29/1/2013,0,0.00740813,
30/1/2013,0,0.00743704,
31/1/2013,0,0.00745528,
1/2/2013,0,0.00737993,
2/2/2013,0,0.00737993,
3/2/2013,0,0.00737993,
4/2/2013,0,0.0074632,
5/2/2013,0,0.00738915,
6/2/2013,0,0.00738381,
7/2/2013,0,0.00739352,
8/2/2013,0,0.00735291,
9/2/2013,0,0.00735291,
10/2/2013,0,0.00735291,
11/2/2013,0,0.00735435,
12/2/2013,0,0.00734234,
13/2/2013,0,0.00733612,
14/2/2013,0,0.00732942,
15/2/2013,0,0.00733803,
16/2/2013,0,0.00733803,
17/2/2013,0,0.00733803,
18/2/2013,0,0.00733803,
19/2/2013,0,0.00728384,
20/2/2013,0,0.00737509,
21/2/2013,0,0.00741986,
22/2/2013,0,0.00734858,
23/2/2013,0,0.00734858,
24/2/2013,0,0.00734858,
25/2/2013,0,0.00749005,
26/2/2013,0,0.0074395,
27/2/2013,0,0.00734762,
28/2/2013,0,0.00736205,
1/3/2013,0,0.00733803,
2/3/2013,0,0.00733803,
3/3/2013,0,0.00733803,
4/3/2013,0,0.00729945,
5/3/2013,0,0.0072351,
6/3/2013,0,0.00722534,
7/3/2013,0,0.00721236,
8/3/2013,0,0.00718196,
9/3/2013,0,0.00718196,
10/3/2013,0,0.00718196,
11/3/2013,0,0.00715499,
12/3/2013,0,0.00717096,
13/3/2013,0,0.00716092,
14/3/2013,0,0.00712327,
15/3/2013,0,0.0115348,
16/3/2013,0,0.0115348,
17/3/2013,0,0.0115348,
18/3/2013,0,0.011598,
19/3/2013,0,0.0116247,
20/3/2013,0,0.011545,
21/3/2013,0,0.0116433,
22/3/2013,0,0.0115516,
23/3/2013,0,0.0115516,
24/3/2013,0,0.0115516,
25/3/2013,0,0.0115995,
26/3/2013,0,0.0115085,
27/3/2013,0,0.0115085,
28/3/2013,0,0.0114736,
29/3/2013,0,0.0114736,
30/3/2013,0,0.0114736,
31/3/2013,0,0.0114736,
1/4/2013,0,0.0115187,
2/4/2013,0,0.0114628,
3/4/2013,0,0.0115788,
4/4/2013,0,0.0115326,
5/4/2013,0,0.011584,
6/4/2013,0,0.011584,
7/4/2013,0,0.011584,
8/4/2013,0,0.011507,
9/4/2013,0,0.0114678,
10/4/2013,0,0.0113307,
11/4/2013,0,0.0112941,
12/4/2013,0,0.0113215,
13/4/2013,0,0.0113215,
14/4/2013,0,0.0113215,
15/4/2013,0,0.011587,
16/4/2013,0,0.0114203,
17/4/2013,0,0.0115877,
18/4/2013,0,0.0116598,
19/4/2013,0,0.0115604,
20/4/2013,0,0.0115604,
21/4/2013,0,0.0115604,
22/4/2013,0,0.0115099,
23/4/2013,0,0.0113938,
24/4/2013,0,0.0113867,
25/4/2013,0,0.0113413,
26/4/2013,0,0.0113611,
27/4/2013,0,0.0113611,
28/4/2013,0,0.0113611,
29/4/2013,0,0.0112863,
30/4/2013,0,0.0112598,
1/5/2013,0,0.0113583,
2/5/2013,0,0.0112549,
3/5/2013,0,0.0111432,
4/5/2013,0,0.0111432,
5/5/2013,0,0.0111432,
6/5/2013,0,0.0111153,
7/5/2013,0,0.0110598,
8/5/2013,0,0.0110103,
9/5/2013,0,0.011041,
10/5/2013,0,0.0110056,
11/5/2013,0,0.0110056,
12/5/2013,0,0.0110056,
13/5/2013,0,0.010997,
14/5/2013,0,0.0108857,
15/5/2013,0,0.010828,
16/5/2013,0,0.0108785,
17/5/2013,0,0.0107754,
18/5/2013,0,0.0107754,
19/5/2013,0,0.0107754,
20/5/2013,0,0.010776,
21/5/2013,0,0.0107607,
22/5/2013,0,0.0108403,
23/5/2013,0,0.0108714,
24/5/2013,0,0.0108805,
25/5/2013,0,0.0108805,
26/5/2013,0,0.0108805,
27/5/2013,0,0.0108805,
28/5/2013,0,0.0108164,
29/5/2013,0,0.0108864,
30/5/2013,0,0.0108467,
31/5/2013,0,0.0110029,
1/6/2013,0,0.0110029,
2/6/2013,0,0.0110029,
3/6/2013,0,0.0109433,
4/6/2013,0,0.0109956,
5/6/2013,0,0.01115,
6/6/2013,0,0.0110511,
7/6/2013,0,0.0109138,
8/6/2013,0,0.0109138,
9/6/2013,0,0.0109138,
10/6/2013,0,0.0109138,
11/6/2013,0,0.0110263,
12/6/2013,0,0.0111173,
13/6/2013,0,0.0109526,
14/6/2013,0,0.0110209,
15/6/2013,0,0.0110209,
16/6/2013,0,0.0110209,
17/6/2013,0,0.0109374,
18/6/2013,0,0.0108526,
19/6/2013,0,0.0110029,
20/6/2013,0,0.0112793,
21/6/2013,0,0.0164317,
22/6/2013,0,0.0164317,
23/6/2013,0,0.0164317,
24/6/2013,1,1,
25/6/2013,1,1,
26/6/2013,1,1,
27/6/2013,1,1,
28/6/2013,1,1,
29/6/2013,1,1,
30/6/2013,1,1,
1/7/2013,1,1,
2/7/2013,1,1,
3/7/2013,1,1,
4/7/2013,1,1,
5/7/2013,1,1,
6/7/2013,1,1,
7/7/2013,1,1,
8/7/2013,1,1,
9/7/2013,1,1,
10/7/2013,0,0.00455818,
11/7/2013,0,0.00449721,
12/7/2013,0,0.00449534,
13/7/2013,0,0.00449534,
14/7/2013,0,0.00449534,
15/7/2013,0,0.0044783,
16/7/2013,0,0.00449507,
17/7/2013,0,0.00448361,
18/7/2013,0,0.00445929,
19/7/2013,0,0.00445142,
20/7/2013,0,0.00445142,
21/7/2013,0,0.00445142,
22/7/2013,0,0.00444279,
23/7/2013,0,0.00445221,
24/7/2013,0,0.00446851,
25/7/2013,0,0.00445772,
26/7/2013,0,0.00445299,
27/7/2013,0,0.00445299,
28/7/2013,0,0.00445299,
29/7/2013,0,0.00446667,
30/7/2013,0,0.00446667,
31/7/2013,0,0.0044635,
1/8/2013,0,0.00441273,
2/8/2013,0,0.00440528,
3/8/2013,0,0.00440528,
4/8/2013,0,0.00440528,
5/8/2013,0,0.0044117,
6/8/2013,0,0.0044368,
7/8/2013,0,0.00445116,
8/8/2013,0,0.00443498,
9/8/2013,0,0.00444776,
10/8/2013,0,0.00444776,
11/8/2013,0,0.00444776,
12/8/2013,0,0.00445299,
13/8/2013,0,0.00443993,
14/8/2013,0,0.00446271,
15/8/2013,0,0.00452573,
16/8/2013,0,0.00454067,
17/8/2013,0,0.00454067,
18/8/2013,0,0.00454067,
19/8/2013,0,0.00456975,
20/8/2013,0,0.0045475,
21/8/2013,1,1,
22/8/2013,1,1,
23/8/2013,1,1,
24/8/2013,1,1,
25/8/2013,1,1,
26/8/2013,1,1,
27/8/2013,1,1,
28/8/2013,1,1,
29/8/2013,1,1,
30/8/2013,1,1,
31/8/2013,1,1,
1/9/2013,1,1,
2/9/2013,1,1,
3/9/2013,1,1,
4/9/2013,1,1,
5/9/2013,1,1,
6/9/2013,1,1,
7/9/2013,1,1,
8/9/2013,1,1,
9/9/2013,1,1,
10/9/2013,1,1,
11/9/2013,0,0.00386075,
12/9/2013,0,0.003871,
13/9/2013,0,0.00386234,
14/9/2013,0,0.00386234,
15/9/2013,0,0.00386234,
16/9/2013,0,0.0038402,
17/9/2013,0,0.00382321,
18/9/2013,0,0.00377963,
19/9/2013,0,0.00378595,
20/9/2013,0,0.00867834,
21/9/2013,0,0.00867834,
22/9/2013,0,0.00867834,
23/9/2013,0,0.00871833,
24/9/2013,0,0.00873872,
25/9/2013,0,0.00876383,
26/9/2013,0,0.00873056,
27/9/2013,0,0.00877052,
28/9/2013,0,0.00877052,
29/9/2013,0,0.00877052,
30/9/2013,0,0.00881709,
1/10/2013,0,0.00874844,
2/10/2013,0,0.00875664,
3/10/2013,0,0.00883742,
4/10/2013,0,0.00877155,
5/10/2013,0,0.00877155,
6/10/2013,0,0.00877155,
7/10/2013,0,0.00884736,
8/10/2013,1,1,
9/10/2013,1,1,
10/10/2013,1,1,
11/10/2013,1,1,
12/10/2013,1,1,
13/10/2013,1,1,
14/10/2013,0,0.0032632,
15/10/2013,0,0.00328696,
16/10/2013,0,0.00324184,
17/10/2013,0,0.00322038,
18/10/2013,0,0.00319885,
19/10/2013,0,0.00319885,
20/10/2013,0,0.00319885,
21/10/2013,0,0.00319867,
22/10/2013,0,0.00318031,
23/10/2013,0,0.00319556,
24/10/2013,0,0.00318501,
25/10/2013,0,0.00317058,
26/10/2013,0,0.00317058,
27/10/2013,0,0.00317058,
28/10/2013,0,0.00316555,
29/10/2013,0,0.00314881,
30/10/2013,0,0.00316448,
31/10/2013,0,0.00317345,
1/11/2013,0,0.00316591,
2/11/2013,0,0.00316591,
3/11/2013,0,0.00316591,
4/11/2013,0,0.00315485,
5/11/2013,0,0.00316484,
6/11/2013,0,0.00314881,
7/11/2013,0,0.003189,
8/11/2013,0,0.00314669,
9/11/2013,0,0.00314669,
10/11/2013,0,0.00314669,
11/11/2013,0,0.00314616,
12/11/2013,0,0.00315254,
13/11/2013,0,0.00312752,
14/11/2013,0,0.00311204,
15/11/2013,0,0.0030986,
16/11/2013,0,0.0030986,
17/11/2013,0,0.0030986,
18/11/2013,0,0.00310945,
19/11/2013,0,0.0031162,
20/11/2013,0,0.00312595,
21/11/2013,0,0.00310101,
22/11/2013,0,0.00308562,
23/11/2013,0,0.00308562,
24/11/2013,0,0.00308562,
25/11/2013,0,0.00308868,
26/11/2013,0,0.00308783,
27/11/2013,0,0.00308035,
28/11/2013,0,0.00308035,
29/11/2013,0,0.00308239,
30/11/2013,0,0.00308239,
1/12/2013,0,0.00308239,
2/12/2013,0,0.00309039,
3/12/2013,0,0.00310376,
4/12/2013,0,0.0031041,
5/12/2013,0,0.00311776,
6/12/2013,0,0.00308341,
7/12/2013,0,0.00308341,
8/12/2013,0,0.00308341,
9/12/2013,0,0.00307561,
10/12/2013,0,0.00308664,
11/12/2013,0,0.00312159,
12/12/2013,0,0.0031319,
13/12/2013,0,0.00313225,
14/12/2013,0,0.00313225,
15/12/2013,0,0.00313225,
16/12/2013,0,0.00311291,
17/12/2013,0,0.00312281,
18/12/2013,0,0.00307055,
19/12/2013,0,0.00307409,
20/12/2013,0,0.00840874,
21/12/2013,0,0.00840874,
22/12/2013,0,0.00840874,
23/12/2013,0,0.00836443,
24/12/2013,0,0.00834629,
25/12/2013,0,0.00834629,
26/12/2013,0,0.00830442,
27/12/2013,0,0.00830487,
28/12/2013,0,0.00830487,
29/12/2013,0,0.00830487,
30/12/2013,0,0.00830622,
31/12/2013,0,0.00826741,
1/1/2014,0,0.00826741,
2/1/2014,0,0.00834674,
3/1/2014,0,0.0083481,
4/1/2014,0,0.0083481,
5/1/2014,0,0.0083481,
6/1/2014,0,0.00837216,
7/1/2014,0,0.00832148,
8/1/2014,0,0.00831968,
9/1/2014,0,0.00831429,
10/1/2014,0,0.0082919,
11/1/2014,0,0.0082919,
12/1/2014,0,0.0082919,
13/1/2014,0,0.00840277,
14/1/2014,0,0.00831294,
15/1/2014,0,0.00826874,
16/1/2014,0,0.00827942,
17/1/2014,0,0.00831429,
18/1/2014,0,0.00831429,
19/1/2014,0,0.00831429,
20/1/2014,0,0.00831429,
21/1/2014,0,0.00829012,
22/1/2014,0,0.00828476,
23/1/2014,0,0.00835263,
24/1/2014,0,0.00853317,
25/1/2014,0,0.00853317,
26/1/2014,0,0.00853317,
27/1/2014,0,0.008575,
28/1/2014,1,1,
29/1/2014,1,1,
30/1/2014,1,1,
31/1/2014,1,1,
1/2/2014,1,1,
2/2/2014,1,1,
3/2/2014,1,1,
4/2/2014,1,1,
5/2/2014,1,1,
6/2/2014,1,1,
7/2/2014,1,1,
8/2/2014,1,1,
9/2/2014,1,1,
10/2/2014,1,1,
11/2/2014,1,1,
12/2/2014,1,1,
13/2/2014,0,0.00392475,
14/2/2014,0,0.0039033,
15/2/2014,0,0.0039033,
16/2/2014,0,0.0039033,
17/2/2014,0,0.0039033,
18/2/2014,0,0.00389865,
19/2/2014,0,0.00392454,
20/2/2014,0,0.00390161,
21/2/2014,0,0.00390605,
22/2/2014,0,0.00390605,
23/2/2014,0,0.00390605,
24/2/2014,0,0.00388458,
25/2/2014,0,0.00388605,
26/2/2014,0,0.00388584,
27/2/2014,0,0.00386563,
28/2/2014,0,0.00385592,
1/3/2014,0,0.00385592,
2/3/2014,0,0.00385592,
3/3/2014,0,0.00388312,
4/3/2014,0,0.0038295,
5/3/2014,0,0.00382605,
6/3/2014,0,0.00381734,
7/3/2014,0,0.00381572,
8/3/2014,0,0.00381572,
9/3/2014,0,0.00381572,
10/3/2014,0,0.00381774,
11/3/2014,0,0.00383663,
12/3/2014,0,0.00383561,
13/3/2014,0,0.00387894,
14/3/2014,0,0.00388982,
15/3/2014,0,0.00388982,
16/3/2014,0,0.00388982,
17/3/2014,0,0.00385509,
18/3/2014,0,0.00382788,
19/3/2014,0,0.0038483,
20/3/2014,0,0.00382605,
21/3/2014,0,0.00823492,
22/3/2014,0,0.00823492,
23/3/2014,0,0.00823492,
24/3/2014,0,0.00826883,
25/3/2014,0,0.00823009,
26/3/2014,0,0.00828922,
27/3/2014,0,0.00830659,
28/3/2014,0,0.00826618,
29/3/2014,0,0.00826618,
30/3/2014,0,0.00826618,
31/3/2014,0,0.00819954,
1/4/2014,0,0.00814597,
2/4/2014,0,0.00811902,
3/4/2014,0,0.00812969,
4/4/2014,0,0.00822615,
5/4/2014,0,0.00822615,
6/4/2014,0,0.00822615,
7/4/2014,0,0.00831732,
8/4/2014,0,0.00828345,
9/4/2014,0,0.00819606,
10/4/2014,0,0.00837045,
11/4/2014,1,1,
12/4/2014,1,1,
13/4/2014,1,1,
14/4/2014,1,1,
15/4/2014,1,1,
16/4/2014,1,1,
17/4/2014,1,1,
18/4/2014,1,1,
19/4/2014,1,1,
20/4/2014,1,1,
21/4/2014,1,1,
22/4/2014,0,0.00204587,
23/4/2014,0,0.00205067,
24/4/2014,0,0.00204653,
25/4/2014,0,0.00206341,
26/4/2014,0,0.00206341,
27/4/2014,0,0.00206341,
28/4/2014,0,0.00205691,
29/4/2014,0,0.0020474,
30/4/2014,0,0.00204132,
1/5/2014,0,0.0020411,
2/5/2014,0,0.00204403,
3/5/2014,0,0.00204403,
4/5/2014,0,0.00204403,
5/5/2014,0,0.00204013,
6/5/2014,0,0.00205801,
7/5/2014,0,0.00204598,
8/5/2014,0,0.00204816,
9/5/2014,0,0.00204511,
10/5/2014,0,0.00204511,
11/5/2014,0,0.00204511,
12/5/2014,0,0.00202543,
13/5/2014,0,0.00202362,
14/5/2014,0,0.00203324,
15/5/2014,0,0.00205121,
16/5/2014,0,0.00204414,
17/5/2014,0,0.00204414,
18/5/2014,0,0.00204414,
19/5/2014,0,0.00203668,
20/5/2014,0,0.00204957,
21/5/2014,0,0.00203249,
22/5/2014,0,0.00202757,
23/5/2014,0,0.00201949,
24/5/2014,0,0.00201949,
25/5/2014,0,0.00201949,
26/5/2014,0,0.00201949,
27/5/2014,0,0.00200717,
28/5/2014,0,0.00200864,
29/5/2014,0,0.00199832,
30/5/2014,0,0.00199511,
31/5/2014,0,0.00199511,
1/6/2014,0,0.00199511,
2/6/2014,0,0.00199284,
3/6/2014,0,0.00199388,
4/6/2014,0,0.00198986,
5/6/2014,0,0.00197699,
6/6/2014,0,0.0019676,
7/6/2014,0,0.0019676,
8/6/2014,0,0.0019676,
9/6/2014,0,0.00196559,
10/6/2014,0,0.00196539,
11/6/2014,0,0.00197223,
12/6/2014,0,0.00198627,
13/6/2014,0,0.00198024,
14/6/2014,0,0.00198024,
15/6/2014,0,0.00198024,
16/6/2014,0,0.00197861,
17/6/2014,0,0.00197314,
18/6/2014,0,0.00195879,
19/6/2014,0,0.0019566,
20/6/2014,0,0.00670272,
21/6/2014,0,0.00670272,
22/6/2014,0,0.00670272,
23/6/2014,0,0.00670476,
24/6/2014,0,0.00674512,
25/6/2014,0,0.00671497,
26/6/2014,0,0.00671975,
27/6/2014,0,0.0067068,
28/6/2014,0,0.0067068,
29/6/2014,0,0.0067068,
30/6/2014,0,0.0067102,
1/7/2014,0,0.00666588,
2/7/2014,0,0.00665917,
3/7/2014,0,0.00662679,
4/7/2014,0,0.00662679,
5/7/2014,0,0.00662679,
6/7/2014,0,0.00662679,
7/7/2014,0,0.00664979,
8/7/2014,0,0.00669254,
9/7/2014,0,0.00666286,
10/7/2014,0,0.00668915,
11/7/2014,0,0.00668003,
12/7/2014,0,0.00668003,
13/7/2014,0,0.00668003,
14/7/2014,0,0.00664678,
15/7/2014,0,0.00665917,
16/7/2014,0,0.00663478,
17/7/2014,0,0.00671054,
18/7/2014,0,0.00664311,
19/7/2014,0,0.00664311,
20/7/2014,0,0.00664311,
21/7/2014,0,0.00665548,
22/7/2014,0,0.00662679,
23/7/2014,0,0.00661221,
24/7/2014,0,0.00661188,
25/7/2014,0,0.00664278,
26/7/2014,0,0.00664278,
27/7/2014,0,0.00664278,
28/7/2014,0,0.00664011,
29/7/2014,0,0.00666857,
30/7/2014,0,0.00666756,
31/7/2014,0,0.00680098,
1/8/2014,0,0.00682168,
2/8/2014,0,0.00682168,
3/8/2014,0,0.00682168,
4/8/2014,1,1,
5/8/2014,1,1,
6/8/2014,1,1,
7/8/2014,1,1,
8/8/2014,1,1,
9/8/2014,1,1,
10/8/2014,1,1,
11/8/2014,1,1,
12/8/2014,1,1,
13/8/2014,1,1,
14/8/2014,1,1,
15/8/2014,1,1,
16/8/2014,1,1,
17/8/2014,1,1,
18/8/2014,1,1,
19/8/2014,0,0.00299935,
20/8/2014,0,0.00299138,
21/8/2014,0,0.00298271,
22/8/2014,0,0.00298734,
23/8/2014,0,0.00298734,
24/8/2014,0,0.00298734,
25/8/2014,0,0.00297231,
26/8/2014,0,0.00297039,
27/8/2014,0,0.00297157,
28/8/2014,0,0.0029732,
29/8/2014,0,0.00296478,
30/8/2014,0,0.00296478,
31/8/2014,0,0.00296478,
1/9/2014,0,0.00296478,
2/9/2014,0,0.00296625,
3/9/2014,0,0.00296788,
4/9/2014,0,0.00297216,
5/9/2014,0,0.0029589,
6/9/2014,0,0.0029589,
7/9/2014,0,0.0029589,
8/9/2014,0,0.00296655,
9/9/2014,0,0.00298539,
10/9/2014,0,0.00297424,
11/9/2014,0,0.00297083,
12/9/2014,0,0.00298823,
13/9/2014,0,0.00298823,
14/9/2014,0,0.00298823,
15/9/2014,0,0.00299048,
16/9/2014,0,0.00296817,
17/9/2014,0,0.00296419,
18/9/2014,0,0.00294852,
19/9/2014,0,0.00759434,
20/9/2014,0,0.00759434,
21/9/2014,0,0.00759434,
22/9/2014,0,0.00765299,
23/9/2014,0,0.00769671,
24/9/2014,0,0.00763739,
25/9/2014,0,0.00776167,
26/9/2014,0,0.00770096,
27/9/2014,0,0.00770096,
28/9/2014,0,0.00770096,
29/9/2014,0,0.00771488,
30/9/2014,1,1,
1/10/2014,1,1,
2/10/2014,1,1,
3/10/2014,1,1,
4/10/2014,1,1,
5/10/2014,1,1,
6/10/2014,1,1,
7/10/2014,1,1,
8/10/2014,1,1,
9/10/2014,1,1,
10/10/2014,1,1,
11/10/2014,1,1,
12/10/2014,1,1,
13/10/2014,1,1,
14/10/2014,1,1,
15/10/2014,1,1,
16/10/2014,1,1,
17/10/2014,1,1,
18/10/2014,1,1,
19/10/2014,1,1,
20/10/2014,1,1,
21/10/2014,1,1,
22/10/2014,1,1,
23/10/2014,1,1,
24/10/2014,1,1,
25/10/2014,1,1,
26/10/2014,1,1,
27/10/2014,1,1,
28/10/2014,1,1,
29/10/2014,1,1,
30/10/2014,0,0.00281629,
31/10/2014,0,0.00278454,
1/11/2014,0,0.00278454,
2/11/2014,0,0.00278454,
3/11/2014,0,0.00278302,
4/11/2014,0,0.00279269,
5/11/2014,0,0.00277521,
6/11/2014,0,0.00276417,
7/11/2014,0,0.0027616,
8/11/2014,0,0.0027616,
9/11/2014,0,0.0027616,
10/11/2014,0,0.00275295,
11/11/2014,0,0.00275027,
12/11/2014,0,0.00275322,
13/11/2014,0,0.00275013,
14/11/2014,0,0.00274946,
15/11/2014,0,0.00274946,
16/11/2014,0,0.00274946,
17/11/2014,0,0.00274772,
18/11/2014,0,0.00273198,
19/11/2014,0,0.00273637,
20/11/2014,0,0.00273159,
21/11/2014,0,0.00271709,
22/11/2014,0,0.00271709,
23/11/2014,0,0.00271709,
24/11/2014,0,0.00270951,
25/11/2014,0,0.00271146,
26/11/2014,0,0.00270456,
27/11/2014,0,0.00270456,
28/11/2014,0,0.00271029,
29/11/2014,0,0.00271029,
30/11/2014,0,0.00271029,
1/12/2014,0,0.0027292,
2/12/2014,0,0.00271172,
3/12/2014,0,0.00270132,
4/12/2014,0,0.0027043,
5/12/2014,0,0.00269989,
6/12/2014,0,0.00269989,
7/12/2014,0,0.00269989,
8/12/2014,0,0.00271801,
9/12/2014,0,0.00271984,
10/12/2014,0,0.00276404,
11/12/2014,0,0.00275013,
12/12/2014,0,0.00279518,
13/12/2014,0,0.00279518,
14/12/2014,0,0.00279518,
15/12/2014,0,0.00281446,
16/12/2014,0,0.00283715,
17/12/2014,0,0.00278275,
18/12/2014,0,0.00271578,
19/12/2014,0,0.00815538,
20/12/2014,0,0.00815538,
21/12/2014,0,0.00815538,
22/12/2014,0,0.00811834,
23/12/2014,0,0.00810749,
24/12/2014,0,0.00810671,
25/12/2014,0,0.00810671,
26/12/2014,0,0.00808087,
27/12/2014,0,0.00808087,
28/12/2014,0,0.00808087,
29/12/2014,0,0.00807011,
30/12/2014,0,0.0081133,
31/12/2014,0,0.00819395,
1/1/2015,0,0.00819395,
2/1/2015,0,0.0081983,
3/1/2015,0,0.0081983,
4/1/2015,0,0.0081983,
5/1/2015,0,0.00834782,
6/1/2015,1,1,
7/1/2015,1,1,
8/1/2015,1,1,
9/1/2015,1,1,
10/1/2015,1,1,
11/1/2015,1,1,
12/1/2015,1,1,
13/1/2015,1,1,
14/1/2015,1,1,
15/1/2015,1,1,
16/1/2015,1,1,
17/1/2015,1,1,
18/1/2015,1,1,
19/1/2015,1,1,
20/1/2015,1,1,
21/1/2015,1,1,
22/1/2015,1,1,
23/1/2015,1,1,
24/1/2015,1,1,
25/1/2015,1,1,
26/1/2015,1,1,
27/1/2015,1,1,
28/1/2015,1,1,
29/1/2015,1,1,
30/1/2015,1,1,
31/1/2015,1,1,
1/2/2015,1,1,
2/2/2015,1,1,
3/2/2015,1,1,
4/2/2015,1,1,
5/2/2015,1,1,
6/2/2015,0,0.00293856,
7/2/2015,0,0.00293856,
8/2/2015,0,0.00293856,
9/2/2015,0,0.00295173,
10/2/2015,0,0.00292071,
11/2/2015,0,0.00291902,
12/2/2015,0,0.0028913,
13/2/2015,0,0.00287948,
14/2/2015,0,0.00287948,
15/2/2015,0,0.00287948,
16/2/2015,0,0.00287948,
17/2/2015,0,0.00287497,
18/2/2015,0,0.00287469,
19/2/2015,0,0.00287674,
20/2/2015,0,0.00285963,
21/2/2015,0,0.00285963,
22/2/2015,0,0.00285963,
23/2/2015,0,0.00286004,
24/2/2015,0,0.00285196,
25/2/2015,0,0.00285438,
26/2/2015,0,0.00285774,
27/2/2015,0,0.00286748,
28/2/2015,0,0.00286748,
1/3/2015,0,0.00286748,
2/3/2015,0,0.00284954,
3/3/2015,0,0.00286125,
4/3/2015,0,0.00287333,
5/3/2015,0,0.0028702,
6/3/2015,0,0.00291102,
7/3/2015,0,0.00291102,
8/3/2015,0,0.00291102,
9/3/2015,0,0.00289904,
10/3/2015,0,0.00294671,
11/3/2015,0,0.0029536,
12/3/2015,0,0.00291663,
13/3/2015,0,0.00293457,
14/3/2015,0,0.00293457,
15/3/2015,0,0.00293457,
16/3/2015,0,0.002896,
17/3/2015,0,0.0029046,
18/3/2015,0,0.0028702,
19/3/2015,0,0.00288331,
20/3/2015,0,0.00725086,
21/3/2015,0,0.00725086,
22/3/2015,0,0.00725086,
23/3/2015,0,0.00726491,
24/3/2015,0,0.00730566,
25/3/2015,0,0.0074135,
26/3/2015,0,0.00743107,
27/3/2015,0,0.00741422,
28/3/2015,0,0.00741422,
29/3/2015,0,0.00741422,
30/3/2015,1,1,
31/3/2015,1,1,
1/4/2015,1,1,
2/4/2015,1,1,
3/4/2015,1,1,
4/4/2015,1,1,
5/4/2015,1,1,
6/4/2015,1,1,
7/4/2015,1,1,
8/4/2015,1,1,
9/4/2015,0,0.00351463,
10/4/2015,0,0.00349562,
11/4/2015,0,0.00349562,
12/4/2015,0,0.00349562,
13/4/2015,0,0.00351145,
14/4/2015,0,0.00350477,
15/4/2015,0,0.00348916,
16/4/2015,0,0.00349016,
17/4/2015,0,0.00353063,
18/4/2015,0,0.00353063,
19/4/2015,0,0.00353063,
20/4/2015,0,0.00349877,
21/4/2015,0,0.00350293,
22/4/2015,0,0.00348586,
23/4/2015,0,0.00347714,
24/4/2015,0,0.00346912,
25/4/2015,0,0.00346912,
26/4/2015,0,0.00346912,
27/4/2015,0,0.00348356,
28/4/2015,0,0.00347255,
29/4/2015,0,0.00348685,
30/4/2015,0,0.00352202,
1/5/2015,0,0.00348438,
2/5/2015,0,0.00348438,
3/5/2015,0,0.00348438,
4/5/2015,0,0.00347452,
5/5/2015,0,0.00351463,
6/5/2015,0,0.00352911,
7/5/2015,0,0.00351513,
8/5/2015,0,0.00346961,
9/5/2015,0,0.00346961,
10/5/2015,0,0.00346961,
11/5/2015,0,0.00348619,
12/5/2015,0,0.00349662,
13/5/2015,0,0.00349595,
14/5/2015,0,0.00346,
15/5/2015,0,0.00345627,
16/5/2015,0,0.00345627,
17/5/2015,0,0.00345627,
18/5/2015,0,0.0034456,
19/5/2015,0,0.00344673,
20/5/2015,0,0.00344915,
21/5/2015,0,0.00343916,
22/5/2015,0,0.00344737,
23/5/2015,0,0.00344737,
24/5/2015,0,0.00344737,
25/5/2015,0,0.00344737,
26/5/2015,0,0.00348471,
27/5/2015,0,0.00345206,
28/5/2015,0,0.00345594,
29/5/2015,0,0.00347747,
30/5/2015,0,0.00347747,
31/5/2015,0,0.00347747,
1/6/2015,0,0.00347043,
2/6/2015,0,0.00347386,
3/6/2015,0,0.00346472,
4/6/2015,0,0.00349413,
5/6/2015,0,0.0035001,
6/6/2015,0,0.0035001,
7/6/2015,0,0.0035001,
8/6/2015,0,0.00352168,
9/6/2015,1,1,
10/6/2015,1,1,
11/6/2015,1,1,
12/6/2015,1,1,
13/6/2015,1,1,
14/6/2015,1,1,
15/6/2015,1,1,
16/6/2015,1,1,
17/6/2015,1,1,
18/6/2015,1,1,
19/6/2015,1,1,
20/6/2015,1,1,
21/6/2015,1,1,
22/6/2015,0,0.00377266,
23/6/2015,0,0.00377,
24/6/2015,0,0.00379748,
25/6/2015,0,0.00380901,
26/6/2015,0,0.00380974,
27/6/2015,0,0.00380974,
28/6/2015,0,0.00380974,
29/6/2015,1,1,
30/6/2015,1,1,
1/7/2015,1,1,
2/7/2015,1,1,
3/7/2015,1,1,
4/7/2015,1,1,
5/7/2015,1,1,
6/7/2015,1,1,
7/7/2015,1,1,
8/7/2015,1,1,
9/7/2015,1,1,
10/7/2015,1,1,
11/7/2015,1,1,
12/7/2015,1,1,
13/7/2015,1,1,
14/7/2015,1,1,
15/7/2015,1,1,
16/7/2015,1,1,
17/7/2015,0,0.000671343,
18/7/2015,0,0.000671343,
19/7/2015,0,0.000671343,
20/7/2015,0,0.000670996,
21/7/2015,0,0.000673656,
22/7/2015,0,0.000674866,
23/7/2015,0,0.000678685,
24/7/2015,0,0.000685793,
25/7/2015,0,0.000685793,
26/7/2015,0,0.000685793,
27/7/2015,1,1,
28/7/2015,1,1,
29/7/2015,1,1,
30/7/2015,1,1,
31/7/2015,1,1,
1/8/2015,1,1,
2/8/2015,1,1,
3/8/2015,0,0.00111726,
4/8/2015,0,0.00111944,
5/8/2015,0,0.00111577,
6/8/2015,1,1,
7/8/2015,1,1,
8/8/2015,1,1,
9/8/2015,1,1,
10/8/2015,1,1,
11/8/2015,1,1,
12/8/2015,1,1,
13/8/2015,1,1,
14/8/2015,1,1,
15/8/2015,1,1,
16/8/2015,1,1,
17/8/2015,1,1,
18/8/2015,1,1,
19/8/2015,1,1,
20/8/2015,1,1,
21/8/2015,1,1,
22/8/2015,1,1,
23/8/2015,1,1,
24/8/2015,1,1,
25/8/2015,1,1,
26/8/2015,1,1,
27/8/2015,1,1,
28/8/2015,1,1,
29/8/2015,1,1,
30/8/2015,1,1,
31/8/2015,1,1,
1/9/2015,1,1,
2/9/2015,1,1,
3/9/2015,1,1,
4/9/2015,1,1,
5/9/2015,1,1,
6/9/2015,1,1,
7/9/2015,1,1,
8/9/2015,1,1,
9/9/2015,1,1,
10/9/2015,1,1,
11/9/2015,1,1,
12/9/2015,1,1,
13/9/2015,1,1,
14/9/2015,1,1,
15/9/2015,1,1,
16/9/2015,1,1,
17/9/2015,1,1,
18/9/2015,1,1,
19/9/2015,1,1,
20/9/2015,1,1,
21/9/2015,1,1,
22/9/2015,1,1,
23/9/2015,1,1,
24/9/2015,1,1,
25/9/2015,1,1,
26/9/2015,1,1,
27/9/2015,1,1,
28/9/2015,1,1,
29/9/2015,1,1,
30/9/2015,1,1,
1/10/2015,1,1,
2/10/2015,1,1,
3/10/2015,1,1,
4/10/2015,1,1,
5/10/2015,1,1,
6/10/2015,1,1,
7/10/2015,1,1,
8/10/2015,1,1,
9/10/2015,0,0.00450868,
10/10/2015,0,0.00450868,
11/10/2015,0,0.00450868,
12/10/2015,0,0.00450445,
13/10/2015,0,0.00453289,
14/10/2015,0,0.00455462,
15/10/2015,0,0.00448605,
16/10/2015,0,0.00446584,
17/10/2015,0,0.00446584,
18/10/2015,0,0.00446584,
19/10/2015,0,0.00446365,
20/10/2015,0,0.00446934,
21/10/2015,0,0.00449712,
22/10/2015,0,0.00442274,
23/10/2015,0,0.00437499,
24/10/2015,0,0.00437499,
25/10/2015,0,0.00437499,
26/10/2015,0,0.00438572,
27/10/2015,0,0.00439418,
28/10/2015,0,0.00434497,
29/10/2015,0,0.00434746,
30/10/2015,0,0.00436619,
31/10/2015,0,0.00436619,
1/11/2015,0,0.00436619,
2/11/2015,0,0.00431536,
3/11/2015,0,0.00430294,
4/11/2015,0,0.00431597,
5/11/2015,0,0.00432027,
6/11/2015,0,0.00432252,
7/11/2015,0,0.00432252,
8/11/2015,0,0.00432252,
9/11/2015,0,0.00436306,
10/11/2015,0,0.00435306,
11/11/2015,0,0.00437017,
12/11/2015,0,0.00443176,
13/11/2015,0,0.00448186,
14/11/2015,0,0.00448186,
15/11/2015,0,0.00448186,
16/11/2015,0,0.00441503,
17/11/2015,0,0.00441824,
18/11/2015,0,0.00434953,
19/11/2015,0,0.00435327,
20/11/2015,0,0.00433753,
21/11/2015,0,0.00433753,
22/11/2015,0,0.00433753,
23/11/2015,0,0.00434249,
24/11/2015,0,0.0043367,
25/11/2015,0,0.00433732,
26/11/2015,0,0.00433732,
27/11/2015,0,0.00433238,
28/11/2015,0,0.00433238,
29/11/2015,0,0.00433238,
30/11/2015,0,0.00435036,
1/12/2015,0,0.00430945,
2/12/2015,0,0.00435368,
3/12/2015,0,0.00441524,
4/12/2015,0,0.00433114,
5/12/2015,0,0.00433114,
6/12/2015,0,0.00433114,
7/12/2015,0,0.00435743,
8/12/2015,0,0.00438678,
9/12/2015,0,0.00442102,
10/12/2015,0,0.00440969,
11/12/2015,1,1,
12/12/2015,1,1,
13/12/2015,1,1,
14/12/2015,1,1,
15/12/2015,1,1,
16/12/2015,1,1,
17/12/2015,1,1,
18/12/2015,1,1,
19/12/2015,1,1,
20/12/2015,1,1,
21/12/2015,1,1,
22/12/2015,1,1,
23/12/2015,1,1,
24/12/2015,1,1,
25/12/2015,1,1,
26/12/2015,1,1,
27/12/2015,1,1,
28/12/2015,1,1,
29/12/2015,1,1,
30/12/2015,1,1,
31/12/2015,1,1,
1/1/2016,1,1,
2/1/2016,1,1,
3/1/2016,1,1,
4/1/2016,1,1,
5/1/2016,1,1,
6/1/2016,1,1,
7/1/2016,1,1,
8/1/2016,1,1,
9/1/2016,1,1,
10/1/2016,1,1,
11/1/2016,1,1,
12/1/2016,1,1,
13/1/2016,1,1,
14/1/2016,1,1,
15/1/2016,1,1,
16/1/2016,1,1,
17/1/2016,1,1,
18/1/2016,1,1,
19/1/2016,1,1,
20/1/2016,1,1,
21/1/2016,1,1,
22/1/2016,1,1,
23/1/2016,1,1,
24/1/2016,1,1,
25/1/2016,1,1,
26/1/2016,1,1,
27/1/2016,1,1,
28/1/2016,1,1,
29/1/2016,1,1,
30/1/2016,1,1,
31/1/2016,1,1,
1/2/2016,1,1,
2/2/2016,1,1,
3/2/2016,1,1,
4/2/2016,1,1,
5/2/2016,1,1,
6/2/2016,1,1,
7/2/2016,1,1,
8/2/2016,1,1,
9/2/2016,1,1,
10/2/2016,1,1,
11/2/2016,1,1,
12/2/2016,1,1,
13/2/2016,1,1,
14/2/2016,1,1,
15/2/2016,1,1,
16/2/2016,1,1,
17/2/2016,1,1,
18/2/2016,1,1,
19/2/2016,1,1,
20/2/2016,1,1,
21/2/2016,1,1,
22/2/2016,1,1,
23/2/2016,1,1,
24/2/2016,1,1,
25/2/2016,1,1,
26/2/2016,1,1,
27/2/2016,1,1,
28/2/2016,1,1,
29/2/2016,1,1,
1/3/2016,0,0.00258464,
2/3/2016,0,0.00257311,
3/3/2016,0,0.00256309,
4/3/2016,0,0.00255479,
5/3/2016,0,0.00255479,
6/3/2016,0,0.00255479,
7/3/2016,0,0.00255276,
8/3/2016,0,0.00258087,
9/3/2016,0,0.00256821,
10/3/2016,0,0.00256616,
11/3/2016,0,0.00252551,
12/3/2016,0,0.00252551,
13/3/2016,0,0.00252551,
14/3/2016,0,0.00252874,
15/3/2016,0,0.00253286,
16/3/2016,0,0.00251832,
17/3/2016,0,0.00250249,
18/3/2016,0,0.00759126,
19/3/2016,0,0.00759126,
20/3/2016,0,0.00759126,
21/3/2016,0,0.00758058,
22/3/2016,0,0.00758463,
23/3/2016,0,0.00763463,
24/3/2016,0,0.00763799,
25/3/2016,0,0.00763799,
26/3/2016,0,0.00763799,
27/3/2016,0,0.00763799,
28/3/2016,0,0.00763351,
29/3/2016,0,0.00756408,
30/3/2016,0,0.00753128,
31/3/2016,0,0.00754947,
1/4/2016,0,0.00749877,
2/4/2016,0,0.00749877,
3/4/2016,0,0.00749877,
4/4/2016,0,0.00752295,
5/4/2016,0,0.00759827,
6/4/2016,0,0.0075168,
7/4/2016,0,0.00760714,
8/4/2016,0,0.00758684,
9/4/2016,0,0.00758684,
10/4/2016,0,0.00758684,
11/4/2016,0,0.00760455,
12/4/2016,0,0.00753491,
13/4/2016,0,0.00746013,
14/4/2016,0,0.00745977,
15/4/2016,0,0.00746797,
16/4/2016,0,0.00746797,
17/4/2016,0,0.00746797,
18/4/2016,0,0.00741624,
19/4/2016,0,0.0073931,
20/4/2016,0,0.00738611,
21/4/2016,0,0.00742575,
22/4/2016,0,0.00742575,
23/4/2016,0,0.00742575,
24/4/2016,0,0.00742575,
25/4/2016,0,0.00743847,
26/4/2016,0,0.00742752,
27/4/2016,0,0.00741238,
28/4/2016,0,0.00747976,
29/4/2016,0,0.00752005,
30/4/2016,0,0.00752005,
1/5/2016,0,0.00752005,
2/5/2016,0,0.00746119,
3/5/2016,0,0.00752621,
4/5/2016,0,0.00756811,
5/5/2016,0,0.00756957,
6/5/2016,0,0.00754218,
7/5/2016,0,0.00754218,
8/5/2016,0,0.00754218,
9/5/2016,0,0.007536,
10/5/2016,0,0.00744414,
11/5/2016,0,0.00751391,
12/5/2016,0,0.00751174,
13/5/2016,0,0.00757728,
14/5/2016,0,0.00757728,
15/5/2016,0,0.00757728,
16/5/2016,0,0.00750381,
17/5/2016,0,0.00757397,
18/5/2016,1,1,
19/5/2016,1,1,
20/5/2016,1,1,
21/5/2016,1,1,
22/5/2016,1,1,
23/5/2016,1,1,
24/5/2016,1,1,
25/5/2016,0,0.00329625,
26/5/2016,0,0.0032953,
27/5/2016,0,0.00328124,
28/5/2016,0,0.00328124,
29/5/2016,0,0.00328124,
30/5/2016,0,0.00328124,
31/5/2016,0,0.00328748,
1/6/2016,0,0.00328078,
2/6/2016,0,0.00327085,
3/6/2016,0,0.00328062,
4/6/2016,0,0.00328062,
5/6/2016,0,0.00328062,
6/6/2016,0,0.00326407,
7/6/2016,0,0.00325899,
8/6/2016,0,0.00324844,
9/6/2016,0,0.00325287,
10/6/2016,0,0.00328389,
11/6/2016,0,0.00328389,
12/6/2016,0,0.00328389,
13/6/2016,0,0.00330933,
14/6/2016,0,0.00331583,
15/6/2016,0,0.00332044,
16/6/2016,0,0.00331059,
17/6/2016,1,1,
18/6/2016,1,1,
19/6/2016,1,1,
20/6/2016,1,1,
21/6/2016,1,1,
22/6/2016,1,1,
23/6/2016,0,0.00159282,
24/6/2016,1,1,
25/6/2016,1,1,
26/6/2016,1,1,
27/6/2016,1,1,
28/6/2016,1,1,
29/6/2016,1,1,
30/6/2016,1,1,
1/7/2016,1,1,
2/7/2016,1,1,
3/7/2016,1,1,
4/7/2016,1,1,
5/7/2016,1,1,
6/7/2016,0,0.00342158,
7/7/2016,0,0.0034237,
8/7/2016,0,0.00337363,
9/7/2016,0,0.00337363,
10/7/2016,0,0.00337363,
11/7/2016,0,0.00336182,
12/7/2016,0,0.00333765,
13/7/2016,0,0.00333812,
14/7/2016,0,0.00331965,
15/7/2016,0,0.00332409,
16/7/2016,0,0.00332409,
17/7/2016,0,0.00332409,
18/7/2016,0,0.00331521,
19/7/2016,0,0.00331857,
20/7/2016,0,0.00330486,
21/7/2016,0,0.00331735,
22/7/2016,0,0.00330259,
23/7/2016,0,0.00330259,
24/7/2016,0,0.00330259,
25/7/2016,0,0.00331155,
26/7/2016,0,0.00331003,
27/7/2016,0,0.00331353,
28/7/2016,0,0.00330972,
29/7/2016,0,0.00330441,
30/7/2016,0,0.00330441,
31/7/2016,0,0.00330441,
1/8/2016,0,0.00330714,
2/8/2016,0,0.0033284,
3/8/2016,0,0.00331873,
4/8/2016,0,0.00331521,
5/8/2016,0,0.00328841,
6/8/2016,0,0.00328841,
7/8/2016,0,0.00328841,
8/8/2016,0,0.00329036,
9/8/2016,0,0.00328841,
10/8/2016,0,0.00329654,
11/8/2016,0,0.00328136,
12/8/2016,0,0.0032842,
13/8/2016,0,0.0032842,
14/8/2016,0,0.0032842,
15/8/2016,0,0.00327479,
16/8/2016,0,0.00329171,
17/8/2016,0,0.00328555,
18/8/2016,0,0.00327822,
19/8/2016,0,0.00328301,
20/8/2016,0,0.00328301,
21/8/2016,0,0.00328301,
22/8/2016,0,0.00328316,
23/8/2016,0,0.00327658,
24/8/2016,0,0.00329337,
25/8/2016,0,0.00329563,
26/8/2016,0,0.00330183,
27/8/2016,0,0.00330183,
28/8/2016,0,0.00330183,
29/8/2016,0,0.0032857,
30/8/2016,0,0.00329111,
31/8/2016,0,0.00330047,
1/9/2016,0,0.00330032,
2/9/2016,0,0.00328555,
3/9/2016,0,0.00328555,
4/9/2016,0,0.00328555,
5/9/2016,0,0.00328555,
6/9/2016,0,0.00327569,
7/9/2016,0,0.00327598,
8/9/2016,0,0.00328346,
9/9/2016,0,0.0033637,
10/9/2016,0,0.0033637,
11/9/2016,0,0.0033637,
12/9/2016,0,0.00331628,
13/9/2016,1,1,
14/9/2016,1,1,
15/9/2016,1,1,
16/9/2016,1,1,
17/9/2016,1,1,
18/9/2016,1,1,
19/9/2016,1,1,
20/9/2016,1,1,
21/9/2016,1,1,
22/9/2016,1,1,
23/9/2016,1,1,
24/9/2016,1,1,
25/9/2016,1,1,
26/9/2016,1,1,
27/9/2016,1,1,
28/9/2016,1,1,
29/9/2016,1,1,
30/9/2016,1,1,
1/10/2016,1,1,
2/10/2016,1,1,
3/10/2016,1,1,
4/10/2016,1,1,
5/10/2016,1,1,
6/10/2016,1,1,
7/10/2016,1,1,
8/10/2016,1,1,
9/10/2016,1,1,
10/10/2016,1,1,
11/10/2016,1,1,
12/10/2016,1,1,
13/10/2016,1,1,
14/10/2016,1,1,
15/10/2016,1,1,
16/10/2016,1,1,
17/10/2016,1,1,
18/10/2016,1,1,
19/10/2016,1,1,
20/10/2016,1,1,
21/10/2016,1,1,
22/10/2016,1,1,
23/10/2016,1,1,
24/10/2016,1,1,
25/10/2016,1,1,
26/10/2016,1,1,
27/10/2016,1,1,
28/10/2016,1,1,
29/10/2016,1,1,
30/10/2016,1,1,
31/10/2016,1,1,
1/11/2016,1,1,
2/11/2016,1,1,
3/11/2016,1,1,
4/11/2016,1,1,
5/11/2016,1,1,
6/11/2016,1,1,
7/11/2016,1,1,
8/11/2016,1,1,
9/11/2016,1,1,
10/11/2016,1,1,
11/11/2016,0,0.00321339,
12/11/2016,0,0.00321339,
13/11/2016,0,0.00321339,
14/11/2016,0,0.00321088,
15/11/2016,0,0.00318609,
16/11/2016,0,0.00319207,
17/11/2016,0,0.0031758,
18/11/2016,0,0.0031829,
19/11/2016,0,0.0031829,
20/11/2016,0,0.0031829,
21/11/2016,0,0.00315912,
22/11/2016,0,0.00315298,
23/11/2016,0,0.00315127,
24/11/2016,0,0.00315127,
25/11/2016,0,0.00313964,
26/11/2016,0,0.00313964,
27/11/2016,0,0.00313964,
28/11/2016,0,0.0031544,
29/11/2016,0,0.00314828,
30/11/2016,0,0.00315583,
1/12/2016,0,0.00316744,
2/12/2016,0,0.00316585,
3/12/2016,0,0.00316585,
4/12/2016,0,0.00316585,
5/12/2016,0,0.003147,
6/12/2016,0,0.0031371,
7/12/2016,0,0.00309672,
8/12/2016,0,0.00308918,
9/12/2016,0,0.00307069,
10/12/2016,0,0.00307069,
11/12/2016,0,0.00307069,
12/12/2016,0,0.0030742,
13/12/2016,0,0.00305389,
14/12/2016,0,0.00307922,
15/12/2016,0,0.00306664,
16/12/2016,0,0.00892543,
17/12/2016,0,0.00892543,
18/12/2016,0,0.00892543,
19/12/2016,0,0.00890621,
20/12/2016,0,0.00887229,
21/12/2016,0,0.00889682,
22/12/2016,0,0.00891208,
23/12/2016,0,0.00889917,
24/12/2016,0,0.00889917,
25/12/2016,0,0.00889917,
26/12/2016,0,0.00889917,
27/12/2016,0,0.00887734,
28/12/2016,0,0.00895065,
29/12/2016,0,0.00895263,
30/12/2016,0,0.00898518,
31/12/2016,0,0.00898518,
1/1/2017,0,0.00898518,
2/1/2017,0,0.00898518,
3/1/2017,0,0.00891757,
4/1/2017,0,0.0088653,
5/1/2017,0,0.00887229,
6/1/2017,0,0.00884094,
7/1/2017,0,0.00884094,
8/1/2017,0,0.00884094,
9/1/2017,0,0.00886996,
10/1/2017,0,0.00886996,
11/1/2017,0,0.00884518,
12/1/2017,0,0.00886724,
13/1/2017,0,0.00884711,
14/1/2017,0,0.00884711,
15/1/2017,0,0.00884711,
16/1/2017,0,0.00884711,
17/1/2017,0,0.00887812,
18/1/2017,0,0.00885871,
19/1/2017,0,0.00889136,
20/1/2017,0,0.0088591,
21/1/2017,0,0.0088591,
22/1/2017,0,0.0088591,
23/1/2017,0,0.00888201,
24/1/2017,0,0.00882592,
25/1/2017,0,0.00875085,
26/1/2017,0,0.00875992,
27/1/2017,0,0.00877358,
28/1/2017,0,0.00877358,
29/1/2017,0,0.00877358,
30/1/2017,0,0.00882784,
31/1/2017,0,0.00882861,
1/2/2017,0,0.00882515,
2/2/2017,0,0.00881939,
3/2/2017,0,0.00875954,
4/2/2017,0,0.00875954,
5/2/2017,0,0.00875954,
6/2/2017,0,0.00877509,
7/2/2017,0,0.00877471,
8/2/2017,0,0.00876333,
9/2/2017,0,0.0087121,
10/2/2017,0,0.00867815,
11/2/2017,0,0.00867815,
12/2/2017,0,0.00867815,
13/2/2017,0,0.00863158,
14/2/2017,0,0.00859753,
15/2/2017,0,0.00855326,
16/2/2017,0,0.00856049,
17/2/2017,0,0.00854713,
18/2/2017,0,0.00854713,
19/2/2017,0,0.00854713,
20/2/2017,0,0.00854713,
21/2/2017,0,0.00849696,
22/2/2017,0,0.00850445,
23/2/2017,0,0.00849874,
24/2/2017,0,0.00848806,
25/2/2017,0,0.00848806,
26/2/2017,0,0.00848806,
27/2/2017,0,0.00847493,
28/2/2017,0,0.00849767,
1/3/2017,0,0.00838135,
2/3/2017,0,0.00843402,
3/3/2017,0,0.00842876,
4/3/2017,0,0.00842876,
5/3/2017,0,0.00842876,
6/3/2017,0,0.00845372,
7/3/2017,0,0.00847883,
8/3/2017,0,0.00849447,
9/3/2017,0,0.0084838,
10/3/2017,0,0.00845443,
11/3/2017,0,0.00845443,
12/3/2017,0,0.00845443,
13/3/2017,0,0.0084502,
14/3/2017,0,0.00848238,
15/3/2017,0,0.00841022,
16/3/2017,0,0.00842665,
17/3/2017,0,0.0127438,
18/3/2017,0,0.0127438,
19/3/2017,0,0.0127438,
20/3/2017,0,0.0127576,
21/3/2017,0,0.0129214,
22/3/2017,0,0.0128915,
23/3/2017,0,0.0129051,
24/3/2017,0,0.0129143,
25/3/2017,0,0.0129143,
26/3/2017,0,0.0129143,
27/3/2017,0,0.0129274,
28/3/2017,0,0.0128352,
29/3/2017,0,0.0128234,
30/3/2017,0,0.0127832,
31/3/2017,0,0.0128127,
1/4/2017,0,0.0128127,
2/4/2017,0,0.0128127,
3/4/2017,0,0.0128347,
4/4/2017,0,0.0128266,
5/4/2017,0,0.0128644,
6/4/2017,0,0.0128288,
7/4/2017,0,0.0128417,
8/4/2017,0,0.0128417,
9/4/2017,0,0.0128417,
10/4/2017,0,0.0128342,
11/4/2017,0,0.0128493,
12/4/2017,0,0.0129051,
13/4/2017,1,1,
14/4/2017,1,1,
15/4/2017,1,1,
16/4/2017,1,1,
17/4/2017,1,1,
18/4/2017,1,1,
19/4/2017,1,1,
20/4/2017,1,1,
21/4/2017,1,1,
22/4/2017,1,1,
23/4/2017,1,1,
24/4/2017,1,1,
25/4/2017,1,1,
26/4/2017,0,0.00373932,
27/4/2017,0,0.0037362,
28/4/2017,0,0.00374433,
29/4/2017,0,0.00374433,
30/4/2017,0,0.00374433,
1/5/2017,0,0.00373495,
2/5/2017,0,0.00373355,
3/5/2017,0,0.00373807,
4/5/2017,0,0.0037337,
5/5/2017,0,0.00371912,
6/5/2017,0,0.00371912,
7/5/2017,0,0.00371912,
8/5/2017,0,0.00371973,
9/5/2017,0,0.00372314,
10/5/2017,0,0.00371649,
11/5/2017,0,0.00372407,
12/5/2017,0,0.00373028,
13/5/2017,0,0.00373028,
14/5/2017,0,0.00373028,
15/5/2017,0,0.00370986,
16/5/2017,0,0.00371325,
17/5/2017,0,0.00378008,
18/5/2017,0,0.00376497,
19/5/2017,0,0.00374073,
20/5/2017,0,0.00374073,
21/5/2017,0,0.00374073,
22/5/2017,0,0.0037219,
23/5/2017,0,0.00371371,
24/5/2017,0,0.0037051,
25/5/2017,0,0.00368754,
26/5/2017,0,0.0036883,
27/5/2017,0,0.0036883,
28/5/2017,0,0.0036883,
29/5/2017,0,0.0036883,
30/5/2017,0,0.0036915,
31/5/2017,0,0.00369241,
1/6/2017,0,0.00366339,
2/6/2017,0,0.00365128,
3/6/2017,0,0.00365128,
4/6/2017,0,0.00365128,
5/6/2017,0,0.00365396,
6/6/2017,0,0.00366564,
7/6/2017,0,0.00365889,
8/6/2017,0,0.0036571,
9/6/2017,0,0.00366264,
10/6/2017,0,0.00366264,
11/6/2017,0,0.00366264,
12/6/2017,0,0.00366339,
13/6/2017,0,0.00364563,
14/6/2017,0,0.00365024,
15/6/2017,0,0.00365725,
16/6/2017,0,0.00849071,
17/6/2017,0,0.00849071,
18/6/2017,0,0.00849071,
19/6/2017,0,0.0084212,
20/6/2017,0,0.00847789,
21/6/2017,0,0.00847997,
22/6/2017,0,0.00848378,
23/6/2017,0,0.00847374,
24/6/2017,0,0.00847374,
25/6/2017,0,0.00847374,
26/6/2017,0,0.00846822,
27/6/2017,0,0.00853641,
28/6/2017,0,0.00846132,
29/6/2017,0,0.00853571,
30/6/2017,0,0.00851996,
1/7/2017,0,0.00851996,
2/7/2017,0,0.00851996,
3/7/2017,0,0.00850566,
4/7/2017,0,0.00850566,
5/7/2017,0,0.0084862,
6/7/2017,0,0.00856385,
7/7/2017,0,0.00850914,
8/7/2017,0,0.00850914,
9/7/2017,0,0.00850914,
10/7/2017,0,0.00850009,
11/7/2017,0,0.00850635,
12/7/2017,0,0.00844344,
13/7/2017,0,0.0084294,
14/7/2017,0,0.00839059,
15/7/2017,0,0.00839059,
16/7/2017,0,0.00839059,
17/7/2017,0,0.00839161,
18/7/2017,0,0.00838721,
19/7/2017,0,0.00834242,
20/7/2017,0,0.00833874,
21/7/2017,0,0.00834611,
22/7/2017,0,0.00834611,
23/7/2017,0,0.00834611,
24/7/2017,0,0.00834812,
25/7/2017,0,0.00832804,
26/7/2017,0,0.00832771,
27/7/2017,0,0.00833539,
28/7/2017,0,0.0083451,
29/7/2017,0,0.0083451,
30/7/2017,0,0.0083451,
31/7/2017,0,0.0083498,
1/8/2017,0,0.00833138,
2/8/2017,0,0.00832738,
3/8/2017,0,0.00834343,
4/8/2017,0,0.00832838,
5/8/2017,0,0.00832838,
6/8/2017,0,0.00832838,
7/8/2017,0,0.00831305,
8/8/2017,0,0.00833339,
9/8/2017,0,0.00833372,
10/8/2017,0,0.00845203,
11/8/2017,0,0.00843967,
12/8/2017,0,0.00843967,
13/8/2017,0,0.00843967,
14/8/2017,0,0.00835752,
15/8/2017,0,0.00835853,
16/8/2017,0,0.0083441,
17/8/2017,0,0.00847513,
18/8/2017,0,0.00848828,
19/8/2017,0,0.00848828,
20/8/2017,0,0.00848828,
21/8/2017,1,1,
22/8/2017,1,1,
23/8/2017,1,1,
24/8/2017,1,1,
25/8/2017,1,1,
26/8/2017,1,1,
27/8/2017,1,1,
28/8/2017,1,1,
29/8/2017,1,1,
30/8/2017,1,1,
31/8/2017,0,0.00333017,
1/9/2017,0,0.00332548,
2/9/2017,0,0.00332548,
3/9/2017,0,0.00332548,
4/9/2017,0,0.00332548,
5/9/2017,0,0.00334945,
6/9/2017,0,0.0033381,
7/9/2017,0,0.0033385,
8/9/2017,0,0.00334241,
9/9/2017,0,0.00334241,
10/9/2017,0,0.00334241,
11/9/2017,0,0.00330726,
12/9/2017,0,0.00329618,
13/9/2017,0,0.00329461,
14/9/2017,0,0.00329566,
15/9/2017,0,0.00820676,
16/9/2017,0,0.00820676,
17/9/2017,0,0.00820676,
18/9/2017,0,0.00818949,
19/9/2017,0,0.00818136,
20/9/2017,0,0.00817844,
21/9/2017,0,0.00820024,
22/9/2017,0,0.00819861,
23/9/2017,0,0.00819861,
24/9/2017,0,0.00819861,
25/9/2017,0,0.00821526,
26/9/2017,0,0.00821036,
27/9/2017,0,0.00817877,
28/9/2017,0,0.00816905,
29/9/2017,0,0.00814067,
30/9/2017,0,0.00814067,
1/10/2017,0,0.00814067,
2/10/2017,0,0.00810578,
3/10/2017,0,0.00808861,
4/10/2017,0,0.00807911,
5/10/2017,0,0.0080319,
6/10/2017,0,0.00804098,
7/10/2017,0,0.00804098,
8/10/2017,0,0.00804098,
9/10/2017,0,0.00805418,
10/10/2017,0,0.00803315,
11/10/2017,0,0.00802065,
12/10/2017,0,0.00803253,
13/10/2017,0,0.00802284,
14/10/2017,0,0.00802284,
15/10/2017,0,0.00802284,
16/10/2017,0,0.00801224,
17/10/2017,0,0.00800664,
18/10/2017,0,0.00799887,
19/10/2017,0,0.0079967,
20/10/2017,0,0.00795597,
21/10/2017,0,0.00795597,
22/10/2017,0,0.00795597,
23/10/2017,0,0.00798679,
24/10/2017,0,0.00797289,
25/10/2017,0,0.00801224,
26/10/2017,0,0.00800198,
27/10/2017,0,0.0079376,
28/10/2017,0,0.0079376,
29/10/2017,0,0.0079376,
30/10/2017,0,0.00796704,
31/10/2017,0,0.00795475,
1/11/2017,0,0.00794433,
2/11/2017,0,0.00794127,
3/11/2017,0,0.00791505,
4/11/2017,0,0.00791505,
5/11/2017,0,0.00791505,
6/11/2017,0,0.00790292,
7/11/2017,0,0.00790837,
8/11/2017,0,0.00789505,
9/11/2017,0,0.00792357,
10/11/2017,0,0.007926,
11/11/2017,0,0.007926,
12/11/2017,0,0.007926,
13/11/2017,0,0.0079187,
14/11/2017,0,0.00793699,
15/11/2017,0,0.00797659,
16/11/2017,0,0.00790989,
17/11/2017,0,0.00793302,
18/11/2017,0,0.00793302,
19/11/2017,0,0.00793302,
20/11/2017,0,0.00791961,
21/11/2017,0,0.00786854,
22/11/2017,0,0.00787545,
23/11/2017,0,0.00787545,
24/11/2017,0,0.00785744,
25/11/2017,0,0.00785744,
26/11/2017,0,0.00785744,
27/11/2017,0,0.00786134,
28/11/2017,0,0.007783,
29/11/2017,0,0.0077877,
30/11/2017,0,0.00772064,
1/12/2017,0,0.00773657,
2/12/2017,0,0.00773657,
3/12/2017,0,0.00773657,
4/12/2017,0,0.00774587,
5/12/2017,0,0.00777361,
6/12/2017,0,0.00777214,
7/12/2017,0,0.00774791,
8/12/2017,0,0.00770621,
9/12/2017,0,0.00770621,
10/12/2017,0,0.00770621,
11/12/2017,0,0.00768324,
12/12/2017,0,0.0076698,
13/12/2017,0,0.00767066,
14/12/2017,0,0.00770189,
15/12/2017,0,0.0126442,
16/12/2017,0,0.0126442,
17/12/2017,0,0.0126442,
18/12/2017,0,0.0125655,
19/12/2017,0,0.0126133,
20/12/2017,0,0.0126198,
21/12/2017,0,0.0125942,
22/12/2017,0,0.0125975,
23/12/2017,0,0.0125975,
24/12/2017,0,0.0125975,
25/12/2017,0,0.0125975,
26/12/2017,0,0.0126124,
27/12/2017,0,0.0126063,
28/12/2017,0,0.0125808,
29/12/2017,0,0.0126278,
30/12/2017,0,0.0126278,
31/12/2017,0,0.0126278,
1/1/2018,0,0.0126278,
2/1/2018,0,0.0125392,
3/1/2018,0,0.0124613,
4/1/2018,0,0.0124097,
5/1/2018,0,0.0123285,
6/1/2018,0,0.0123285,
7/1/2018,0,0.0123285,
8/1/2018,0,0.0123063,
9/1/2018,0,0.0122789,
10/1/2018,0,0.0122975,
11/1/2018,0,0.0122095,
12/1/2018,0,0.0121313,
13/1/2018,0,0.0121313,
14/1/2018,0,0.0121313,
15/1/2018,0,0.0121313,
16/1/2018,0,0.0121725,
17/1/2018,0,0.0120589,
18/1/2018,0,0.012079,
19/1/2018,0,0.0120249,
20/1/2018,0,0.0120249,
21/1/2018,0,0.0120249,
22/1/2018,0,0.0119291,
23/1/2018,0,0.0119041,
24/1/2018,0,0.0119087,
25/1/2018,0,0.0119037,
26/1/2018,0,0.0117691,
27/1/2018,0,0.0117691,
28/1/2018,0,0.0117691,
29/1/2018,0,0.0118467,
30/1/2018,0,0.011968,
31/1/2018,0,0.0119621,
1/2/2018,0,0.0119756,
2/2/2018,0,0.0122388,
3/2/2018,0,0.0122388,
4/2/2018,0,0.0122388,
5/2/2018,0,0.0127662,
6/2/2018,0,0.0125226,
7/2/2018,0,0.0125901,
8/2/2018,1,1,
9/2/2018,1,1,
10/2/2018,1,1,
11/2/2018,1,1,
12/2/2018,1,1,
13/2/2018,1,1,
14/2/2018,1,1,
15/2/2018,1,1,
16/2/2018,1,1,
17/2/2018,1,1,
18/2/2018,1,1,
19/2/2018,1,1,
20/2/2018,1,1,
21/2/2018,1,1,
22/2/2018,1,1,
23/2/2018,1,1,
24/2/2018,1,1,
25/2/2018,1,1,
26/2/2018,0,0.00101647,
27/2/2018,0,0.00102931,
28/2/2018,0,0.00103983,
1/3/2018,0,0.00105516,
2/3/2018,1,1,
3/3/2018,1,1,
4/3/2018,1,1,
5/3/2018,1,1,
6/3/2018,1,1,
7/3/2018,1,1,
8/3/2018,1,1,
9/3/2018,0,0.000421166,
10/3/2018,0,0.000421166,
11/3/2018,0,0.000421166,
12/3/2018,0,0.000421695,
13/3/2018,0,0.000424437,
14/3/2018,0,0.000426625,
15/3/2018,0,0.00042709,
16/3/2018,0,0.00440976,
17/3/2018,0,0.00440976,
18/3/2018,0,0.00440976,
19/3/2018,1,1,
20/3/2018,1,1,
21/3/2018,1,1,
22/3/2018,1,1,
23/3/2018,1,1,
24/3/2018,1,1,
25/3/2018,1,1,
26/3/2018,1,1,
27/3/2018,1,1,
28/3/2018,1,1,
29/3/2018,1,1,
30/3/2018,1,1,
31/3/2018,1,1,
1/4/2018,1,1,
2/4/2018,1,1,
3/4/2018,1,1,
4/4/2018,1,1,
5/4/2018,1,1,
6/4/2018,1,1,
7/4/2018,1,1,
8/4/2018,1,1,
9/4/2018,1,1,
10/4/2018,1,1,
11/4/2018,1,1,
12/4/2018,1,1,
13/4/2018,1,1,
14/4/2018,1,1,
15/4/2018,1,1,
16/4/2018,1,1,
17/4/2018,1,1,
18/4/2018,1,1,
19/4/2018,0,0.0059391,
20/4/2018,0,0.00598959,
21/4/2018,0,0.00598959,
22/4/2018,0,0.00598959,
23/4/2018,0,0.00599048,
24/4/2018,1,1,
25/4/2018,1,1,
26/4/2018,1,1,
27/4/2018,1,1,
28/4/2018,1,1,
29/4/2018,1,1,
30/4/2018,1,1,
1/5/2018,1,1,
2/5/2018,1,1,
3/5/2018,1,1,
4/5/2018,1,1,
5/5/2018,1,1,
6/5/2018,1,1,
7/5/2018,1,1,
8/5/2018,1,1,
9/5/2018,1,1,
10/5/2018,0,0.00230644,
11/5/2018,0,0.00229944,
12/5/2018,0,0.00229944,
13/5/2018,0,0.00229944,
14/5/2018,0,0.00229835,
15/5/2018,0,0.00231425,
16/5/2018,0,0.00230458,
17/5/2018,0,0.00230653,
18/5/2018,0,0.00231229,
19/5/2018,0,0.00231229,
20/5/2018,0,0.00231229,
21/5/2018,0,0.00229508,
22/5/2018,0,0.00230146,
23/5/2018,0,0.00229516,
24/5/2018,0,0.00229986,
25/5/2018,0,0.00230534,
26/5/2018,0,0.00230534,
27/5/2018,0,0.00230534,
28/5/2018,0,0.00230534,
29/5/2018,0,0.0023321,
30/5/2018,0,0.00230146,
31/5/2018,0,0.00231561,
1/6/2018,0,0.00229315,
2/6/2018,0,0.00229315,
3/6/2018,0,0.00229315,
4/6/2018,0,0.00228233,
5/6/2018,0,0.00228068,
6/6/2018,0,0.00226181,
7/6/2018,0,0.00226205,
8/6/2018,0,0.0022554,
9/6/2018,0,0.0022554,
10/6/2018,0,0.0022554,
11/6/2018,0,0.00225241,
12/6/2018,0,0.00224951,
13/6/2018,0,0.0022567,
14/6/2018,0,0.00225104,
15/6/2018,0,0.00671977,
16/6/2018,0,0.00671977,
17/6/2018,0,0.00671977,
18/6/2018,0,0.00673353,
19/6/2018,0,0.00675926,
20/6/2018,0,0.00674783,
21/6/2018,0,0.0067901,
22/6/2018,0,0.00677783,
23/6/2018,0,0.00677783,
24/6/2018,0,0.00677783,
25/6/2018,0,0.00687073,
26/6/2018,0,0.00685565,
27/6/2018,0,0.00691252,
28/6/2018,0,0.0068735,
29/6/2018,1,1,
30/6/2018,1,1,
1/7/2018,1,1,
2/7/2018,1,1,
3/7/2018,1,1,
4/7/2018,1,1,
5/7/2018,1,1,
6/7/2018,0,0.0030942,
7/7/2018,0,0.0030942,
8/7/2018,0,0.0030942,
9/7/2018,0,0.00306667,
10/7/2018,0,0.00305571,
11/7/2018,0,0.00307815,
12/7/2018,0,0.00305058,
13/7/2018,0,0.00304819,
14/7/2018,0,0.00304819,
15/7/2018,0,0.00304819,
16/7/2018,0,0.00305091,
17/7/2018,0,0.00303865,
18/7/2018,0,0.00303229,
19/7/2018,0,0.00304374,
20/7/2018,0,0.00304721,
21/7/2018,0,0.00304721,
22/7/2018,0,0.00304721,
23/7/2018,0,0.00304157,
24/7/2018,0,0.00302639,
25/7/2018,0,0.00300089,
26/7/2018,0,0.00300797,
27/7/2018,0,0.00302843,
28/7/2018,0,0.00302843,
29/7/2018,0,0.00302843,
30/7/2018,0,0.00304428,
31/7/2018,0,0.00302939,
1/8/2018,0,0.00303445,
2/8/2018,0,0.00301805,
3/8/2018,0,0.00300522,
4/8/2018,0,0.00300522,
5/8/2018,0,0.00300522,
6/8/2018,0,0.00299427,
7/8/2018,0,0.00298444,
8/8/2018,0,0.00298569,
9/8/2018,0,0.00298977,
10/8/2018,0,0.00300987,
11/8/2018,0,0.00300987,
12/8/2018,0,0.00300987,
13/8/2018,0,0.00302115,
14/8/2018,0,0.00300205,
15/8/2018,0,0.00302457,
16/8/2018,0,0.00300036,
17/8/2018,0,0.00298987,
18/8/2018,0,0.00298987,
19/8/2018,0,0.00298987,
20/8/2018,0,0.00298351,
21/8/2018,0,0.00297655,
22/8/2018,0,0.00297831,
23/8/2018,0,0.00298226,
24/8/2018,0,0.00296447,
25/8/2018,0,0.00296447,
26/8/2018,0,0.00296447,
27/8/2018,0,0.00294131,
28/8/2018,0,0.0029399,
29/8/2018,0,0.00292421,
30/8/2018,0,0.00293606,
31/8/2018,0,0.00293596,
1/9/2018,0,0.00293596,
2/9/2018,0,0.00293596,
3/9/2018,0,0.00293596,
4/9/2018,0,0.00294101,
5/9/2018,0,0.00294892,
6/9/2018,0,0.0029578,
7/9/2018,0,0.00296354,
8/9/2018,0,0.00296354,
9/9/2018,0,0.00296354,
10/9/2018,0,0.00295842,
11/9/2018,0,0.00294872,
12/9/2018,0,0.00294801,
13/9/2018,0,0.00293073,
14/9/2018,0,0.00293022,
15/9/2018,0,0.00293022,
16/9/2018,0,0.00293022,
17/9/2018,0,0.00294577,
18/9/2018,0,0.00292992,
19/9/2018,0,0.00292681,
20/9/2018,0,0.00290335,
21/9/2018,0,0.00740352,
22/9/2018,0,0.00740352,
23/9/2018,0,0.00740352,
24/9/2018,0,0.00742802,
25/9/2018,0,0.00743486,
26/9/2018,0,0.00745701,
27/9/2018,0,0.00743639,
28/9/2018,0,0.00743562,
29/9/2018,0,0.00743562,
30/9/2018,0,0.00743562,
1/10/2018,0,0.00741007,
2/10/2018,0,0.00741436,
3/10/2018,0,0.00741032,
4/10/2018,0,0.00746826,
5/10/2018,0,0.00750998,
6/10/2018,0,0.00750998,
7/10/2018,0,0.00750998,
8/10/2018,0,0.00750998,
9/10/2018,0,0.00752087,
10/10/2018,1,1,
11/10/2018,1,1,
12/10/2018,1,1,
13/10/2018,1,1,
14/10/2018,1,1,
15/10/2018,1,1,
16/10/2018,1,1,
17/10/2018,1,1,
18/10/2018,1,1,
19/10/2018,1,1,
20/10/2018,1,1,
21/10/2018,1,1,
22/10/2018,1,1,
23/10/2018,1,1,
24/10/2018,1,1,
25/10/2018,1,1,
26/10/2018,1,1,
27/10/2018,1,1,
28/10/2018,1,1,
29/10/2018,1,1,
30/10/2018,1,1,
31/10/2018,1,1,
1/11/2018,1,1,
2/11/2018,1,1,
3/11/2018,1,1,
4/11/2018,1,1,
5/11/2018,1,1,
6/11/2018,1,1,
7/11/2018,1,1,
8/11/2018,1,1,
9/11/2018,1,1,
10/11/2018,1,1,
11/11/2018,1,1,
12/11/2018,1,1,
13/11/2018,1,1,
14/11/2018,1,1,
15/11/2018,1,1,
16/11/2018,1,1,
17/11/2018,1,1,
18/11/2018,1,1,
19/11/2018,1,1,
20/11/2018,1,1,
21/11/2018,1,1,
22/11/2018,1,1,
23/11/2018,1,1,
24/11/2018,1,1,
25/11/2018,1,1,
26/11/2018,1,1,
27/11/2018,1,1,
28/11/2018,1,1,
29/11/2018,1,1,
30/11/2018,1,1,
1/12/2018,1,1,
2/12/2018,1,1,
3/12/2018,1,1,
4/12/2018,1,1,
5/12/2018,1,1,
6/12/2018,1,1,
7/12/2018,1,1,
8/12/2018,1,1,
9/12/2018,1,1,
10/12/2018,1,1,
11/12/2018,1,1,
12/12/2018,1,1,
13/12/2018,1,1,
14/12/2018,1,1,
15/12/2018,1,1,
16/12/2018,1,1,
17/12/2018,1,1,
18/12/2018,1,1,
19/12/2018,1,1,
20/12/2018,1,1,
21/12/2018,1,1,
22/12/2018,1,1,
23/12/2018,1,1,
24/12/2018,1,1,
25/12/2018,1,1,
26/12/2018,1,1,
27/12/2018,1,1,
28/12/2018,1,1,
29/12/2018,1,1,
30/12/2018,1,1,
31/12/2018,1,1,
1/1/2019,1,1,
2/1/2019,1,1,
3/1/2019,1,1,
4/1/2019,1,1,
5/1/2019,1,1,
6/1/2019,1,1,
7/1/2019,1,1,
8/1/2019,1,1,
9/1/2019,1,1,
10/1/2019,1,1,
11/1/2019,1,1,
12/1/2019,1,1,
13/1/2019,1,1,
14/1/2019,1,1,
15/1/2019,1,1,
16/1/2019,1,1,
17/1/2019,1,1,
18/1/2019,1,1,
19/1/2019,1,1,
20/1/2019,1,1,
21/1/2019,1,1,
22/1/2019,0,0.000395069,
23/1/2019,0,0.000394244,
24/1/2019,0,0.000394035,
25/1/2019,0,0.00039073,
26/1/2019,0,0.00039073,
27/1/2019,0,0.00039073,
28/1/2019,0,0.000393722,
29/1/2019,0,0.000394244,
30/1/2019,0,0.000388103,
31/1/2019,0,0.000384725,
1/2/2019,0,0.00038454,
2/2/2019,0,0.00038454,
3/2/2019,0,0.00038454,
4/2/2019,0,0.000381855,
5/2/2019,0,0.000380261,
6/2/2019,0,0.000380763,
7/2/2019,0,0.000384426,
8/2/2019,0,0.000383958,
9/2/2019,0,0.000383958,
10/2/2019,0,0.000383958,
11/2/2019,0,0.000383745,
12/2/2019,0,0.000378875,
13/2/2019,0,0.000377649,
14/2/2019,0,0.000378488,
15/2/2019,0,0.00037441,
16/2/2019,0,0.00037441,
17/2/2019,0,0.00037441,
18/2/2019,0,0.00037441,
19/2/2019,0,0.000373763,
20/2/2019,0,0.000373012,
21/2/2019,0,0.000374342,
22/2/2019,0,0.000372036,
23/2/2019,0,0.000372036,
24/2/2019,0,0.000372036,
25/2/2019,0,0.000371531,
26/2/2019,0,0.000371797,
27/2/2019,0,0.000371956,
28/2/2019,0,0.00037265,
1/3/2019,0,0.000370339,
2/3/2019,0,0.000370339,
3/3/2019,0,0.000370339,
4/3/2019,0,0.00037169,
5/3/2019,0,0.000372196,
6/3/2019,0,0.000374464,
7/3/2019,0,0.000377621,
8/3/2019,0,0.000378378,
9/3/2019,0,0.000378378,
10/3/2019,0,0.000378378,
11/3/2019,0,0.000372971,
12/3/2019,0,0.000371571,
13/3/2019,0,0.000369128,
14/3/2019,0,0.000369364,
15/3/2019,0,0.00472989,
16/3/2019,0,0.00472989,
17/3/2019,0,0.00472989,
18/3/2019,0,0.00471288,
19/3/2019,0,0.00471172,
20/3/2019,0,0.00472588,
21/3/2019,0,0.00467334,
22/3/2019,0,0.00476462,
23/3/2019,0,0.00476462,
24/3/2019,0,0.00476462,
25/3/2019,0,0.00476819,
26/3/2019,0,0.00473307,
27/3/2019,0,0.00475783,
28/3/2019,0,0.00473995,
29/3/2019,0,0.00471039,
30/3/2019,0,0.00471039,
31/3/2019,0,0.00471039,
1/4/2019,0,0.00465544,
2/4/2019,0,0.00465317,
3/4/2019,0,0.0046459,
4/4/2019,0,0.00463366,
5/4/2019,0,0.00461144,
6/4/2019,0,0.00461144,
7/4/2019,0,0.00461144,
8/4/2019,0,0.00460795,
9/4/2019,0,0.00463157,
10/4/2019,0,0.0046159,
11/4/2019,0,0.00461718,
12/4/2019,0,0.00458629,
13/4/2019,0,0.00458629,
14/4/2019,0,0.00458629,
15/4/2019,0,0.00458928,
16/4/2019,0,0.00458629,
17/4/2019,0,0.00459749,
18/4/2019,0,0.00458849,
19/4/2019,0,0.00458849,
20/4/2019,0,0.00458849,
21/4/2019,0,0.00458849,
22/4/2019,0,0.00458456,
23/4/2019,0,0.00454389,
24/4/2019,0,0.00455395,
25/4/2019,0,0.00455674,
26/4/2019,0,0.00453572,
27/4/2019,0,0.00453572,
28/4/2019,0,0.00453572,
29/4/2019,0,0.00452865,
30/4/2019,0,0.00452635,
1/5/2019,0,0.00456047,
2/5/2019,0,0.0045703,
3/5/2019,0,0.0045262,
4/5/2019,0,0.0045262,
5/5/2019,0,0.0045262,
6/5/2019,0,0.00454482,
7/5/2019,0,0.00462165,
8/5/2019,0,0.00462804,
9/5/2019,0,0.00464203,
10/5/2019,0,0.00461893,
11/5/2019,0,0.00461893,
12/5/2019,0,0.00461893,
13/5/2019,0,0.00473743,
14/5/2019,1,1,
15/5/2019,1,1,
16/5/2019,1,1,
17/5/2019,1,1,
18/5/2019,1,1,
19/5/2019,1,1,
20/5/2019,1,1,
21/5/2019,1,1,
22/5/2019,1,1,
23/5/2019,1,1,
24/5/2019,1,1,
25/5/2019,1,1,
26/5/2019,1,1,
27/5/2019,1,1,
28/5/2019,1,1,
29/5/2019,1,1,
30/5/2019,1,1,
31/5/2019,1,1,
1/6/2019,1,1,
2/6/2019,1,1,
3/6/2019,1,1,
4/6/2019,1,1,
5/6/2019,1,1,
6/6/2019,1,1,
7/6/2019,1,1,
8/6/2019,1,1,
9/6/2019,1,1,
10/6/2019,1,1,
11/6/2019,1,1,
12/6/2019,0,0.00388972,
13/6/2019,0,0.0038738,
14/6/2019,0,0.00387807,
15/6/2019,0,0.00387807,
16/6/2019,0,0.00387807,
17/6/2019,0,0.0038766,
18/6/2019,0,0.00383658,
19/6/2019,0,0.00382797,
20/6/2019,0,0.00379188,
21/6/2019,0,0.00862605,
22/6/2019,0,0.00862605,
23/6/2019,0,0.00862605,
24/6/2019,0,0.00863653,
25/6/2019,0,0.00872133,
26/6/2019,0,0.00872996,
27/6/2019,0,0.00869939,
28/6/2019,0,0.00865523,
29/6/2019,0,0.00865523,
30/6/2019,0,0.00865523,
1/7/2019,0,0.00857803,
2/7/2019,0,0.00855594,
3/7/2019,0,0.00848865,
4/7/2019,0,0.00848865,
5/7/2019,0,0.00849824,
6/7/2019,0,0.00849824,
7/7/2019,0,0.00849824,
8/7/2019,0,0.0085448,
9/7/2019,0,0.00853425,
10/7/2019,0,0.00849401,
11/7/2019,0,0.00847431,
12/7/2019,0,0.00843686,
13/7/2019,0,0.00843686,
14/7/2019,0,0.00843686,
15/7/2019,0,0.00843408,
16/7/2019,0,0.00846114,
17/7/2019,0,0.00851862,
18/7/2019,0,0.00848781,
19/7/2019,0,0.00853482,
20/7/2019,0,0.00853482,
21/7/2019,0,0.00853482,
22/7/2019,0,0.00851408,
23/7/2019,0,0.00845415,
24/7/2019,0,0.00841494,
25/7/2019,0,0.00845499,
26/7/2019,0,0.00839919,
27/7/2019,0,0.00839919,
28/7/2019,0,0.00839919,
29/7/2019,0,0.00841438,
30/7/2019,0,0.00843491,
31/7/2019,0,0.00852742,
1/8/2019,0,0.00860169,
2/8/2019,0,0.00866638,
3/8/2019,0,0.00866638,
4/8/2019,0,0.00866638,
5/8/2019,0,0.00893268,
6/8/2019,1,1,
7/8/2019,1,1,
8/8/2019,1,1,
9/8/2019,1,1,
10/8/2019,1,1,
11/8/2019,1,1,
12/8/2019,1,1,
13/8/2019,1,1,
14/8/2019,1,1,
15/8/2019,1,1,
16/8/2019,1,1,
17/8/2019,1,1,
18/8/2019,1,1,
19/8/2019,1,1,
20/8/2019,1,1,
21/8/2019,1,1,
22/8/2019,1,1,
23/8/2019,1,1,
24/8/2019,1,1,
25/8/2019,1,1,
26/8/2019,1,1,
27/8/2019,1,1,
28/8/2019,1,1,
29/8/2019,1,1,
30/8/2019,1,1,
31/8/2019,1,1,
1/9/2019,1,1,
2/9/2019,1,1,
3/9/2019,1,1,
4/9/2019,1,1,
5/9/2019,1,1,
6/9/2019,0,0.00160571,
7/9/2019,0,0.00160571,
8/9/2019,0,0.00160571,
9/9/2019,0,0.00160491,
10/9/2019,0,0.00160528,
11/9/2019,0,0.00159397,
12/9/2019,0,0.00158847,
13/9/2019,0,0.00158953,
14/9/2019,0,0.00158953,
15/9/2019,0,0.00158953,
16/9/2019,0,0.00159445,
17/9/2019,0,0.00159042,
18/9/2019,0,0.00158948,
19/9/2019,0,0.00158958,
20/9/2019,0,0.00620821,
21/9/2019,0,0.00620821,
22/9/2019,0,0.00620821,
23/9/2019,0,0.00620966,
24/9/2019,0,0.00625846,
25/9/2019,0,0.00622189,
26/9/2019,0,0.0062348,
27/9/2019,0,0.00626836,
28/9/2019,0,0.00626836,
29/9/2019,0,0.00626836,
30/9/2019,0,0.0062396,
1/10/2019,0,0.00631424,
2/10/2019,1,1,
3/10/2019,1,1,
4/10/2019,1,1,
5/10/2019,1,1,
6/10/2019,1,1,
7/10/2019,1,1,
8/10/2019,1,1,
9/10/2019,1,1,
10/10/2019,1,1,
11/10/2019,1,1,
12/10/2019,1,1,
13/10/2019,1,1,
14/10/2019,1,1,
15/10/2019,0,0.00510414,
16/10/2019,0,0.00511231,
17/10/2019,0,0.00509736,
18/10/2019,0,0.00511965,
19/10/2019,0,0.00511965,
20/10/2019,0,0.00511965,
21/10/2019,0,0.00508536,
22/10/2019,0,0.00510194,
23/10/2019,0,0.00508721,
24/10/2019,0,0.00507895,
25/10/2019,0,0.00505835,
26/10/2019,0,0.00505835,
27/10/2019,0,0.00505835,
28/10/2019,0,0.00503014,
29/10/2019,0,0.00503162,
30/10/2019,0,0.00501631,
31/10/2019,0,0.00502964,
1/11/2019,0,0.00498371,
2/11/2019,0,0.00498371,
3/11/2019,0,0.00498371,
4/11/2019,0,0.00496386,
5/11/2019,0,0.00496933,
6/11/2019,0,0.0049682,
7/11/2019,0,0.00495088,
8/11/2019,0,0.00493876,
9/11/2019,0,0.00493876,
10/11/2019,0,0.00493876,
11/11/2019,0,0.00494816,
12/11/2019,0,0.00493781,
13/11/2019,0,0.00493622,
14/11/2019,0,0.00492908,
15/11/2019,0,0.00489384,
16/11/2019,0,0.00489384,
17/11/2019,0,0.00489384,
18/11/2019,0,0.00489025,
19/11/2019,0,0.00489165,
20/11/2019,0,0.00490982,
21/11/2019,0,0.00491769,
22/11/2019,0,0.00490683,
23/11/2019,0,0.00490683,
24/11/2019,0,0.00490683,
25/11/2019,0,0.00486928,
26/11/2019,0,0.00485833,
27/11/2019,0,0.00483687,
28/11/2019,0,0.00483687,
29/11/2019,0,0.00485479,
30/11/2019,0,0.00485479,
1/12/2019,0,0.00485479,
2/12/2019,0,0.00489618,
3/12/2019,0,0.00492908,
4/12/2019,0,0.004899,
5/12/2019,0,0.00489025,
6/12/2019,0,0.0048462,
7/12/2019,0,0.0048462,
8/12/2019,0,0.0048462,
9/12/2019,0,0.00486141,
10/12/2019,0,0.00486681,
11/12/2019,0,0.0048531,
12/12/2019,0,0.00481183,
13/12/2019,0,0.00480896,
14/12/2019,0,0.00480896,
15/12/2019,0,0.00480896,
16/12/2019,0,0.00477631,
17/12/2019,0,0.00477526,
18/12/2019,0,0.00477497,
19/12/2019,0,0.00475557,
20/12/2019,0,0.00958318,
21/12/2019,0,0.00958318,
22/12/2019,0,0.00958318,
23/12/2019,0,0.0095687,
24/12/2019,0,0.00956841,
25/12/2019,0,0.00956841,
26/12/2019,0,0.00951822,
27/12/2019,0,0.00952056,
28/12/2019,0,0.00952056,
29/12/2019,0,0.00952056,
30/12/2019,0,0.00957283,
31/12/2019,0,0.00954986,
1/1/2020,0,0.00954986,
2/1/2020,0,0.00946221,
3/1/2020,0,0.00953372,
4/1/2020,0,0.00953372,
5/1/2020,0,0.00953372,
6/1/2020,0,0.00949783,
7/1/2020,0,0.00952436,
8/1/2020,0,0.00947434,
9/1/2020,0,0.00941113,
10/1/2020,0,0.00943804,
11/1/2020,0,0.00943804,
12/1/2020,0,0.00943804,
13/1/2020,0,0.00937418,
14/1/2020,0,0.00938836,
15/1/2020,0,0.00936739,
16/1/2020,0,0.00929083,
17/1/2020,0,0.00926227,
18/1/2020,0,0.00926227,
19/1/2020,0,0.00926227,
20/1/2020,0,0.00926227,
21/1/2020,0,0.00928027,
22/1/2020,0,0.00927916,
23/1/2020,0,0.00926863,
24/1/2020,0,0.00935102,
25/1/2020,0,0.00935102,
26/1/2020,0,0.00935102,
27/1/2020,0,0.0095019,
28/1/2020,0,0.00940429,
29/1/2020,0,0.00941199,
30/1/2020,0,0.00938183,
31/1/2020,0,0.00955368,
1/2/2020,0,0.00955368,
2/2/2020,0,0.00955368,
3/2/2020,0,0.0094839,
4/2/2020,0,0.00934285,
5/2/2020,0,0.00923718,
6/2/2020,0,0.00920649,
7/2/2020,0,0.00925536,
8/2/2020,0,0.00925536,
9/2/2020,0,0.00925536,
10/2/2020,0,0.00918741,
11/2/2020,0,0.00917166,
12/2/2020,0,0.00911348,
13/2/2020,0,0.00912313,
14/2/2020,0,0.00910867,
15/2/2020,0,0.00910867,
16/2/2020,0,0.00910867,
17/2/2020,0,0.00910867,
18/2/2020,0,0.00913199,
19/2/2020,0,0.00908893,
20/2/2020,0,0.00912608,
21/2/2020,0,0.00922016,
22/2/2020,0,0.00922016,
23/2/2020,0,0.00922016,
24/2/2020,0,0.00953343,
25/2/2020,0,0.00982841,
26/2/2020,1,1,
27/2/2020,1,1,
28/2/2020,1,1,
29/2/2020,1,1,
1/3/2020,1,1,
2/3/2020,1,1,
3/3/2020,1,1,
4/3/2020,1,1,
5/3/2020,1,1,
6/3/2020,1,1,
7/3/2020,1,1,
8/3/2020,1,1,
9/3/2020,1,1,
10/3/2020,1,1,
11/3/2020,1,1,
12/3/2020,1,1,
13/3/2020,1,1,
14/3/2020,1,1,
15/3/2020,1,1,
16/3/2020,1,1,
17/3/2020,1,1,
18/3/2020,1,1,
19/3/2020,1,1,
20/3/2020,1,1,
21/3/2020,1,1,
22/3/2020,1,1,
23/3/2020,1,1,
24/3/2020,1,1,
25/3/2020,1,1,
26/3/2020,1,1,
27/3/2020,1,1,
28/3/2020,1,1,
29/3/2020,1,1,
30/3/2020,1,1,
31/3/2020,1,1,
1/4/2020,1,1,
2/4/2020,1,1,
3/4/2020,1,1,
4/4/2020,1,1,
5/4/2020,1,1,
6/4/2020,1,1,
7/4/2020,1,1,
8/4/2020,1,1,
9/4/2020,1,1,
10/4/2020,1,1,
11/4/2020,1,1,
12/4/2020,1,1,
13/4/2020,1,1,
14/4/2020,1,1,
15/4/2020,1,1,
16/4/2020,1,1,
17/4/2020,1,1,
18/4/2020,1,1,
19/4/2020,1,1,
20/4/2020,1,1,
21/4/2020,1,1,
22/4/2020,1,1,
23/4/2020,1,1,
24/4/2020,1,1,
25/4/2020,1,1,
26/4/2020,1,1,
27/4/2020,0,0.00448266,
28/4/2020,0,0.00450327,
29/4/2020,0,0.00438889,
30/4/2020,0,0.00442996,
1/5/2020,0,0.00454988,
2/5/2020,0,0.00454988,
3/5/2020,0,0.00454988,
4/5/2020,0,0.00453742,
5/5/2020,0,0.00449607,
6/5/2020,0,0.00452661,
7/5/2020,0,0.00447288,
8/5/2020,0,0.0044004,
9/5/2020,0,0.0044004,
10/5/2020,0,0.0044004,
11/5/2020,0,0.0043995,
12/5/2020,0,0.00448857,
13/5/2020,0,0.00456902,
14/5/2020,0,0.00451523,
15/5/2020,0,0.00449466,
16/5/2020,0,0.00449466,
17/5/2020,0,0.00449466,
18/5/2020,0,0.00436238,
19/5/2020,0,0.00440745,
20/5/2020,0,0.00433415,
21/5/2020,0,0.00436415,
22/5/2020,0,0.00435591,
23/5/2020,0,0.00435591,
24/5/2020,0,0.00435591,
25/5/2020,0,0.00435591,
26/5/2020,0,0.00430312,
27/5/2020,0,0.0042403,
28/5/2020,0,0.00424811,
29/5/2020,0,0.00422934,
30/5/2020,0,0.00422934,
31/5/2020,0,0.00422934,
1/6/2020,0,0.00421239,
2/6/2020,0,0.00417794,
3/6/2020,0,0.0041233,
4/6/2020,0,0.00413411,
5/6/2020,0,0.00403122,
6/6/2020,0,0.00403122,
7/6/2020,0,0.00403122,
8/6/2020,0,0.00398327,
9/6/2020,0,0.00401307,
10/6/2020,0,0.0040355,
11/6/2020,0,0.00428132,
12/6/2020,0,0.00423087,
13/6/2020,0,0.00423087,
14/6/2020,0,0.00423087,
15/6/2020,0,0.0041919,
16/6/2020,0,0.00411306,
17/6/2020,0,0.00413015,
18/6/2020,0,0.00412857,
19/6/2020,0,0.00854016,
20/6/2020,0,0.00854016,
21/6/2020,0,0.00854016,
22/6/2020,0,0.00848619,
23/6/2020,0,0.00844763,
24/6/2020,0,0.00866684,
25/6/2020,0,0.0085757,
26/6/2020,0,0.00878251,
27/6/2020,0,0.00878251,
28/6/2020,0,0.00878251,
29/6/2020,0,0.0086564,
30/6/2020,0,0.00854785,
1/7/2020,0,0.0084889,
2/7/2020,0,0.0084428,
3/7/2020,0,0.0084428,
4/7/2020,0,0.0084428,
5/7/2020,0,0.0084428,
6/7/2020,0,0.00831551,
7/7/2020,0,0.00840144,
8/7/2020,0,0.0083382,
9/7/2020,0,0.00838554,
10/7/2020,0,0.00830149,
11/7/2020,0,0.00830149,
12/7/2020,0,0.00830149,
13/7/2020,0,0.00837339,
14/7/2020,0,0.00826716,
15/7/2020,0,0.00819251,
16/7/2020,0,0.00821936,
17/7/2020,0,0.0081958,
18/7/2020,0,0.0081958,
19/7/2020,0,0.0081958,
20/7/2020,0,0.00813063,
21/7/2020,0,0.00811351,
22/7/2020,0,0.00806795,
23/7/2020,0,0.00816459,
24/7/2020,0,0.00821708,
25/7/2020,0,0.00821708,
26/7/2020,0,0.00821708,
27/7/2020,0,0.00815807,
28/7/2020,0,0.00820972,
29/7/2020,0,0.00811078,
30/7/2020,0,0.00813959,
31/7/2020,0,0.00807629,
1/8/2020,0,0.00807629,
2/8/2020,0,0.00807629,
3/8/2020,0,0.00802098,
4/8/2020,0,0.00799036,
5/8/2020,0,0.00794143,
6/8/2020,0,0.00788911,
7/8/2020,0,0.0078835,
8/8/2020,0,0.0078835,
9/8/2020,0,0.0078835,
10/8/2020,0,0.00786019,
11/8/2020,0,0.00792509,
12/8/2020,0,0.00781697,
13/8/2020,0,0.00783102,
14/8/2020,0,0.00783079,
15/8/2020,0,0.00783079,
16/8/2020,0,0.00783079,
17/8/2020,0,0.00780618,
18/8/2020,0,0.00778949,
19/8/2020,0,0.0078218,
20/8/2020,0,0.00779771,
21/8/2020,0,0.00777036,
22/8/2020,0,0.00777036,
23/8/2020,0,0.00777036,
24/8/2020,0,0.00769301,
25/8/2020,0,0.00766639,
26/8/2020,0,0.00759087,
27/8/2020,0,0.00757444,
28/8/2020,0,0.00752619,
29/8/2020,0,0.00752619,
30/8/2020,0,0.00752619,
31/8/2020,0,0.00755335,
1/9/2020,0,0.0074834,
2/9/2020,0,0.00737749,
3/9/2020,0,0.00763842,
4/9/2020,0,0.00770081,
5/9/2020,0,0.00770081,
6/9/2020,0,0.00770081,
7/9/2020,0,0.00770081,
8/9/2020,0,0.00791542,
9/9/2020,0,0.00776333,
10/9/2020,0,0.00789943,
11/9/2020,0,0.00789544,
12/9/2020,0,0.00789544,
13/9/2020,0,0.00789544,
14/9/2020,0,0.0077936,
15/9/2020,0,0.00775472,
16/9/2020,0,0.00778538,
17/9/2020,0,0.00785392,
18/9/2020,0,0.0119456,
19/9/2020,0,0.0119456,
20/9/2020,0,0.0119456,
21/9/2020,0,0.0120784,
22/9/2020,1,1,
23/9/2020,1,1,
24/9/2020,1,1,
25/9/2020,1,1,
26/9/2020,1,1,
27/9/2020,1,1,
28/9/2020,1,1,
29/9/2020,1,1,
30/9/2020,1,1,
1/10/2020,1,1,
2/10/2020,1,1,
3/10/2020,1,1,
4/10/2020,1,1,
5/10/2020,1,1,
6/10/2020,1,1,
7/10/2020,0,0.00524621,
8/10/2020,0,0.00520036,
9/10/2020,0,0.00515457,
10/10/2020,0,0.00515457,
11/10/2020,0,0.00515457,
12/10/2020,0,0.00507338,
13/10/2020,0,0.00510653,
14/10/2020,0,0.00513866,
15/10/2020,0,0.00514498,
16/10/2020,0,0.00514808,
17/10/2020,0,0.00514808,
18/10/2020,0,0.00514808,
19/10/2020,0,0.00522714,
20/10/2020,0,0.00520639,
21/10/2020,0,0.00521621,
22/10/2020,0,0.0051879,
23/10/2020,0,0.00517044,
24/10/2020,0,0.00517044,
25/10/2020,0,0.00517044,
26/10/2020,0,0.00526728,
27/10/2020,0,0.0052854,
28/10/2020,1,1,
29/10/2020,1,1,
30/10/2020,1,1,
31/10/2020,1,1,
1/11/2020,1,1,
2/11/2020,1,1,
3/11/2020,1,1,
4/11/2020,1,1,
5/11/2020,1,1,
6/11/2020,0,0.00409128,
7/11/2020,0,0.00409128,
8/11/2020,0,0.00409128,
9/11/2020,0,0.00404071,
10/11/2020,0,0.00404663,
11/11/2020,0,0.00401691,
12/11/2020,0,0.0040561,
13/11/2020,0,0.00400093,
14/11/2020,0,0.00400093,
15/11/2020,0,0.00400093,
16/11/2020,0,0.0039518,
17/11/2020,0,0.00397308,
18/11/2020,0,0.00402129,
19/11/2020,0,0.00400449,
20/11/2020,0,0.00403199,
21/11/2020,0,0.00403199,
22/11/2020,0,0.00403199,
23/11/2020,0,0.00400806,
24/11/2020,0,0.00394475,
25/11/2020,0,0.00395082,
26/11/2020,0,0.00395082,
27/11/2020,0,0.00393989,
28/11/2020,0,0.00393989,
29/11/2020,0,0.00393989,
30/11/2020,0,0.00395734,
1/12/2020,0,0.0039147,
2/12/2020,0,0.00390651,
3/12/2020,0,0.00390757,
4/12/2020,0,0.00387431,
5/12/2020,0,0.00387431,
6/12/2020,0,0.00387431,
7/12/2020,0,0.00388226,
8/12/2020,0,0.00387098,
9/12/2020,0,0.00390587,
10/12/2020,0,0.00390715,
11/12/2020,0,0.00391172,
12/12/2020,0,0.00391172,
13/12/2020,0,0.00391172,
14/12/2020,0,0.00392924,
15/12/2020,0,0.00387703,
16/12/2020,0,0.00387098,
17/12/2020,0,0.00384953,
18/12/2020,0,0.00810989,
19/12/2020,0,0.00810989,
20/12/2020,0,0.00810989,
21/12/2020,0,0.00813875,
22/12/2020,0,0.00815238,
23/12/2020,0,0.00814512,
24/12/2020,0,0.00811381,
25/12/2020,0,0.00811381,
26/12/2020,0,0.00811381,
27/12/2020,0,0.00811381,
28/12/2020,0,0.00804526,
29/12/2020,0,0.00806051,
30/12/2020,0,0.00804912,
31/12/2020,0,0.00800876,
1/1/2021,0,0.00800876,
2/1/2021,0,0.00800876,
3/1/2021,0,0.00800876,
4/1/2021,0,0.0081184,
5/1/2021,0,0.00806331,
6/1/2021,0,0.00801578,
7/1/2021,0,0.00789935,
8/1/2021,0,0.00785495,
9/1/2021,0,0.00785495,
10/1/2021,0,0.00785495,
11/1/2021,0,0.00790784,
12/1/2021,0,0.00790618,
13/1/2021,0,0.00788511,
14/1/2021,0,0.0079126,
15/1/2021,0,0.00797027,
16/1/2021,0,0.00797027,
17/1/2021,0,0.00797027,
18/1/2021,0,0.00797027,
19/1/2021,0,0.00790867,
20/1/2021,0,0.00780156,
21/1/2021,0,0.00779451,
22/1/2021,0,0.00782198,
23/1/2021,0,0.00782198,
24/1/2021,0,0.00782198,
25/1/2021,0,0.00779149,
26/1/2021,0,0.00780357,
27/1/2021,0,0.00799751,
28/1/2021,0,0.00792986,
29/1/2021,0,0.00809054,
30/1/2021,0,0.00809054,
31/1/2021,0,0.00809054,
1/2/2021,0,0.00795913,
2/2/2021,0,0.00784903,
3/2/2021,0,0.00784291,
4/2/2021,0,0.00775545,
5/2/2021,0,0.00772528,
6/2/2021,0,0.00772528,
7/2/2021,0,0.00772528,
8/2/2021,0,0.00767032,
9/2/2021,0,0.00767539,
10/2/2021,0,0.00767871,
11/2/2021,0,0.00766642,
12/2/2021,0,0.00762902,
13/2/2021,0,0.00762902,
14/2/2021,0,0.00762902,
15/2/2021,0,0.00762902,
16/2/2021,0,0.00763559,
17/2/2021,0,0.00763385,
18/2/2021,0,0.00766623,
19/2/2021,0,0.00767968,
20/2/2021,0,0.00767968,
21/2/2021,0,0.00767968,
22/2/2021,0,0.00773875,
23/2/2021,0,0.00772944,
24/2/2021,0,0.00764584,
25/2/2021,0,0.00783314,
26/2/2021,0,0.00787339,
27/2/2021,0,0.00787339,
28/2/2021,0,0.00787339,
1/3/2021,0,0.00768849,
2/3/2021,0,0.00774849,
3/3/2021,0,0.00785168,
4/3/2021,0,0.00794928,
5/3/2021,0,0.0078068,
6/3/2021,0,0.0078068,
7/3/2021,0,0.0078068,
8/3/2021,0,0.00784556,
9/3/2021,0,0.00773597,
10/3/2021,0,0.00768849,
11/3/2021,0,0.0076119,
12/3/2021,0,0.00760174,
13/3/2021,0,0.00760174,
14/3/2021,0,0.00760174,
15/3/2021,0,0.00755702,
16/3/2021,0,0.00756649,
17/3/2021,0,0.00754097,
18/3/2021,0,0.00765146,
19/3/2021,0,0.010911,
20/3/2021,0,0.010911,
21/3/2021,0,0.010911,
22/3/2021,0,0.0108255,
23/3/2021,0,0.0109105,
24/3/2021,0,0.0109656,
25/3/2021,0,0.0109049,
26/3/2021,0,0.0107339,
27/3/2021,0,0.0107339,
28/3/2021,0,0.0107339,
29/3/2021,0,0.0107392,
30/3/2021,0,0.0107675,
31/3/2021,0,0.0107245,
1/4/2021,0,0.0106111,
2/4/2021,0,0.0106111,
3/4/2021,0,0.0106111,
4/4/2021,0,0.0106111,
5/4/2021,0,0.0104625,
6/4/2021,0,0.0104687,
7/4/2021,0,0.0104567,
8/4/2021,0,0.0104078,
9/4/2021,0,0.0103335,
10/4/2021,0,0.0103335,
11/4/2021,0,0.0103335,
12/4/2021,0,0.0103297,
13/4/2021,0,0.0102995,
14/4/2021,0,0.0103345,
15/4/2021,0,0.0102257,
16/4/2021,0,0.010192,
17/4/2021,0,0.010192,
18/4/2021,0,0.010192,
19/4/2021,0,0.0102418,
20/4/2021,0,0.0103166,
21/4/2021,0,0.0102209,
22/4/2021,0,0.0103141,
23/4/2021,0,0.0102046,
24/4/2021,0,0.0102046,
25/4/2021,0,0.0102046,
26/4/2021,0,0.0101836,
27/4/2021,0,0.0101857,
28/4/2021,0,0.0101886,
29/4/2021,0,0.0101248,
30/4/2021,0,0.0101911,
1/5/2021,0,0.0101911,
2/5/2021,0,0.0101911,
3/5/2021,0,0.0101693,
4/5/2021,0,0.0102318,
5/5/2021,0,0.0102287,
6/5/2021,0,0.0101484,
7/5/2021,0,0.0100759,
8/5/2021,0,0.0100759,
9/5/2021,0,0.0100759,
10/5/2021,0,0.0101756,
11/5/2021,0,0.0102663,
12/5/2021,0,0.0104868,
13/5/2021,0,0.0103636,
14/5/2021,0,0.0102085,
15/5/2021,0,0.0102085,
16/5/2021,0,0.0102085,
17/5/2021,0,0.0102343,
18/5/2021,0,0.0103223,
19/5/2021,0,0.0103491,
20/5/2021,0,0.0102401,
21/5/2021,0,0.0102484,
22/5/2021,0,0.0102484,
23/5/2021,0,0.0102484,
24/5/2021,0,0.010146,
25/5/2021,0,0.0101684,
26/5/2021,0,0.0101484,
27/5/2021,0,0.0101432,
28/5/2021,0,0.0101252,
29/5/2021,0,0.0101252,
30/5/2021,0,0.0101252,
31/5/2021,0,0.0101252,
1/6/2021,0,0.0101341,
2/6/2021,0,0.0101183,
3/6/2021,0,0.0101556,
4/6/2021,0,0.0100645,
5/6/2021,0,0.0100645,
6/6/2021,0,0.0100645,
7/6/2021,0,0.0100742,
8/6/2021,0,0.0100721,
9/6/2021,0,0.010087,
10/6/2021,0,0.0100408,
11/6/2021,0,0.0100244,
12/6/2021,0,0.0100244,
13/6/2021,0,0.0100244,
14/6/2021,0,0.0100022,
15/6/2021,0,0.0100204,
16/6/2021,0,0.0100761,
17/6/2021,0,0.0100794,
18/6/2021,0,0.0134869,
19/6/2021,0,0.0134869,
20/6/2021,0,0.0134869,
21/6/2021,0,0.0132991,
22/6/2021,0,0.0132293,
23/6/2021,0,0.0132451,
24/6/2021,0,0.0131682,
25/6/2021,0,0.0131222,
26/6/2021,0,0.0131222,
27/6/2021,0,0.0131222,
28/6/2021,0,0.0130962,
29/6/2021,0,0.0130892,
30/6/2021,0,0.0130783,
1/7/2021,0,0.0130073,
2/7/2021,0,0.0129099,
3/7/2021,0,0.0129099,
4/7/2021,0,0.0129099,
5/7/2021,0,0.0129099,
6/7/2021,0,0.0129331,
7/7/2021,0,0.0128882,
8/7/2021,0,0.0129927,
9/7/2021,0,0.0128572,
10/7/2021,0,0.0128572,
11/7/2021,0,0.0128572,
12/7/2021,0,0.0128119,
13/7/2021,0,0.0128552,
14/7/2021,0,0.0128363,
15/7/2021,0,0.0128797,
16/7/2021,0,0.0129802,
17/7/2021,0,0.0129802,
18/7/2021,0,0.0129802,
19/7/2021,0,0.0131722,
20/7/2021,0,0.0129885,
21/7/2021,0,0.0128855,
22/7/2021,0,0.0128589,
23/7/2021,0,0.0127297,
24/7/2021,0,0.0127297,
25/7/2021,0,0.0127297,
26/7/2021,0,0.0126989,
27/7/2021,0,0.0127563,
28/7/2021,0,0.0127615,
29/7/2021,0,0.0127094,
30/7/2021,0,0.0127707,
31/7/2021,0,0.0127707,
1/8/2021,0,0.0127707,
2/8/2021,0,0.0127972,
3/8/2021,0,0.0126952,
4/8/2021,0,0.0127572,
5/8/2021,0,0.0126779,
6/8/2021,0,0.0126572,
7/8/2021,0,0.0126572,
8/8/2021,0,0.0126572,
9/8/2021,0,0.0126674,
10/8/2021,0,0.0126519,
11/8/2021,0,0.0126209,
12/8/2021,0,0.0125837,
13/8/2021,0,0.0125611,
14/8/2021,0,0.0125611,
15/8/2021,0,0.0125611,
16/8/2021,0,0.012532,
17/8/2021,0,0.0126136,
18/8/2021,0,0.0127514,
19/8/2021,0,0.012732,
20/8/2021,0,0.0126327,
21/8/2021,0,0.0126327,
22/8/2021,0,0.0126327,
23/8/2021,0,0.0125239,
24/8/2021,0,0.0125043,
25/8/2021,0,0.0124785,
26/8/2021,0,0.0125517,
27/8/2021,0,0.0124418,
28/8/2021,0,0.0124418,
29/8/2021,0,0.0124418,
30/8/2021,0,0.012388,
31/8/2021,0,0.0124062,
1/9/2021,0,0.0123997,
2/9/2021,0,0.0123621,
3/9/2021,0,0.0123651,
4/9/2021,0,0.0123651,
5/9/2021,0,0.0123651,
6/9/2021,0,0.0123651,
7/9/2021,0,0.0124089,
8/9/2021,0,0.0124238,
9/9/2021,0,0.0124766,
10/9/2021,0,0.0125745,
11/9/2021,0,0.0125745,
12/9/2021,0,0.0125745,
13/9/2021,0,0.0125428,
14/9/2021,0,0.01261,
15/9/2021,0,0.0125068,
16/9/2021,0,0.0125264,
17/9/2021,0,0.0158317,
18/9/2021,0,0.0158317,
19/9/2021,0,0.0158317,
20/9/2021,0,0.0160958,
21/9/2021,1,1,
22/9/2021,1,1,
23/9/2021,1,1,
24/9/2021,1,1,
25/9/2021,1,1,
26/9/2021,1,1,
27/9/2021,1,1,
28/9/2021,1,1,
29/9/2021,1,1,
30/9/2021,1,1,
1/10/2021,1,1,
2/10/2021,1,1,
3/10/2021,1,1,
4/10/2021,1,1,
5/10/2021,1,1,
6/10/2021,1,1,
7/10/2021,1,1,
8/10/2021,1,1,
9/10/2021,1,1,
10/10/2021,1,1,
11/10/2021,1,1,
12/10/2021,1,1,
13/10/2021,1,1,
14/10/2021,1,1,
15/10/2021,1,1,
16/10/2021,1,1,
17/10/2021,1,1,
18/10/2021,1,1,
19/10/2021,0,0.00570493,
20/10/2021,0,0.00568274,
21/10/2021,0,0.00566804,
22/10/2021,0,0.00567389,
23/10/2021,0,0.00567389,
24/10/2021,0,0.00567389,
25/10/2021,0,0.00564379,
26/10/2021,0,0.00563874,
27/10/2021,0,0.00566369,
28/10/2021,0,0.00560987,
29/10/2021,0,0.00559857,
30/10/2021,0,0.00559857,
31/10/2021,0,0.00559857,
1/11/2021,0,0.00558901,
2/11/2021,0,0.00556663,
3/11/2021,0,0.00553304,
4/11/2021,0,0.00550723,
5/11/2021,0,0.00548829,
6/11/2021,0,0.00548829,
7/11/2021,0,0.00548829,
8/11/2021,0,0.00548364,
9/11/2021,0,0.00550172,
10/11/2021,0,0.0055461,
11/11/2021,0,0.00554431,
12/11/2021,0,0.00550301,
13/11/2021,0,0.00550301,
14/11/2021,0,0.00550301,
15/11/2021,0,0.00550114,
16/11/2021,0,0.00547957,
17/11/2021,0,0.00549284,
18/11/2021,0,0.00547435,
19/11/2021,0,0.0054841,
20/11/2021,0,0.0054841,
21/11/2021,0,0.0054841,
22/11/2021,0,0.0054995,
23/11/2021,0,0.00549226,
24/11/2021,0,0.00547771,
25/11/2021,0,0.00547771,
26/11/2021,0,0.00560197,
27/11/2021,0,0.00560197,
28/11/2021,0,0.00560197,
29/11/2021,0,0.00553446,
30/11/2021,0,0.00564367,
1/12/2021,0,0.00570669,
2/12/2021,0,0.00562109,
3/12/2021,0,0.00567015,
4/12/2021,0,0.00567015,
5/12/2021,0,0.00567015,
6/12/2021,0,0.00560416,
7/12/2021,0,0.00549121,
8/12/2021,0,0.00547679,
9/12/2021,0,0.00551381,
10/12/2021,0,0.00546267,
11/12/2021,0,0.00546267,
12/12/2021,0,0.00546267,
13/12/2021,0,0.00551122,
14/12/2021,0,0.00554919,
15/12/2021,0,0.00546429,
16/12/2021,0,0.00551263,
17/12/2021,0,0.00909016,
18/12/2021,0,0.00909016,
19/12/2021,0,0.00909016,
20/12/2021,0,0.00918696,
21/12/2021,0,0.0090281,
22/12/2021,0,0.00893952,
23/12/2021,0,0.00888474,
24/12/2021,0,0.00888474,
25/12/2021,0,0.00888474,
26/12/2021,0,0.00888474,
27/12/2021,0,0.00876184,
28/12/2021,0,0.00876894,
29/12/2021,0,0.00875784,
30/12/2021,0,0.0087819,
31/12/2021,0,0.0088039,
