1/1/2010,$25000.00
2/1/2010,$25000.00
3/1/2010,$25000.00
4/1/2010,$25213.12
5/1/2010,$25279.72
6/1/2010,$25297.48
7/1/2010,$25404.04
8/1/2010,$25488.40
9/1/2010,$25488.40
10/1/2010,$25488.40
11/1/2010,$25523.92
12/1/2010,$25286.38
13/1/2010,$25499.50
14/1/2010,$25568.32
15/1/2010,$25281.94
16/1/2010,$25281.94
17/1/2010,$25281.94
18/1/2010,$25281.94
19/1/2010,$25597.18
20/1/2010,$25337.44
21/1/2010,$24851.26
22/1/2010,$24740.26
23/1/2010,$24740.26
24/1/2010,$24740.26
25/1/2010,$24740.26
26/1/2010,$24740.26
27/1/2010,$24740.26
28/1/2010,$24740.26
29/1/2010,$24740.26
30/1/2010,$24740.26
31/1/2010,$24740.26
1/2/2010,$24740.26
2/2/2010,$24740.26
3/2/2010,$24740.26
4/2/2010,$24740.26
5/2/2010,$24740.26
6/2/2010,$24740.26
7/2/2010,$24740.26
8/2/2010,$24740.26
9/2/2010,$24740.26
10/2/2010,$24740.26
11/2/2010,$24740.26
12/2/2010,$24740.26
13/2/2010,$24740.26
14/2/2010,$24740.26
15/2/2010,$24740.26
16/2/2010,$24740.26
17/2/2010,$24740.26
18/2/2010,$24740.26
19/2/2010,$24740.26
20/2/2010,$24740.26
21/2/2010,$24740.26
22/2/2010,$24744.70
23/2/2010,$24678.10
24/2/2010,$24678.10
25/2/2010,$24678.10
26/2/2010,$24678.10
27/2/2010,$24678.10
28/2/2010,$24678.10
1/3/2010,$24830.59
2/3/2010,$24899.10
3/3/2010,$24921.20
4/3/2010,$24996.34
5/3/2010,$25352.15
6/3/2010,$25352.15
7/3/2010,$25352.15
8/3/2010,$25356.57
9/3/2010,$25398.56
10/3/2010,$25511.27
11/3/2010,$25617.35
12/3/2010,$25619.56
13/3/2010,$25619.56
14/3/2010,$25619.56
15/3/2010,$25626.19
16/3/2010,$25829.51
17/3/2010,$25982.00
18/3/2010,$25968.74
19/3/2010,$25838.35
20/3/2010,$25838.35
21/3/2010,$25838.35
22/3/2010,$25975.37
23/3/2010,$26156.59
24/3/2010,$26030.62
25/3/2010,$25988.63
26/3/2010,$25973.16
27/3/2010,$25973.16
28/3/2010,$25973.16
29/3/2010,$26136.70
30/3/2010,$26154.38
31/3/2010,$26065.98
1/4/2010,$26242.78
2/4/2010,$26242.78
3/4/2010,$26242.78
4/4/2010,$26242.78
5/4/2010,$26454.94
6/4/2010,$26516.82
7/4/2010,$26366.54
8/4/2010,$26457.15
9/4/2010,$26629.53
10/4/2010,$26629.53
11/4/2010,$26629.53
12/4/2010,$26671.52
13/4/2010,$26691.41
14/4/2010,$26991.97
15/4/2010,$27014.07
16/4/2010,$26587.54
17/4/2010,$26587.54
18/4/2010,$26587.54
19/4/2010,$26686.99
20/4/2010,$26923.46
21/4/2010,$26874.84
22/4/2010,$26954.40
23/4/2010,$27128.99
24/4/2010,$27128.99
25/4/2010,$27128.99
26/4/2010,$27027.33
27/4/2010,$26393.06
28/4/2010,$26591.96
29/4/2010,$26919.04
30/4/2010,$26465.99
1/5/2010,$26465.99
2/5/2010,$26465.99
3/5/2010,$26806.33
4/5/2010,$26180.90
5/5/2010,$25968.74
6/5/2010,$25968.74
7/5/2010,$25968.74
8/5/2010,$25968.74
9/5/2010,$25968.74
10/5/2010,$25968.74
11/5/2010,$25968.74
12/5/2010,$25968.74
13/5/2010,$25968.74
14/5/2010,$25968.74
15/5/2010,$25968.74
16/5/2010,$25968.74
17/5/2010,$25968.74
18/5/2010,$25968.74
19/5/2010,$25968.74
20/5/2010,$25968.74
21/5/2010,$25968.74
22/5/2010,$25968.74
23/5/2010,$25968.74
24/5/2010,$25968.74
25/5/2010,$25968.74
26/5/2010,$25968.74
27/5/2010,$25968.74
28/5/2010,$25968.74
29/5/2010,$25968.74
30/5/2010,$25968.74
31/5/2010,$25968.74
1/6/2010,$25968.74
2/6/2010,$25968.74
3/6/2010,$25968.74
4/6/2010,$25968.74
5/6/2010,$25968.74
6/6/2010,$25968.74
7/6/2010,$25968.74
8/6/2010,$25968.74
9/6/2010,$25968.74
10/6/2010,$25968.74
11/6/2010,$25968.74
12/6/2010,$25968.74
13/6/2010,$25968.74
14/6/2010,$25968.74
15/6/2010,$25968.74
16/6/2010,$25968.74
17/6/2010,$25968.74
18/6/2010,$25968.74
19/6/2010,$25968.74
20/6/2010,$25968.74
21/6/2010,$25968.74
22/6/2010,$25968.74
23/6/2010,$25968.74
24/6/2010,$25968.74
25/6/2010,$25968.74
26/6/2010,$25968.74
27/6/2010,$25968.74
28/6/2010,$25968.74
29/6/2010,$25968.74
30/6/2010,$25968.74
1/7/2010,$25968.74
2/7/2010,$25968.74
3/7/2010,$25968.74
4/7/2010,$25968.74
5/7/2010,$25968.74
6/7/2010,$25968.74
7/7/2010,$25968.74
8/7/2010,$25968.74
9/7/2010,$25968.74
10/7/2010,$25968.74
11/7/2010,$25968.74
12/7/2010,$25968.74
13/7/2010,$25968.74
14/7/2010,$25968.74
15/7/2010,$25975.82
16/7/2010,$25836.58
17/7/2010,$25836.58
18/7/2010,$25836.58
19/7/2010,$25836.58
20/7/2010,$25836.58
21/7/2010,$25371.66
22/7/2010,$25371.66
23/7/2010,$25591.11
24/7/2010,$25591.11
25/7/2010,$25591.11
26/7/2010,$25856.76
27/7/2010,$25854.45
28/7/2010,$25688.13
29/7/2010,$25563.39
30/7/2010,$25558.77
31/7/2010,$25558.77
1/8/2010,$25558.77
2/8/2010,$26133.96
3/8/2010,$26009.22
4/8/2010,$26182.47
5/8/2010,$26154.75
6/8/2010,$26048.49
7/8/2010,$26048.49
8/8/2010,$26048.49
9/8/2010,$26187.09
10/8/2010,$26046.18
11/8/2010,$25334.70
12/8/2010,$24953.55
13/8/2010,$24953.55
14/8/2010,$24953.55
15/8/2010,$24953.55
16/8/2010,$24953.55
17/8/2010,$25044.75
18/8/2010,$25090.35
19/8/2010,$24654.87
20/8/2010,$24654.87
21/8/2010,$24654.87
22/8/2010,$24654.87
23/8/2010,$24654.87
24/8/2010,$24654.87
25/8/2010,$24654.87
26/8/2010,$24654.87
27/8/2010,$24654.87
28/8/2010,$24654.87
29/8/2010,$24654.87
30/8/2010,$24654.87
31/8/2010,$24654.87
1/9/2010,$24654.87
2/9/2010,$24884.14
3/9/2010,$25206.48
4/9/2010,$25206.48
5/9/2010,$25206.48
6/9/2010,$25206.48
7/9/2010,$24922.73
8/9/2010,$25097.52
9/9/2010,$25213.29
10/9/2010,$25340.41
11/9/2010,$25340.41
12/9/2010,$25340.41
13/9/2010,$25621.89
14/9/2010,$25606.00
15/9/2010,$25703.61
16/9/2010,$25696.80
17/9/2010,$25706.33
18/9/2010,$25706.33
19/9/2010,$25706.33
20/9/2010,$26096.77
21/9/2010,$26044.56
22/9/2010,$25917.44
23/9/2010,$25708.60
24/9/2010,$26235.24
25/9/2010,$26235.24
26/9/2010,$26235.24
27/9/2010,$26110.39
28/9/2010,$26201.19
29/9/2010,$26155.79
30/9/2010,$26078.61
1/10/2010,$26187.57
2/10/2010,$26187.57
3/10/2010,$26187.57
4/10/2010,$25992.35
5/10/2010,$26512.18
6/10/2010,$26509.91
7/10/2010,$26478.13
8/10/2010,$26625.68
9/10/2010,$26625.68
10/10/2010,$26625.68
11/10/2010,$26650.65
12/10/2010,$26732.37
13/10/2010,$26938.94
14/10/2010,$26834.52
15/10/2010,$26889.00
16/10/2010,$26889.00
17/10/2010,$26889.00
18/10/2010,$27020.66
19/10/2010,$26668.81
20/10/2010,$26927.59
21/10/2010,$26986.61
22/10/2010,$27036.55
23/10/2010,$27036.55
24/10/2010,$27036.55
25/10/2010,$27116.00
26/10/2010,$27120.54
27/10/2010,$27043.36
28/10/2010,$27047.90
29/10/2010,$27068.33
30/10/2010,$27068.33
31/10/2010,$27068.33
1/11/2010,$27077.41
2/11/2010,$27290.79
3/11/2010,$27399.75
4/11/2010,$27924.12
5/11/2010,$28028.54
6/11/2010,$28028.54
7/11/2010,$28028.54
8/11/2010,$27976.33
9/11/2010,$27776.57
10/11/2010,$27887.80
11/11/2010,$27783.38
12/11/2010,$27456.50
13/11/2010,$27456.50
14/11/2010,$27456.50
15/11/2010,$27417.91
16/11/2010,$26993.42
17/11/2010,$27007.04
18/11/2010,$27402.02
19/11/2010,$27476.93
20/11/2010,$27476.93
21/11/2010,$27476.93
22/11/2010,$27454.23
23/11/2010,$27059.25
24/11/2010,$27456.50
25/11/2010,$27456.50
26/11/2010,$27138.70
27/11/2010,$27138.70
28/11/2010,$27138.70
29/11/2010,$27220.42
30/11/2010,$27068.33
1/12/2010,$27640.37
2/12/2010,$27992.22
3/12/2010,$28067.13
4/12/2010,$28067.13
5/12/2010,$28067.13
6/12/2010,$28037.62
7/12/2010,$28053.51
8/12/2010,$28155.66
9/12/2010,$28264.62
10/12/2010,$28428.06
11/12/2010,$28428.06
12/12/2010,$28428.06
13/12/2010,$28446.22
14/12/2010,$28471.19
15/12/2010,$28341.80
16/12/2010,$28505.24
17/12/2010,$28535.43
18/12/2010,$28535.43
19/12/2010,$28535.43
20/12/2010,$28603.53
21/12/2010,$28782.86
22/12/2010,$28871.39
23/12/2010,$28830.53
24/12/2010,$28830.53
25/12/2010,$28830.53
26/12/2010,$28830.53
27/12/2010,$28841.88
28/12/2010,$28882.74
29/12/2010,$28903.17
30/12/2010,$28857.77
31/12/2010,$28864.58
1/1/2011,$28864.58
2/1/2011,$28864.58
3/1/2011,$29159.68
4/1/2011,$29143.79
5/1/2011,$29293.61
6/1/2011,$29236.86
7/1/2011,$29180.11
8/1/2011,$29180.11
9/1/2011,$29180.11
10/1/2011,$29143.79
11/1/2011,$29245.94
12/1/2011,$29506.99
13/1/2011,$29459.32
14/1/2011,$29670.43
15/1/2011,$29670.43
16/1/2011,$29670.43
17/1/2011,$29670.43
18/1/2011,$29720.37
19/1/2011,$29432.08
20/1/2011,$29393.49
21/1/2011,$29459.32
22/1/2011,$29459.32
23/1/2011,$29459.32
24/1/2011,$29625.03
25/1/2011,$29640.92
26/1/2011,$29754.42
27/1/2011,$29827.06
28/1/2011,$29311.77
29/1/2011,$29311.77
30/1/2011,$29311.77
31/1/2011,$29529.69
1/2/2011,$29997.31
2/2/2011,$29940.56
3/2/2011,$30006.39
4/2/2011,$30090.38
5/2/2011,$30090.38
6/2/2011,$30090.38
7/2/2011,$30276.52
8/2/2011,$30412.72
9/2/2011,$30344.62
10/2/2011,$30355.97
11/2/2011,$30535.30
12/2/2011,$30535.30
13/2/2011,$30535.30
14/2/2011,$30607.94
15/2/2011,$30512.60
16/2/2011,$30703.28
17/2/2011,$30794.08
18/2/2011,$30857.64
19/2/2011,$30857.64
20/2/2011,$30857.64
21/2/2011,$30857.64
22/2/2011,$30244.74
23/2/2011,$30060.87
24/2/2011,$30040.44
25/2/2011,$30358.24
26/2/2011,$30358.24
27/2/2011,$30358.24
28/2/2011,$30544.38
1/3/2011,$30040.44
2/3/2011,$30104.00
3/3/2011,$30617.02
4/3/2011,$30390.02
5/3/2011,$30390.02
6/3/2011,$30390.02
7/3/2011,$30153.94
8/3/2011,$30414.99
9/3/2011,$30371.86
10/3/2011,$29815.71
11/3/2011,$29815.71
12/3/2011,$29815.71
13/3/2011,$29815.71
14/3/2011,$29622.76
15/3/2011,$29622.76
16/3/2011,$29622.76
17/3/2011,$29622.76
18/3/2011,$29622.76
19/3/2011,$29622.76
20/3/2011,$29622.76
21/3/2011,$29622.76
22/3/2011,$29622.76
23/3/2011,$29622.76
24/3/2011,$29622.76
25/3/2011,$29713.16
26/3/2011,$29713.16
27/3/2011,$29713.16
28/3/2011,$29640.84
29/3/2011,$29839.72
30/3/2011,$30045.38
31/3/2011,$30004.70
1/4/2011,$30131.26
2/4/2011,$30131.26
3/4/2011,$30131.26
4/4/2011,$30156.12
5/4/2011,$30151.60
6/4/2011,$30246.52
7/4/2011,$30169.68
8/4/2011,$30065.72
9/4/2011,$30065.72
10/4/2011,$30065.72
11/4/2011,$29975.32
12/4/2011,$29751.58
13/4/2011,$29612.08
14/4/2011,$29612.08
15/4/2011,$29665.84
16/4/2011,$29665.84
17/4/2011,$29665.84
18/4/2011,$29341.04
19/4/2011,$29341.04
20/4/2011,$29389.44
21/4/2011,$29539.04
22/4/2011,$29539.04
23/4/2011,$29539.04
24/4/2011,$29539.04
25/4/2011,$29508.24
26/4/2011,$29761.24
27/4/2011,$29954.84
28/4/2011,$30051.64
29/4/2011,$30122.04
30/4/2011,$30122.04
1/5/2011,$30122.04
2/5/2011,$30075.84
3/5/2011,$29968.04
4/5/2011,$29770.04
5/5/2011,$29501.64
6/5/2011,$29631.44
7/5/2011,$29631.44
8/5/2011,$29631.44
9/5/2011,$29745.84
10/5/2011,$29998.84
11/5/2011,$29684.24
12/5/2011,$29825.04
13/5/2011,$29596.24
14/5/2011,$29596.24
15/5/2011,$29596.24
16/5/2011,$29409.24
17/5/2011,$29404.84
18/5/2011,$29666.64
19/5/2011,$29737.04
20/5/2011,$29501.64
21/5/2011,$29501.64
22/5/2011,$29501.64
23/5/2011,$29143.04
24/5/2011,$29143.04
25/5/2011,$29143.04
26/5/2011,$29143.04
27/5/2011,$29254.73
28/5/2011,$29254.73
29/5/2011,$29254.73
30/5/2011,$29254.73
31/5/2011,$29559.14
1/6/2011,$28895.57
2/6/2011,$28895.57
3/6/2011,$28895.57
4/6/2011,$28895.57
5/6/2011,$28895.57
6/6/2011,$28895.57
7/6/2011,$28895.57
8/6/2011,$28895.57
9/6/2011,$28895.57
10/6/2011,$28895.57
11/6/2011,$28895.57
12/6/2011,$28895.57
13/6/2011,$28895.57
14/6/2011,$28895.57
15/6/2011,$28895.57
16/6/2011,$28895.57
17/6/2011,$28895.57
18/6/2011,$28895.57
19/6/2011,$28895.57
20/6/2011,$28895.57
21/6/2011,$28895.57
22/6/2011,$28895.57
23/6/2011,$28895.57
24/6/2011,$28895.57
25/6/2011,$28895.57
26/6/2011,$28895.57
27/6/2011,$28895.57
28/6/2011,$28895.57
29/6/2011,$28895.57
30/6/2011,$28895.57
1/7/2011,$29320.67
2/7/2011,$29320.67
3/7/2011,$29320.67
4/7/2011,$29320.67
5/7/2011,$29296.69
6/7/2011,$29331.57
7/7/2011,$29634.59
8/7/2011,$29425.31
9/7/2011,$29425.31
10/7/2011,$29425.31
11/7/2011,$28895.57
12/7/2011,$28834.53
13/7/2011,$28780.03
14/7/2011,$28581.65
15/7/2011,$28588.16
16/7/2011,$28588.16
17/7/2011,$28588.16
18/7/2011,$28455.79
19/7/2011,$28455.79
20/7/2011,$28438.67
21/7/2011,$28832.43
22/7/2011,$28851.69
23/7/2011,$28851.69
24/7/2011,$28851.69
25/7/2011,$28691.19
26/7/2011,$28584.19
27/7/2011,$27999.97
28/7/2011,$27999.97
29/7/2011,$27999.97
30/7/2011,$27999.97
31/7/2011,$27999.97
1/8/2011,$27999.97
2/8/2011,$27999.97
3/8/2011,$27999.97
4/8/2011,$27999.97
5/8/2011,$27999.97
6/8/2011,$27999.97
7/8/2011,$27999.97
8/8/2011,$27999.97
9/8/2011,$27999.97
10/8/2011,$27999.97
11/8/2011,$27999.97
12/8/2011,$27999.97
13/8/2011,$27999.97
14/8/2011,$27999.97
15/8/2011,$27999.97
16/8/2011,$27999.97
17/8/2011,$27999.97
18/8/2011,$27999.97
19/8/2011,$27999.97
20/8/2011,$27999.97
21/8/2011,$27999.97
22/8/2011,$27999.97
23/8/2011,$27999.97
24/8/2011,$27999.97
25/8/2011,$27999.97
26/8/2011,$27999.97
27/8/2011,$27999.97
28/8/2011,$27999.97
29/8/2011,$27999.97
30/8/2011,$27999.97
31/8/2011,$27999.97
1/9/2011,$27999.97
2/9/2011,$27999.97
3/9/2011,$27999.97
4/9/2011,$27999.97
5/9/2011,$27999.97
6/9/2011,$27999.97
7/9/2011,$27999.97
8/9/2011,$27999.97
9/9/2011,$27999.97
10/9/2011,$27999.97
11/9/2011,$27999.97
12/9/2011,$27999.97
13/9/2011,$27999.97
14/9/2011,$27999.97
15/9/2011,$27999.97
16/9/2011,$27999.97
17/9/2011,$27999.97
18/9/2011,$27999.97
19/9/2011,$27999.97
20/9/2011,$27999.97
21/9/2011,$27999.97
22/9/2011,$27999.97
23/9/2011,$27999.97
24/9/2011,$27999.97
25/9/2011,$27999.97
26/9/2011,$27999.97
27/9/2011,$27999.97
28/9/2011,$27999.97
29/9/2011,$27999.97
30/9/2011,$27999.97
1/10/2011,$27999.97
2/10/2011,$27999.97
3/10/2011,$27999.97
4/10/2011,$27999.97
5/10/2011,$27999.97
6/10/2011,$27999.97
7/10/2011,$27999.97
8/10/2011,$27999.97
9/10/2011,$27999.97
10/10/2011,$27999.97
11/10/2011,$28028.05
12/10/2011,$28273.75
13/10/2011,$28217.59
14/10/2011,$28699.63
15/10/2011,$28699.63
16/10/2011,$28699.63
17/10/2011,$28152.07
18/10/2011,$28701.97
19/10/2011,$28362.67
20/10/2011,$28486.69
21/10/2011,$29027.23
22/10/2011,$29027.23
23/10/2011,$29027.23
24/10/2011,$29382.91
25/10/2011,$28811.95
26/10/2011,$29104.45
27/10/2011,$30117.67
28/10/2011,$30110.65
29/10/2011,$30110.65
30/10/2011,$30110.65
31/10/2011,$29385.25
1/11/2011,$28566.25
2/11/2011,$29031.91
3/11/2011,$29560.75
4/11/2011,$29380.57
5/11/2011,$29380.57
6/11/2011,$29380.57
7/11/2011,$29563.09
8/11/2011,$29942.17
9/11/2011,$28837.69
10/11/2011,$29109.13
11/11/2011,$29656.69
12/11/2011,$29656.69
13/11/2011,$29656.69
14/11/2011,$29375.89
15/11/2011,$29520.97
16/11/2011,$29052.97
17/11/2011,$28591.99
18/11/2011,$28561.57
19/11/2011,$28561.57
20/11/2011,$28561.57
21/11/2011,$28145.05
22/11/2011,$28145.05
23/11/2011,$28145.05
24/11/2011,$28145.05
25/11/2011,$28145.05
26/11/2011,$28145.05
27/11/2011,$28145.05
28/11/2011,$28145.05
29/11/2011,$28145.05
30/11/2011,$28485.55
1/12/2011,$28481.01
2/12/2011,$28456.04
3/12/2011,$28456.04
4/12/2011,$28456.04
5/12/2011,$28764.76
6/12/2011,$28773.84
7/12/2011,$28880.53
8/12/2011,$28249.47
9/12/2011,$28726.17
10/12/2011,$28726.17
11/12/2011,$28726.17
12/12/2011,$28308.49
13/12/2011,$28045.17
14/12/2011,$27933.94
15/12/2011,$27933.94
16/12/2011,$27933.94
17/12/2011,$27933.94
18/12/2011,$27933.94
19/12/2011,$27933.94
20/12/2011,$27933.94
21/12/2011,$27987.94
22/12/2011,$28235.44
23/12/2011,$28487.44
24/12/2011,$28487.44
25/12/2011,$28487.44
26/12/2011,$28487.44
27/12/2011,$28509.94
28/12/2011,$28136.44
29/12/2011,$28426.69
30/12/2011,$28287.19
31/12/2011,$28287.19
1/1/2012,$28287.19
2/1/2012,$28287.19
3/1/2012,$28737.19
4/1/2012,$28782.19
5/1/2012,$28858.69
6/1/2012,$28784.44
7/1/2012,$28784.44
8/1/2012,$28784.44
9/1/2012,$28854.19
10/1/2012,$29103.94
11/1/2012,$29119.69
12/1/2012,$29189.44
13/1/2012,$29038.69
14/1/2012,$29038.69
15/1/2012,$29038.69
16/1/2012,$29038.69
17/1/2012,$29151.19
18/1/2012,$29472.94
19/1/2012,$29628.19
20/1/2012,$29738.44
21/1/2012,$29738.44
22/1/2012,$29738.44
23/1/2012,$29661.94
24/1/2012,$29628.19
25/1/2012,$29875.69
26/1/2012,$29722.69
27/1/2012,$29709.19
28/1/2012,$29709.19
29/1/2012,$29709.19
30/1/2012,$29607.94
31/1/2012,$29596.69
1/2/2012,$29855.44
2/2/2012,$29902.69
3/2/2012,$30321.19
4/2/2012,$30321.19
5/2/2012,$30321.19
6/2/2012,$30300.94
7/2/2012,$30377.44
8/2/2012,$30467.44
9/2/2012,$30505.69
10/2/2012,$30280.69
11/2/2012,$30280.69
12/2/2012,$30280.69
13/2/2012,$30505.69
14/2/2012,$30467.44
15/2/2012,$30325.69
16/2/2012,$30660.94
17/2/2012,$30741.94
18/2/2012,$30741.94
19/2/2012,$30741.94
20/2/2012,$30741.94
21/2/2012,$30755.44
22/2/2012,$30656.44
23/2/2012,$30791.44
24/2/2012,$30858.94
25/2/2012,$30858.94
26/2/2012,$30858.94
27/2/2012,$30910.69
28/2/2012,$31000.69
29/2/2012,$30879.19
1/3/2012,$31038.94
2/3/2012,$30944.44
3/3/2012,$30944.44
4/3/2012,$30944.44
5/3/2012,$30818.44
6/3/2012,$30368.44
7/3/2012,$30579.94
8/3/2012,$30883.69
9/3/2012,$31002.94
10/3/2012,$31002.94
11/3/2012,$31002.94
12/3/2012,$31005.19
13/3/2012,$31563.19
14/3/2012,$31529.44
15/3/2012,$31711.69
16/3/2012,$31755.34
17/3/2012,$31755.34
18/3/2012,$31755.34
19/3/2012,$31879.09
20/3/2012,$31786.84
21/3/2012,$31735.09
22/3/2012,$31507.84
23/3/2012,$31609.09
24/3/2012,$31609.09
25/3/2012,$31609.09
26/3/2012,$32050.09
27/3/2012,$31951.09
28/3/2012,$31793.59
29/3/2012,$31739.59
30/3/2012,$31870.09
31/3/2012,$31870.09
1/4/2012,$31870.09
2/4/2012,$32101.84
3/4/2012,$31971.34
4/4/2012,$31656.34
5/4/2012,$31640.59
6/4/2012,$31640.59
7/4/2012,$31640.59
8/4/2012,$31640.59
9/4/2012,$31287.34
10/4/2012,$30765.34
11/4/2012,$30765.34
12/4/2012,$30765.34
13/4/2012,$30400.69
14/4/2012,$30400.69
15/4/2012,$30400.69
16/4/2012,$30226.89
17/4/2012,$30226.89
18/4/2012,$30124.90
19/4/2012,$29931.77
20/4/2012,$29849.69
21/4/2012,$29849.69
22/4/2012,$29849.69
23/4/2012,$29849.69
24/4/2012,$29849.69
25/4/2012,$29965.79
26/4/2012,$30174.34
27/4/2012,$30223.79
28/4/2012,$30223.79
29/4/2012,$30223.79
30/4/2012,$30111.99
1/5/2012,$30299.04
2/5/2012,$30208.74
3/5/2012,$29978.69
4/5/2012,$29821.74
5/5/2012,$29821.74
6/5/2012,$29821.74
7/5/2012,$29821.74
8/5/2012,$29821.74
9/5/2012,$29821.74
10/5/2012,$29821.74
11/5/2012,$29821.74
12/5/2012,$29821.74
13/5/2012,$29821.74
14/5/2012,$29821.74
15/5/2012,$29821.74
16/5/2012,$29821.74
17/5/2012,$29821.74
18/5/2012,$29821.74
19/5/2012,$29821.74
20/5/2012,$29821.74
21/5/2012,$29821.74
22/5/2012,$29821.74
23/5/2012,$29821.74
24/5/2012,$29821.74
25/5/2012,$29821.74
26/5/2012,$29821.74
27/5/2012,$29821.74
28/5/2012,$29821.74
29/5/2012,$29821.74
30/5/2012,$29821.74
31/5/2012,$29821.74
1/6/2012,$29821.74
2/6/2012,$29821.74
3/6/2012,$29821.74
4/6/2012,$29821.74
5/6/2012,$29821.74
6/6/2012,$29821.74
7/6/2012,$29821.74
8/6/2012,$29821.74
9/6/2012,$29821.74
10/6/2012,$29821.74
11/6/2012,$29821.74
12/6/2012,$29821.74
13/6/2012,$29821.74
14/6/2012,$29821.74
15/6/2012,$29821.74
16/6/2012,$29821.74
17/6/2012,$29821.74
18/6/2012,$29821.74
19/6/2012,$29958.14
20/6/2012,$29909.74
21/6/2012,$29240.94
22/6/2012,$29240.94
23/6/2012,$29240.94
24/6/2012,$29240.94
25/6/2012,$29240.94
26/6/2012,$29240.94
27/6/2012,$29240.94
28/6/2012,$29240.94
29/6/2012,$29435.34
30/6/2012,$29435.34
1/7/2012,$29435.34
2/7/2012,$29523.90
3/7/2012,$29718.30
4/7/2012,$29718.30
5/7/2012,$29584.38
6/7/2012,$29303.58
7/7/2012,$29303.58
8/7/2012,$29303.58
9/7/2012,$29266.86
10/7/2012,$29011.98
11/7/2012,$29016.30
12/7/2012,$28847.82
13/7/2012,$29254.17
14/7/2012,$29254.17
15/7/2012,$29254.17
16/7/2012,$29185.37
17/7/2012,$29385.32
18/7/2012,$29602.47
19/7/2012,$29679.87
20/7/2012,$29408.97
21/7/2012,$29408.97
22/7/2012,$29408.97
23/7/2012,$29112.27
24/7/2012,$28862.87
25/7/2012,$28869.32
26/7/2012,$29344.47
27/7/2012,$29884.12
28/7/2012,$29884.12
29/7/2012,$29884.12
30/7/2012,$29884.12
31/7/2012,$29675.57
1/8/2012,$29649.77
2/8/2012,$29445.52
3/8/2012,$30028.17
4/8/2012,$30028.17
5/8/2012,$30028.17
6/8/2012,$30086.22
7/8/2012,$30236.72
8/8/2012,$30273.27
9/8/2012,$30299.07
10/8/2012,$30348.52
11/8/2012,$30348.52
12/8/2012,$30348.52
13/8/2012,$30333.47
14/8/2012,$30337.77
15/8/2012,$30372.17
16/8/2012,$30595.77
17/8/2012,$30636.62
18/8/2012,$30636.62
19/8/2012,$30636.62
20/8/2012,$30638.77
21/8/2012,$30546.32
22/8/2012,$30559.22
23/8/2012,$30309.82
24/8/2012,$30492.57
25/8/2012,$30492.57
26/8/2012,$30492.57
27/8/2012,$30499.02
28/8/2012,$30468.92
29/8/2012,$30492.57
30/8/2012,$30273.27
31/8/2012,$30417.32
1/9/2012,$30417.32
2/9/2012,$30417.32
3/9/2012,$30417.32
4/9/2012,$30389.37
5/9/2012,$30363.57
6/9/2012,$30978.47
7/9/2012,$31098.87
8/9/2012,$31098.87
9/9/2012,$31098.87
10/9/2012,$30922.57
11/9/2012,$31008.57
12/9/2012,$31111.77
13/9/2012,$31584.77
14/9/2012,$31724.52
15/9/2012,$31724.52
16/9/2012,$31724.52
17/9/2012,$31617.02
18/9/2012,$31591.22
19/9/2012,$31608.42
20/9/2012,$31610.57
21/9/2012,$31597.46
22/9/2012,$31597.46
23/9/2012,$31597.46
24/9/2012,$31550.16
25/9/2012,$31216.91
26/9/2012,$31042.76
27/9/2012,$31333.01
28/9/2012,$31188.96
29/9/2012,$31188.96
30/9/2012,$31188.96
1/10/2012,$31270.66
2/10/2012,$31302.91
3/10/2012,$31429.76
4/10/2012,$31653.36
5/10/2012,$31655.51
6/10/2012,$31655.51
7/10/2012,$31655.51
8/10/2012,$31548.01
9/10/2012,$31238.41
10/10/2012,$31040.61
11/10/2012,$31057.81
12/10/2012,$30956.76
13/10/2012,$30956.76
14/10/2012,$30956.76
15/10/2012,$30956.76
16/10/2012,$31269.20
17/10/2012,$31410.44
18/10/2012,$31329.12
19/10/2012,$30809.10
20/10/2012,$30809.10
21/10/2012,$30809.10
22/10/2012,$30809.10
23/10/2012,$30809.10
24/10/2012,$30809.10
25/10/2012,$30809.10
26/10/2012,$30809.10
27/10/2012,$30809.10
28/10/2012,$30809.10
29/10/2012,$30809.10
30/10/2012,$30809.10
31/10/2012,$30809.10
1/11/2012,$30809.10
2/11/2012,$30809.10
3/11/2012,$30809.10
4/11/2012,$30809.10
5/11/2012,$30809.10
6/11/2012,$30809.10
7/11/2012,$30809.10
8/11/2012,$30809.10
9/11/2012,$30809.10
10/11/2012,$30809.10
11/11/2012,$30809.10
12/11/2012,$30809.10
13/11/2012,$30809.10
14/11/2012,$30809.10
15/11/2012,$30809.10
16/11/2012,$30809.10
17/11/2012,$30809.10
18/11/2012,$30809.10
19/11/2012,$30809.10
20/11/2012,$30809.10
21/11/2012,$30809.10
22/11/2012,$30809.10
23/11/2012,$30809.10
24/11/2012,$30809.10
25/11/2012,$30809.10
26/11/2012,$30809.10
27/11/2012,$30809.10
28/11/2012,$30809.10
29/11/2012,$30809.10
30/11/2012,$30809.10
1/12/2012,$30809.10
2/12/2012,$30809.10
3/12/2012,$30518.85
4/12/2012,$30518.85
5/12/2012,$30518.85
6/12/2012,$30518.85
7/12/2012,$30610.87
8/12/2012,$30610.87
9/12/2012,$30610.87
10/12/2012,$30623.71
11/12/2012,$30831.29
12/12/2012,$30846.27
13/12/2012,$30657.95
14/12/2012,$30544.53
15/12/2012,$30544.53
16/12/2012,$30544.53
17/12/2012,$30901.91
18/12/2012,$31244.31
19/12/2012,$31013.19
20/12/2012,$31190.81
21/12/2012,$30910.90
22/12/2012,$30910.90
23/12/2012,$30910.90
24/12/2012,$30816.74
25/12/2012,$30816.74
26/12/2012,$30688.34
27/12/2012,$30647.68
28/12/2012,$30647.68
29/12/2012,$30647.68
30/12/2012,$30647.68
31/12/2012,$30647.68
1/1/2013,$30647.68
2/1/2013,$31432.43
3/1/2013,$31361.48
4/1/2013,$31499.08
5/1/2013,$31499.08
6/1/2013,$31499.08
7/1/2013,$31413.08
8/1/2013,$31322.78
9/1/2013,$31402.33
10/1/2013,$31651.73
11/1/2013,$31649.58
12/1/2013,$31649.58
13/1/2013,$31649.58
14/1/2013,$31628.08
15/1/2013,$31649.58
16/1/2013,$31645.28
17/1/2013,$31849.53
18/1/2013,$31920.48
19/1/2013,$31920.48
20/1/2013,$31920.48
21/1/2013,$31920.48
22/1/2013,$32092.48
23/1/2013,$32144.08
24/1/2013,$32152.68
25/1/2013,$32333.28
26/1/2013,$32333.28
27/1/2013,$32333.28
28/1/2013,$32294.58
29/1/2013,$32421.43
30/1/2013,$32294.58
31/1/2013,$32215.03
1/2/2013,$32546.13
2/2/2013,$32546.13
3/2/2013,$32546.13
4/2/2013,$32180.63
5/2/2013,$32505.28
6/2/2013,$32528.93
7/2/2013,$32485.93
8/2/2013,$32666.53
9/2/2013,$32666.53
10/2/2013,$32666.53
11/2/2013,$32660.08
12/2/2013,$32713.83
13/2/2013,$32741.78
14/2/2013,$32771.88
15/2/2013,$32733.18
16/2/2013,$32733.18
17/2/2013,$32733.18
18/2/2013,$32733.18
19/2/2013,$32978.28
20/2/2013,$32567.63
21/2/2013,$32369.83
22/2/2013,$32685.88
23/2/2013,$32685.88
24/2/2013,$32685.88
25/2/2013,$32064.53
26/2/2013,$32283.83
27/2/2013,$32690.18
28/2/2013,$32625.68
1/3/2013,$32733.18
2/3/2013,$32733.18
3/3/2013,$32733.18
4/3/2013,$32907.33
5/3/2013,$33201.88
6/3/2013,$33247.03
7/3/2013,$33307.23
8/3/2013,$33449.13
9/3/2013,$33449.13
10/3/2013,$33449.13
11/3/2013,$33575.98
12/3/2013,$33500.73
13/3/2013,$33548.03
14/3/2013,$33726.48
15/3/2013,$33682.19
16/3/2013,$33682.19
17/3/2013,$33682.19
18/3/2013,$33497.29
19/3/2013,$33419.89
20/3/2013,$33652.09
21/3/2013,$33366.14
22/3/2013,$33632.74
23/3/2013,$33632.74
24/3/2013,$33632.74
25/3/2013,$33492.99
26/3/2013,$33759.59
27/3/2013,$33759.59
28/3/2013,$33862.79
29/3/2013,$33862.79
30/3/2013,$33862.79
31/3/2013,$33862.79
1/4/2013,$33729.49
2/4/2013,$33895.04
3/4/2013,$33553.19
4/4/2013,$33688.64
5/4/2013,$33538.14
6/4/2013,$33538.14
7/4/2013,$33538.14
8/4/2013,$33763.89
9/4/2013,$33879.99
10/4/2013,$34292.79
11/4/2013,$34404.59
12/4/2013,$34320.74
13/4/2013,$34320.74
14/4/2013,$34320.74
15/4/2013,$33529.54
16/4/2013,$34021.89
17/4/2013,$33527.39
18/4/2013,$33318.84
19/4/2013,$33529.54
20/4/2013,$33529.54
21/4/2013,$33529.54
22/4/2013,$33677.89
23/4/2013,$34024.04
24/4/2013,$34045.54
25/4/2013,$34183.14
26/4/2013,$34122.94
27/4/2013,$34122.94
28/4/2013,$34122.94
29/4/2013,$34350.84
30/4/2013,$34432.54
1/5/2013,$34131.54
2/5/2013,$34447.59
3/5/2013,$34795.89
4/5/2013,$34795.89
5/5/2013,$34795.89
6/5/2013,$34884.04
7/5/2013,$35060.34
8/5/2013,$35219.44
9/5/2013,$35120.54
10/5/2013,$35234.49
11/5/2013,$35234.49
12/5/2013,$35234.49
13/5/2013,$35262.44
14/5/2013,$35625.79
15/5/2013,$35817.14
16/5/2013,$35649.44
17/5/2013,$35993.44
18/5/2013,$35993.44
19/5/2013,$35993.44
20/5/2013,$35991.29
21/5/2013,$36042.89
22/5/2013,$35776.29
23/5/2013,$35673.09
24/5/2013,$35642.99
25/5/2013,$35642.99
26/5/2013,$35642.99
27/5/2013,$35642.99
28/5/2013,$35855.84
29/5/2013,$35623.64
30/5/2013,$35754.79
31/5/2013,$35243.09
1/6/2013,$35243.09
2/6/2013,$35243.09
3/6/2013,$35436.59
4/6/2013,$35266.74
5/6/2013,$34774.39
6/6/2013,$35088.29
7/6/2013,$35533.34
8/6/2013,$35533.34
9/6/2013,$35533.34
10/6/2013,$35533.34
11/6/2013,$35167.84
12/6/2013,$34877.59
13/6/2013,$35406.49
14/6/2013,$35185.04
15/6/2013,$35185.04
16/6/2013,$35185.04
17/6/2013,$35455.94
18/6/2013,$35735.44
19/6/2013,$35243.09
20/6/2013,$34901.24
21/6/2013,$34901.24
22/6/2013,$34901.24
23/6/2013,$34901.24
24/6/2013,$34901.24
25/6/2013,$34901.24
26/6/2013,$34901.24
27/6/2013,$34901.24
28/6/2013,$34901.24
29/6/2013,$34901.24
30/6/2013,$34901.24
1/7/2013,$34901.24
2/7/2013,$34901.24
3/7/2013,$34901.24
4/7/2013,$34901.24
5/7/2013,$34901.24
6/7/2013,$34901.24
7/7/2013,$34901.24
8/7/2013,$35100.26
9/7/2013,$35352.78
10/7/2013,$35365.62
11/7/2013,$35847.12
12/7/2013,$35862.10
13/7/2013,$35862.10
14/7/2013,$35862.10
15/7/2013,$35999.06
16/7/2013,$35864.24
17/7/2013,$35956.26
18/7/2013,$36153.14
19/7/2013,$36217.34
20/7/2013,$36217.34
21/7/2013,$36217.34
22/7/2013,$36287.96
23/7/2013,$36210.92
24/7/2013,$36078.24
25/7/2013,$36165.98
26/7/2013,$36204.50
27/7/2013,$36204.50
28/7/2013,$36204.50
29/7/2013,$36093.22
30/7/2013,$36093.22
31/7/2013,$36118.90
1/8/2013,$36536.20
2/8/2013,$36598.26
3/8/2013,$36598.26
4/8/2013,$36598.26
5/8/2013,$36544.76
6/8/2013,$36337.18
7/8/2013,$36219.48
8/8/2013,$36352.16
9/8/2013,$36247.30
10/8/2013,$36247.30
11/8/2013,$36247.30
12/8/2013,$36204.50
13/8/2013,$36311.50
14/8/2013,$36125.32
15/8/2013,$35620.28
16/8/2013,$35502.58
17/8/2013,$35502.58
18/8/2013,$35502.58
19/8/2013,$35461.92
20/8/2013,$35461.92
21/8/2013,$35461.92
22/8/2013,$35461.92
23/8/2013,$35581.20
24/8/2013,$35581.20
25/8/2013,$35581.20
26/8/2013,$35449.14
27/8/2013,$35449.14
28/8/2013,$35449.14
29/8/2013,$35449.14
30/8/2013,$35449.14
31/8/2013,$35449.14
1/9/2013,$35449.14
2/9/2013,$35449.14
3/9/2013,$35449.14
4/9/2013,$35449.14
5/9/2013,$35449.14
6/9/2013,$35449.14
7/9/2013,$35449.14
8/9/2013,$35449.14
9/9/2013,$35449.14
10/9/2013,$35710.78
11/9/2013,$35822.61
12/9/2013,$35727.66
13/9/2013,$35807.84
14/9/2013,$35807.84
15/9/2013,$35807.84
16/9/2013,$36014.62
17/9/2013,$36174.98
18/9/2013,$36592.76
19/9/2013,$36531.57
20/9/2013,$36277.95
21/9/2013,$36277.95
22/9/2013,$36277.95
23/9/2013,$36111.26
24/9/2013,$36026.86
25/9/2013,$35923.47
26/9/2013,$36060.62
27/9/2013,$35896.04
28/9/2013,$35896.04
29/9/2013,$35896.04
30/9/2013,$35594.31
1/10/2013,$35594.31
2/10/2013,$35560.71
3/10/2013,$35233.11
4/10/2013,$35233.11
5/10/2013,$35233.11
6/10/2013,$35233.11
7/10/2013,$34927.35
8/10/2013,$34927.35
9/10/2013,$34927.35
10/10/2013,$34927.35
11/10/2013,$35151.89
12/10/2013,$35151.89
13/10/2013,$35151.89
14/10/2013,$35291.97
15/10/2013,$35036.53
16/10/2013,$35524.75
17/10/2013,$35761.65
18/10/2013,$36002.67
19/10/2013,$36002.67
20/10/2013,$36002.67
21/10/2013,$36004.73
22/10/2013,$36212.79
23/10/2013,$36039.75
24/10/2013,$36159.23
25/10/2013,$36324.03
26/10/2013,$36324.03
27/10/2013,$36324.03
28/10/2013,$36381.71
29/10/2013,$36575.35
30/10/2013,$36394.07
31/10/2013,$36291.07
1/11/2013,$36377.59
2/11/2013,$36377.59
3/11/2013,$36377.59
4/11/2013,$36505.31
5/11/2013,$36389.95
6/11/2013,$36575.35
7/11/2013,$36113.91
8/11/2013,$36600.07
9/11/2013,$36600.07
10/11/2013,$36600.07
11/11/2013,$36606.25
12/11/2013,$36532.09
13/11/2013,$36824.61
14/11/2013,$37007.95
15/11/2013,$37168.63
16/11/2013,$37168.63
17/11/2013,$37168.63
18/11/2013,$37038.85
19/11/2013,$36958.51
20/11/2013,$36843.15
21/11/2013,$37139.79
22/11/2013,$37325.19
23/11/2013,$37325.19
24/11/2013,$37325.19
25/11/2013,$37288.11
26/11/2013,$37298.41
27/11/2013,$37389.05
28/11/2013,$37389.05
29/11/2013,$37364.33
30/11/2013,$37364.33
1/12/2013,$37364.33
2/12/2013,$37267.51
3/12/2013,$37106.83
4/12/2013,$37102.71
5/12/2013,$36939.97
6/12/2013,$37351.97
7/12/2013,$37351.97
8/12/2013,$37351.97
9/12/2013,$37446.73
10/12/2013,$37312.83
11/12/2013,$36894.65
12/12/2013,$36773.11
13/12/2013,$36768.99
14/12/2013,$36768.99
15/12/2013,$36768.99
16/12/2013,$36997.65
17/12/2013,$36880.23
18/12/2013,$37508.53
19/12/2013,$37465.27
20/12/2013,$37681.57
21/12/2013,$37681.57
22/12/2013,$37681.57
23/12/2013,$37881.39
24/12/2013,$37963.79
25/12/2013,$37963.79
26/12/2013,$38155.37
27/12/2013,$38153.31
28/12/2013,$38153.31
29/12/2013,$38153.31
30/12/2013,$38147.13
31/12/2013,$38326.35
1/1/2014,$38326.35
2/1/2014,$37961.73
3/1/2014,$37955.55
4/1/2014,$37955.55
5/1/2014,$37955.55
6/1/2014,$37846.37
7/1/2014,$38077.09
8/1/2014,$38085.33
9/1/2014,$38110.05
10/1/2014,$38213.05
11/1/2014,$38213.05
12/1/2014,$38213.05
13/1/2014,$37708.35
14/1/2014,$38116.23
15/1/2014,$38320.17
16/1/2014,$38270.73
17/1/2014,$38110.05
18/1/2014,$38110.05
19/1/2014,$38110.05
20/1/2014,$38110.05
21/1/2014,$38221.29
22/1/2014,$38246.01
23/1/2014,$37934.95
24/1/2014,$37131.55
25/1/2014,$37131.55
26/1/2014,$37131.55
27/1/2014,$37131.55
28/1/2014,$37131.55
29/1/2014,$37131.55
30/1/2014,$37131.55
31/1/2014,$37131.55
1/2/2014,$37131.55
2/2/2014,$37131.55
3/2/2014,$37131.55
4/2/2014,$37131.55
5/2/2014,$37131.55
6/2/2014,$37131.55
7/2/2014,$37131.55
8/2/2014,$37131.55
9/2/2014,$37131.55
10/2/2014,$37131.55
11/2/2014,$37131.55
12/2/2014,$37149.91
13/2/2014,$36898.99
14/2/2014,$37102.00
15/2/2014,$37102.00
16/2/2014,$37102.00
17/2/2014,$37102.00
18/2/2014,$37146.22
19/2/2014,$36901.00
20/2/2014,$37118.08
21/2/2014,$37075.87
22/2/2014,$37075.87
23/2/2014,$37075.87
24/2/2014,$37280.89
25/2/2014,$37266.82
26/2/2014,$37268.83
27/2/2014,$37463.80
28/2/2014,$37558.27
1/3/2014,$37558.27
2/3/2014,$37558.27
3/3/2014,$37294.96
4/3/2014,$37817.56
5/3/2014,$37851.73
6/3/2014,$37938.16
7/3/2014,$37954.24
8/3/2014,$37954.24
9/3/2014,$37954.24
10/3/2014,$37934.14
11/3/2014,$37747.21
12/3/2014,$37757.26
13/3/2014,$37335.16
14/3/2014,$37230.64
15/3/2014,$37230.64
16/3/2014,$37230.64
17/3/2014,$37566.31
18/3/2014,$37833.64
19/3/2014,$37632.64
20/3/2014,$37851.73
21/3/2014,$37706.01
22/3/2014,$37706.01
23/3/2014,$37706.01
24/3/2014,$37551.24
25/3/2014,$37728.12
26/3/2014,$37458.78
27/3/2014,$37380.39
28/3/2014,$37563.30
29/3/2014,$37563.30
30/3/2014,$37563.30
31/3/2014,$37868.82
1/4/2014,$38118.06
2/4/2014,$38244.69
3/4/2014,$38194.44
4/4/2014,$37746.21
5/4/2014,$37746.21
6/4/2014,$37746.21
7/4/2014,$37332.15
8/4/2014,$37484.91
9/4/2014,$37884.90
10/4/2014,$37094.97
11/4/2014,$37094.97
12/4/2014,$37094.97
13/4/2014,$37094.97
14/4/2014,$37094.97
15/4/2014,$37094.97
16/4/2014,$37226.97
17/4/2014,$37278.97
18/4/2014,$37278.97
19/4/2014,$37278.97
20/4/2014,$37278.97
21/4/2014,$37408.97
22/4/2014,$37578.97
23/4/2014,$37490.97
24/4/2014,$37566.97
25/4/2014,$37258.97
26/4/2014,$37258.97
27/4/2014,$37258.97
28/4/2014,$37376.97
29/4/2014,$37550.97
30/4/2014,$37662.97
1/5/2014,$37666.97
2/5/2014,$37612.97
3/5/2014,$37612.97
4/5/2014,$37612.97
5/5/2014,$37684.97
6/5/2014,$37356.97
7/5/2014,$37576.97
8/5/2014,$37536.97
9/5/2014,$37592.97
10/5/2014,$37592.97
11/5/2014,$37592.97
12/5/2014,$37958.97
13/5/2014,$37992.97
14/5/2014,$37812.97
15/5/2014,$37480.97
16/5/2014,$37610.97
17/5/2014,$37610.97
18/5/2014,$37610.97
19/5/2014,$37748.97
20/5/2014,$37510.97
21/5/2014,$37826.97
22/5/2014,$37918.97
23/5/2014,$38070.97
24/5/2014,$38070.97
25/5/2014,$38070.97
26/5/2014,$38070.97
27/5/2014,$38304.97
28/5/2014,$38276.97
29/5/2014,$38474.97
30/5/2014,$38536.97
31/5/2014,$38536.97
1/6/2014,$38536.97
2/6/2014,$38580.97
3/6/2014,$38560.97
4/6/2014,$38638.97
5/6/2014,$38890.97
6/6/2014,$39076.97
7/6/2014,$39076.97
8/6/2014,$39076.97
9/6/2014,$39116.97
10/6/2014,$39120.97
11/6/2014,$38984.97
12/6/2014,$38708.97
13/6/2014,$38826.97
14/6/2014,$38826.97
15/6/2014,$38826.97
16/6/2014,$38858.97
17/6/2014,$38966.97
18/6/2014,$39252.97
19/6/2014,$39296.97
20/6/2014,$39376.37
21/6/2014,$39376.37
22/6/2014,$39376.37
23/6/2014,$39364.37
24/6/2014,$39128.37
25/6/2014,$39304.37
26/6/2014,$39276.37
27/6/2014,$39352.37
28/6/2014,$39352.37
29/6/2014,$39352.37
30/6/2014,$39332.37
1/7/2014,$39594.37
2/7/2014,$39634.37
3/7/2014,$39828.37
4/7/2014,$39828.37
5/7/2014,$39828.37
6/7/2014,$39828.37
7/7/2014,$39690.37
8/7/2014,$39436.37
9/7/2014,$39612.37
10/7/2014,$39456.37
11/7/2014,$39510.37
12/7/2014,$39510.37
13/7/2014,$39510.37
14/7/2014,$39708.37
15/7/2014,$39634.37
16/7/2014,$39780.37
17/7/2014,$39330.37
18/7/2014,$39730.37
19/7/2014,$39730.37
20/7/2014,$39730.37
21/7/2014,$39656.37
22/7/2014,$39828.37
23/7/2014,$39916.37
24/7/2014,$39918.37
25/7/2014,$39732.37
26/7/2014,$39732.37
27/7/2014,$39732.37
28/7/2014,$39748.37
29/7/2014,$39578.37
30/7/2014,$39584.37
31/7/2014,$38806.37
1/8/2014,$38806.37
2/8/2014,$38806.37
3/8/2014,$38806.37
4/8/2014,$38806.37
5/8/2014,$38806.37
6/8/2014,$38806.37
7/8/2014,$38806.37
8/8/2014,$38806.37
9/8/2014,$38806.37
10/8/2014,$38806.37
11/8/2014,$38806.37
12/8/2014,$38806.37
13/8/2014,$38806.37
14/8/2014,$38806.37
15/8/2014,$38798.45
16/8/2014,$38798.45
17/8/2014,$38798.45
18/8/2014,$39123.17
19/8/2014,$39327.11
20/8/2014,$39432.05
21/8/2014,$39546.89
22/8/2014,$39485.51
23/8/2014,$39485.51
24/8/2014,$39485.51
25/8/2014,$39685.49
26/8/2014,$39711.23
27/8/2014,$39695.39
28/8/2014,$39673.61
29/8/2014,$39786.47
30/8/2014,$39786.47
31/8/2014,$39786.47
1/9/2014,$39786.47
2/9/2014,$39766.67
3/9/2014,$39744.89
4/9/2014,$39687.47
5/9/2014,$39865.67
6/9/2014,$39865.67
7/9/2014,$39865.67
8/9/2014,$39762.71
9/9/2014,$39511.25
10/9/2014,$39659.75
11/9/2014,$39705.29
12/9/2014,$39473.63
13/9/2014,$39473.63
14/9/2014,$39473.63
15/9/2014,$39443.93
16/9/2014,$39740.93
17/9/2014,$39794.39
18/9/2014,$40006.25
19/9/2014,$39970.41
20/9/2014,$39970.41
21/9/2014,$39970.41
22/9/2014,$39663.51
23/9/2014,$39437.79
24/9/2014,$39744.69
25/9/2014,$39107.13
26/9/2014,$39107.13
27/9/2014,$39107.13
28/9/2014,$39107.13
29/9/2014,$38772.23
30/9/2014,$38772.23
1/10/2014,$38772.23
2/10/2014,$38772.23
3/10/2014,$38772.23
4/10/2014,$38772.23
5/10/2014,$38772.23
6/10/2014,$38772.23
7/10/2014,$38772.23
8/10/2014,$38772.23
9/10/2014,$38772.23
10/10/2014,$38772.23
11/10/2014,$38772.23
12/10/2014,$38772.23
13/10/2014,$38772.23
14/10/2014,$38772.23
15/10/2014,$38772.23
16/10/2014,$38772.23
17/10/2014,$38772.23
18/10/2014,$38772.23
19/10/2014,$38772.23
20/10/2014,$38772.23
21/10/2014,$38772.23
22/10/2014,$38772.23
23/10/2014,$38772.23
24/10/2014,$38772.23
25/10/2014,$38772.23
26/10/2014,$38772.23
27/10/2014,$38772.23
28/10/2014,$38772.23
29/10/2014,$38713.73
30/10/2014,$38961.38
31/10/2014,$39405.98
1/11/2014,$39405.98
2/11/2014,$39405.98
3/11/2014,$39427.43
4/11/2014,$39290.93
5/11/2014,$39538.58
6/11/2014,$39696.53
7/11/2014,$39733.58
8/11/2014,$39733.58
9/11/2014,$39733.58
10/11/2014,$39858.38
11/11/2014,$39897.38
12/11/2014,$39854.48
13/11/2014,$39899.33
14/11/2014,$39909.08
15/11/2014,$39909.08
16/11/2014,$39909.08
17/11/2014,$39934.43
18/11/2014,$40164.53
19/11/2014,$40100.18
20/11/2014,$40170.38
21/11/2014,$40384.88
22/11/2014,$40384.88
23/11/2014,$40384.88
24/11/2014,$40497.98
25/11/2014,$40468.73
26/11/2014,$40572.08
27/11/2014,$40572.08
28/11/2014,$40486.28
29/11/2014,$40486.28
30/11/2014,$40486.28
1/12/2014,$40205.48
2/12/2014,$40464.83
3/12/2014,$40620.83
4/12/2014,$40575.98
5/12/2014,$40642.28
6/12/2014,$40642.28
7/12/2014,$40642.28
8/12/2014,$40371.23
9/12/2014,$40343.93
10/12/2014,$39698.48
11/12/2014,$39899.33
12/12/2014,$39255.83
13/12/2014,$39255.83
14/12/2014,$39255.83
15/12/2014,$38986.73
16/12/2014,$38986.73
17/12/2014,$38986.73
18/12/2014,$39949.80
19/12/2014,$40118.68
20/12/2014,$40118.68
21/12/2014,$40118.68
22/12/2014,$40302.03
23/12/2014,$40356.07
24/12/2014,$40359.93
25/12/2014,$40359.93
26/12/2014,$40489.24
27/12/2014,$40489.24
28/12/2014,$40489.24
29/12/2014,$40543.28
30/12/2014,$40327.12
31/12/2014,$39929.54
1/1/2015,$39929.54
2/1/2015,$39908.31
3/1/2015,$39908.31
4/1/2015,$39908.31
5/1/2015,$39192.28
6/1/2015,$39192.28
7/1/2015,$39192.28
8/1/2015,$39192.28
9/1/2015,$38878.78
10/1/2015,$38878.78
11/1/2015,$38878.78
12/1/2015,$38878.78
13/1/2015,$38878.78
14/1/2015,$38878.78
15/1/2015,$38878.78
16/1/2015,$38878.78
17/1/2015,$38878.78
18/1/2015,$38878.78
19/1/2015,$38878.78
20/1/2015,$38878.78
21/1/2015,$38878.78
22/1/2015,$38878.78
23/1/2015,$38666.34
24/1/2015,$38666.34
25/1/2015,$38666.34
26/1/2015,$38617.46
27/1/2015,$38153.70
28/1/2015,$38153.70
29/1/2015,$38153.70
30/1/2015,$38153.70
31/1/2015,$38153.70
1/2/2015,$38153.70
2/2/2015,$38153.70
3/2/2015,$38153.70
4/2/2015,$37982.58
5/2/2015,$38215.68
6/2/2015,$38110.23
7/2/2015,$38110.23
8/2/2015,$38110.23
9/2/2015,$37940.03
10/2/2015,$38343.33
11/2/2015,$38365.53
12/2/2015,$38733.68
13/2/2015,$38892.78
14/2/2015,$38892.78
15/2/2015,$38892.78
16/2/2015,$38892.78
17/2/2015,$38953.83
18/2/2015,$38957.53
19/2/2015,$38929.78
20/2/2015,$39162.88
21/2/2015,$39162.88
22/2/2015,$39162.88
23/2/2015,$39157.33
24/2/2015,$39268.33
25/2/2015,$39235.03
26/2/2015,$39188.78
27/2/2015,$39055.58
28/2/2015,$39055.58
1/3/2015,$39055.58
2/3/2015,$39301.63
3/3/2015,$39140.68
4/3/2015,$38976.03
5/3/2015,$39018.58
6/3/2015,$38470.98
7/3/2015,$38470.98
8/3/2015,$38470.98
9/3/2015,$38630.08
10/3/2015,$38004.78
11/3/2015,$38004.78
12/3/2015,$38004.78
13/3/2015,$37772.37
14/3/2015,$37772.37
15/3/2015,$37772.37
16/3/2015,$38112.71
17/3/2015,$37999.87
18/3/2015,$38454.87
19/3/2015,$38280.15
20/3/2015,$38615.21
21/3/2015,$38615.21
22/3/2015,$38615.21
23/3/2015,$38540.59
24/3/2015,$38325.83
25/3/2015,$37768.91
26/3/2015,$37768.91
27/3/2015,$37768.91
28/3/2015,$37768.91
29/3/2015,$37768.91
30/3/2015,$37768.91
31/3/2015,$37439.49
1/4/2015,$37439.49
2/4/2015,$37439.49
3/4/2015,$37439.49
4/4/2015,$37439.49
5/4/2015,$37439.49
6/4/2015,$37439.49
7/4/2015,$37340.49
8/4/2015,$37417.46
9/4/2015,$37582.14
10/4/2015,$37786.20
11/4/2015,$37786.20
12/4/2015,$37786.20
13/4/2015,$37616.15
14/4/2015,$37687.75
15/4/2015,$37856.01
16/4/2015,$37845.27
17/4/2015,$37412.09
18/4/2015,$37412.09
19/4/2015,$37412.09
20/4/2015,$37552.71
21/4/2015,$37508.21
22/4/2015,$37691.55
23/4/2015,$37785.89
24/4/2015,$37873.11
25/4/2015,$37873.11
26/4/2015,$37873.11
27/4/2015,$37716.47
28/4/2015,$37835.73
29/4/2015,$37680.87
30/4/2015,$37305.29
1/5/2015,$37540.25
2/5/2015,$37540.25
3/5/2015,$37540.25
4/5/2015,$37647.05
5/5/2015,$37216.29
6/5/2015,$36947.25
7/5/2015,$36947.25
8/5/2015,$37076.75
9/5/2015,$37076.75
10/5/2015,$37076.75
11/5/2015,$36900.00
12/5/2015,$36789.75
13/5/2015,$36796.75
14/5/2015,$37180.00
15/5/2015,$37220.25
16/5/2015,$37220.25
17/5/2015,$37220.25
18/5/2015,$37335.75
19/5/2015,$37323.50
20/5/2015,$37297.25
21/5/2015,$37405.75
22/5/2015,$37316.50
23/5/2015,$37316.50
24/5/2015,$37316.50
25/5/2015,$37316.50
26/5/2015,$36915.75
27/5/2015,$37265.75
28/5/2015,$37223.75
29/5/2015,$36992.75
30/5/2015,$36992.75
31/5/2015,$36992.75
1/6/2015,$37068.00
2/6/2015,$37031.25
3/6/2015,$37129.25
4/6/2015,$36816.00
5/6/2015,$36784.50
6/6/2015,$36784.50
7/6/2015,$36784.50
8/6/2015,$36784.50
9/6/2015,$36784.50
10/6/2015,$36784.50
11/6/2015,$36902.82
12/6/2015,$36620.94
13/6/2015,$36620.94
14/6/2015,$36620.94
15/6/2015,$36620.94
16/6/2015,$36620.94
17/6/2015,$36620.94
18/6/2015,$36875.25
19/6/2015,$36712.63
20/6/2015,$36712.63
21/6/2015,$36712.63
22/6/2015,$36899.47
23/6/2015,$36925.42
24/6/2015,$36659.00
25/6/2015,$36444.48
26/6/2015,$36444.48
27/6/2015,$36444.48
28/6/2015,$36444.48
29/6/2015,$36444.48
30/6/2015,$36444.48
1/7/2015,$36444.48
2/7/2015,$36444.48
3/7/2015,$36444.48
4/7/2015,$36444.48
5/7/2015,$36444.48
6/7/2015,$36444.48
7/7/2015,$36444.48
8/7/2015,$36444.48
9/7/2015,$36444.48
10/7/2015,$36444.48
11/7/2015,$36444.48
12/7/2015,$36444.48
13/7/2015,$36444.48
14/7/2015,$36444.48
15/7/2015,$36432.44
16/7/2015,$36723.12
17/7/2015,$36754.08
18/7/2015,$36754.08
19/7/2015,$36754.08
20/7/2015,$36773.00
21/7/2015,$36628.52
22/7/2015,$36563.16
23/7/2015,$36358.48
24/7/2015,$36358.48
25/7/2015,$36358.48
26/7/2015,$36358.48
27/7/2015,$36358.48
28/7/2015,$36358.48
29/7/2015,$36358.48
30/7/2015,$36367.08
31/7/2015,$36312.04
1/8/2015,$36312.04
2/8/2015,$36312.04
3/8/2015,$36189.92
4/8/2015,$36189.92
5/8/2015,$36124.94
6/8/2015,$35830.82
7/8/2015,$35830.82
8/8/2015,$35830.82
9/8/2015,$35830.82
10/8/2015,$35830.82
11/8/2015,$35558.82
12/8/2015,$35558.82
13/8/2015,$35558.82
14/8/2015,$35558.82
15/8/2015,$35558.82
16/8/2015,$35558.82
17/8/2015,$35558.82
18/8/2015,$35456.34
19/8/2015,$35306.82
20/8/2015,$35306.82
21/8/2015,$35306.82
22/8/2015,$35306.82
23/8/2015,$35306.82
24/8/2015,$35306.82
25/8/2015,$35306.82
26/8/2015,$35306.82
27/8/2015,$35306.82
28/8/2015,$35306.82
29/8/2015,$35306.82
30/8/2015,$35306.82
31/8/2015,$35306.82
1/9/2015,$35306.82
2/9/2015,$35306.82
3/9/2015,$35306.82
4/9/2015,$35306.82
5/9/2015,$35306.82
6/9/2015,$35306.82
7/9/2015,$35306.82
8/9/2015,$35306.82
9/9/2015,$35306.82
10/9/2015,$35306.82
11/9/2015,$35306.82
12/9/2015,$35306.82
13/9/2015,$35306.82
14/9/2015,$35306.82
15/9/2015,$35306.82
16/9/2015,$35306.82
17/9/2015,$35306.82
18/9/2015,$35306.82
19/9/2015,$35306.82
20/9/2015,$35306.82
21/9/2015,$35306.82
22/9/2015,$35306.82
23/9/2015,$35306.82
24/9/2015,$35306.82
25/9/2015,$35306.82
26/9/2015,$35306.82
27/9/2015,$35306.82
28/9/2015,$35306.82
29/9/2015,$35306.82
30/9/2015,$35306.82
1/10/2015,$35306.82
2/10/2015,$35306.82
3/10/2015,$35306.82
4/10/2015,$35306.82
5/10/2015,$35306.82
6/10/2015,$35306.82
7/10/2015,$35306.82
8/10/2015,$35306.82
9/10/2015,$35327.82
10/10/2015,$35327.82
11/10/2015,$35327.82
12/10/2015,$35361.07
13/10/2015,$35138.82
14/10/2015,$34970.82
15/10/2015,$35506.32
16/10/2015,$35667.32
17/10/2015,$35667.32
18/10/2015,$35667.32
19/10/2015,$35684.82
20/10/2015,$35639.32
21/10/2015,$35418.82
22/10/2015,$36015.57
23/10/2015,$36409.32
24/10/2015,$36409.32
25/10/2015,$36409.32
26/10/2015,$36320.07
27/10/2015,$36250.07
28/10/2015,$36661.32
29/10/2015,$36640.32
30/10/2015,$36482.82
31/10/2015,$36482.82
1/11/2015,$36482.82
2/11/2015,$36913.32
3/11/2015,$37020.07
4/11/2015,$36908.07
5/11/2015,$36871.32
6/11/2015,$36852.07
7/11/2015,$36852.07
8/11/2015,$36852.07
9/11/2015,$36509.07
10/11/2015,$36593.07
11/11/2015,$36449.57
12/11/2015,$35942.07
13/11/2015,$35539.57
14/11/2015,$35539.57
15/11/2015,$35539.57
16/11/2015,$36078.57
17/11/2015,$36052.32
18/11/2015,$36622.82
19/11/2015,$36591.32
20/11/2015,$36724.32
21/11/2015,$36724.32
22/11/2015,$36724.32
23/11/2015,$36682.32
24/11/2015,$36731.32
25/11/2015,$36726.07
26/11/2015,$36726.07
27/11/2015,$36768.07
28/11/2015,$36768.07
29/11/2015,$36768.07
30/11/2015,$36615.82
1/12/2015,$36964.07
2/12/2015,$36587.82
3/12/2015,$36076.82
4/12/2015,$36778.57
5/12/2015,$36778.57
6/12/2015,$36778.57
7/12/2015,$36556.32
8/12/2015,$36311.32
9/12/2015,$36029.57
10/12/2015,$36043.57
11/12/2015,$35602.57
12/12/2015,$35602.57
13/12/2015,$35602.57
14/12/2015,$35602.57
15/12/2015,$35602.57
16/12/2015,$35888.09
17/12/2015,$35342.85
18/12/2015,$35342.85
19/12/2015,$35342.85
20/12/2015,$35342.85
21/12/2015,$35342.85
22/12/2015,$35342.85
23/12/2015,$35342.85
24/12/2015,$35342.85
25/12/2015,$35342.85
26/12/2015,$35342.85
27/12/2015,$35342.85
28/12/2015,$35342.85
29/12/2015,$35342.85
30/12/2015,$35092.95
31/12/2015,$35092.95
1/1/2016,$35092.95
2/1/2016,$35092.95
3/1/2016,$35092.95
4/1/2016,$35092.95
5/1/2016,$35092.95
6/1/2016,$35092.95
7/1/2016,$35092.95
8/1/2016,$35092.95
9/1/2016,$35092.95
10/1/2016,$35092.95
11/1/2016,$35092.95
12/1/2016,$35092.95
13/1/2016,$35092.95
14/1/2016,$35092.95
15/1/2016,$35092.95
16/1/2016,$35092.95
17/1/2016,$35092.95
18/1/2016,$35092.95
19/1/2016,$35092.95
20/1/2016,$35092.95
21/1/2016,$35092.95
22/1/2016,$35092.95
23/1/2016,$35092.95
24/1/2016,$35092.95
25/1/2016,$35092.95
26/1/2016,$35092.95
27/1/2016,$35092.95
28/1/2016,$35092.95
29/1/2016,$35092.95
30/1/2016,$35092.95
31/1/2016,$35092.95
1/2/2016,$35092.95
2/2/2016,$35092.95
3/2/2016,$35092.95
4/2/2016,$35092.95
5/2/2016,$35092.95
6/2/2016,$35092.95
7/2/2016,$35092.95
8/2/2016,$35092.95
9/2/2016,$35092.95
10/2/2016,$35092.95
11/2/2016,$35092.95
12/2/2016,$35092.95
13/2/2016,$35092.95
14/2/2016,$35092.95
15/2/2016,$35092.95
16/2/2016,$35092.95
17/2/2016,$35092.95
18/2/2016,$35092.95
19/2/2016,$35092.95
20/2/2016,$35092.95
21/2/2016,$35092.95
22/2/2016,$35092.95
23/2/2016,$35092.95
24/2/2016,$35092.95
25/2/2016,$35092.95
26/2/2016,$35012.40
27/2/2016,$35012.40
28/2/2016,$35012.40
29/2/2016,$34738.53
1/3/2016,$35290.33
2/3/2016,$35448.75
3/3/2016,$35587.59
4/3/2016,$35703.29
5/3/2016,$35703.29
6/3/2016,$35703.29
7/3/2016,$35731.77
8/3/2016,$35341.95
9/3/2016,$35516.39
10/3/2016,$35544.87
11/3/2016,$36118.03
12/3/2016,$36118.03
13/3/2016,$36118.03
14/3/2016,$36071.75
15/3/2016,$36013.01
16/3/2016,$36221.27
17/3/2016,$36450.89
18/3/2016,$36593.29
19/3/2016,$36593.29
20/3/2016,$36593.29
21/3/2016,$36644.91
22/3/2016,$36625.33
23/3/2016,$36385.03
24/3/2016,$36369.01
25/3/2016,$36369.01
26/3/2016,$36369.01
27/3/2016,$36369.01
28/3/2016,$36390.37
29/3/2016,$36725.01
30/3/2016,$36885.21
31/3/2016,$36796.21
1/4/2016,$37045.41
2/4/2016,$37045.41
3/4/2016,$37045.41
4/4/2016,$36926.15
5/4/2016,$36559.47
6/4/2016,$36956.41
7/4/2016,$36516.75
8/4/2016,$36614.65
9/4/2016,$36614.65
10/4/2016,$36614.65
11/4/2016,$36529.21
12/4/2016,$36867.41
13/4/2016,$37237.65
14/4/2016,$37239.43
15/4/2016,$37198.49
16/4/2016,$37198.49
17/4/2016,$37198.49
18/4/2016,$37458.37
19/4/2016,$37575.85
20/4/2016,$37611.45
21/4/2016,$37410.31
22/4/2016,$37410.31
23/4/2016,$37410.31
24/4/2016,$37410.31
25/4/2016,$37346.23
26/4/2016,$37401.41
27/4/2016,$37477.95
28/4/2016,$37139.75
29/4/2016,$36940.39
30/4/2016,$36940.39
1/5/2016,$36940.39
2/5/2016,$37232.31
3/5/2016,$36910.13
4/5/2016,$36705.43
5/5/2016,$36698.31
6/5/2016,$36536.33
7/5/2016,$36536.33
8/5/2016,$36536.33
9/5/2016,$36566.42
10/5/2016,$37019.54
11/5/2016,$36674.39
12/5/2016,$36685.01
13/5/2016,$36366.41
14/5/2016,$36366.41
15/5/2016,$36366.41
16/5/2016,$36366.41
17/5/2016,$36028.66
18/5/2016,$36028.66
19/5/2016,$36028.66
20/5/2016,$36028.66
21/5/2016,$36028.66
22/5/2016,$36028.66
23/5/2016,$36028.66
24/5/2016,$36324.46
25/5/2016,$36569.80
26/5/2016,$36580.24
27/5/2016,$36736.84
28/5/2016,$36736.84
29/5/2016,$36736.84
30/5/2016,$36736.84
31/5/2016,$36667.24
1/6/2016,$36742.06
2/6/2016,$36853.42
3/6/2016,$36743.80
4/6/2016,$36743.80
5/6/2016,$36743.80
6/6/2016,$36929.98
7/6/2016,$36987.40
8/6/2016,$37107.46
9/6/2016,$37057.00
10/6/2016,$36707.26
11/6/2016,$36707.26
12/6/2016,$36707.26
13/6/2016,$36425.38
14/6/2016,$36354.04
15/6/2016,$36303.58
16/6/2016,$36303.58
17/6/2016,$36094.78
18/6/2016,$36094.78
19/6/2016,$36094.78
20/6/2016,$35927.94
21/6/2016,$35952.02
22/6/2016,$35893.54
23/6/2016,$36359.66
24/6/2016,$35124.70
25/6/2016,$35124.70
26/6/2016,$35124.70
27/6/2016,$35124.70
28/6/2016,$35124.70
29/6/2016,$35124.70
30/6/2016,$35124.70
1/7/2016,$35198.18
2/7/2016,$35198.18
3/7/2016,$35198.18
4/7/2016,$35198.18
5/7/2016,$34946.01
6/7/2016,$35154.76
7/7/2016,$35133.05
8/7/2016,$35654.09
9/7/2016,$35654.09
10/7/2016,$35654.09
11/7/2016,$35779.34
12/7/2016,$36038.19
13/7/2016,$36033.18
14/7/2016,$36233.58
15/7/2016,$36185.15
16/7/2016,$36185.15
17/7/2016,$36185.15
18/7/2016,$36282.01
19/7/2016,$36245.27
20/7/2016,$36395.57
21/7/2016,$36258.63
22/7/2016,$36420.62
23/7/2016,$36420.62
24/7/2016,$36420.62
25/7/2016,$36322.09
26/7/2016,$36338.79
27/7/2016,$36300.38
28/7/2016,$36342.13
29/7/2016,$36400.58
30/7/2016,$36400.58
31/7/2016,$36400.58
1/8/2016,$36370.52
2/8/2016,$36138.39
3/8/2016,$36243.60
4/8/2016,$36282.01
5/8/2016,$36577.60
6/8/2016,$36577.60
7/8/2016,$36577.60
8/8/2016,$36555.89
9/8/2016,$36577.60
10/8/2016,$36487.42
11/8/2016,$36656.09
12/8/2016,$36624.36
13/8/2016,$36624.36
14/8/2016,$36624.36
15/8/2016,$36729.57
16/8/2016,$36540.86
17/8/2016,$36609.33
18/8/2016,$36691.16
19/8/2016,$36637.72
20/8/2016,$36637.72
21/8/2016,$36637.72
22/8/2016,$36636.05
23/8/2016,$36709.53
24/8/2016,$36522.49
25/8/2016,$36497.44
26/8/2016,$36428.97
27/8/2016,$36428.97
28/8/2016,$36428.97
29/8/2016,$36607.66
30/8/2016,$36547.54
31/8/2016,$36444.00
1/9/2016,$36445.67
2/9/2016,$36609.33
3/9/2016,$36609.33
4/9/2016,$36609.33
5/9/2016,$36609.33
6/9/2016,$36719.55
7/9/2016,$36716.21
8/9/2016,$36632.71
9/9/2016,$35759.30
10/9/2016,$35759.30
11/9/2016,$35759.30
12/9/2016,$35759.30
13/9/2016,$35759.30
14/9/2016,$35759.30
15/9/2016,$35759.30
16/9/2016,$35759.30
17/9/2016,$35759.30
18/9/2016,$35759.30
19/9/2016,$35759.30
20/9/2016,$35759.30
21/9/2016,$35759.30
22/9/2016,$35788.82
23/9/2016,$35713.38
24/9/2016,$35713.38
25/9/2016,$35713.38
26/9/2016,$35713.38
27/9/2016,$35713.38
28/9/2016,$35713.38
29/9/2016,$35713.38
30/9/2016,$35713.38
1/10/2016,$35713.38
2/10/2016,$35713.38
3/10/2016,$35713.38
4/10/2016,$35713.38
5/10/2016,$35713.38
6/10/2016,$35713.38
7/10/2016,$35713.38
8/10/2016,$35713.38
9/10/2016,$35713.38
10/10/2016,$35713.38
11/10/2016,$35713.38
12/10/2016,$35713.38
13/10/2016,$35713.38
14/10/2016,$35713.38
15/10/2016,$35713.38
16/10/2016,$35713.38
17/10/2016,$35713.38
18/10/2016,$35713.38
19/10/2016,$35713.38
20/10/2016,$35713.38
21/10/2016,$35713.38
22/10/2016,$35713.38
23/10/2016,$35713.38
24/10/2016,$35713.38
25/10/2016,$35713.38
26/10/2016,$35713.38
27/10/2016,$35713.38
28/10/2016,$35713.38
29/10/2016,$35713.38
30/10/2016,$35713.38
31/10/2016,$35713.38
1/11/2016,$35713.38
2/11/2016,$35713.38
3/11/2016,$35713.38
4/11/2016,$35713.38
5/11/2016,$35713.38
6/11/2016,$35713.38
7/11/2016,$35713.38
8/11/2016,$35713.38
9/11/2016,$35713.38
10/11/2016,$35802.48
11/11/2016,$35719.98
12/11/2016,$35719.98
13/11/2016,$35719.98
14/11/2016,$35748.03
15/11/2016,$36026.88
16/11/2016,$35959.23
17/11/2016,$36144.03
18/11/2016,$36063.18
19/11/2016,$36063.18
20/11/2016,$36063.18
21/11/2016,$36335.43
22/11/2016,$36406.38
23/11/2016,$36426.18
24/11/2016,$36426.18
25/11/2016,$36561.48
26/11/2016,$36561.48
27/11/2016,$36561.48
28/11/2016,$36389.88
29/11/2016,$36460.83
30/11/2016,$36373.38
1/12/2016,$36239.73
2/12/2016,$36257.88
3/12/2016,$36257.88
4/12/2016,$36257.88
5/12/2016,$36475.68
6/12/2016,$36591.18
7/12/2016,$37069.68
8/12/2016,$37160.43
9/12/2016,$37384.83
10/12/2016,$37384.83
11/12/2016,$37384.83
12/12/2016,$37341.93
13/12/2016,$37591.08
14/12/2016,$37280.88
15/12/2016,$37434.33
16/12/2016,$37361.57
17/12/2016,$37361.57
18/12/2016,$37361.57
19/12/2016,$37442.42
20/12/2016,$37585.97
21/12/2016,$37482.02
22/12/2016,$37417.67
23/12/2016,$37472.12
24/12/2016,$37472.12
25/12/2016,$37472.12
26/12/2016,$37472.12
27/12/2016,$37564.52
28/12/2016,$37255.97
29/12/2016,$37247.72
30/12/2016,$37112.42
31/12/2016,$37112.42
1/1/2017,$37112.42
2/1/2017,$37112.42
3/1/2017,$37394.57
4/1/2017,$37615.67
5/1/2017,$37585.97
6/1/2017,$37719.62
7/1/2017,$37719.62
8/1/2017,$37719.62
9/1/2017,$37595.87
10/1/2017,$37595.87
11/1/2017,$37701.47
12/1/2017,$37607.42
13/1/2017,$37693.22
14/1/2017,$37693.22
15/1/2017,$37693.22
16/1/2017,$37693.22
17/1/2017,$37561.22
18/1/2017,$37643.72
19/1/2017,$37505.12
20/1/2017,$37642.07
21/1/2017,$37642.07
22/1/2017,$37642.07
23/1/2017,$37544.72
24/1/2017,$37783.97
25/1/2017,$38109.02
26/1/2017,$38069.42
27/1/2017,$38010.02
28/1/2017,$38010.02
29/1/2017,$38010.02
30/1/2017,$37775.72
31/1/2017,$37772.42
1/2/2017,$37787.27
2/2/2017,$37812.02
3/2/2017,$38071.07
4/2/2017,$38071.07
5/2/2017,$38071.07
6/2/2017,$38003.42
7/2/2017,$38005.07
8/2/2017,$38054.57
9/2/2017,$38278.97
10/2/2017,$38429.12
11/2/2017,$38429.12
12/2/2017,$38429.12
13/2/2017,$38637.02
14/2/2017,$38790.47
15/2/2017,$38991.77
16/2/2017,$38958.77
17/2/2017,$39019.82
18/2/2017,$39019.82
19/2/2017,$39019.82
20/2/2017,$39019.82
21/2/2017,$39250.82
22/2/2017,$39216.17
23/2/2017,$39242.57
24/2/2017,$39292.07
25/2/2017,$39292.07
26/2/2017,$39292.07
27/2/2017,$39353.12
28/2/2017,$39247.52
1/3/2017,$39793.67
2/3/2017,$39544.52
3/3/2017,$39569.27
4/3/2017,$39569.27
5/3/2017,$39569.27
6/3/2017,$39452.12
7/3/2017,$39334.97
8/3/2017,$39262.37
9/3/2017,$39311.87
10/3/2017,$39448.82
11/3/2017,$39448.82
12/3/2017,$39448.82
13/3/2017,$39468.62
14/3/2017,$39318.47
15/3/2017,$39656.72
16/3/2017,$39579.17
17/3/2017,$39510.37
18/3/2017,$39510.37
19/3/2017,$39510.37
20/3/2017,$39467.47
21/3/2017,$38965.87
22/3/2017,$39056.62
23/3/2017,$39015.37
24/3/2017,$38987.32
25/3/2017,$38987.32
26/3/2017,$38987.32
27/3/2017,$38668.87
28/3/2017,$38949.37
29/3/2017,$38985.67
30/3/2017,$39109.42
31/3/2017,$39018.67
1/4/2017,$39018.67
2/4/2017,$39018.67
3/4/2017,$38951.02
4/4/2017,$38975.77
5/4/2017,$38860.27
6/4/2017,$38969.17
7/4/2017,$38929.57
8/4/2017,$38929.57
9/4/2017,$38929.57
10/4/2017,$38952.67
11/4/2017,$38906.47
12/4/2017,$38853.67
13/4/2017,$38853.67
14/4/2017,$38853.67
15/4/2017,$38853.67
16/4/2017,$38853.67
17/4/2017,$38853.67
18/4/2017,$38853.67
19/4/2017,$38853.67
20/4/2017,$38853.67
21/4/2017,$38853.67
22/4/2017,$38853.67
23/4/2017,$38853.67
24/4/2017,$38852.04
25/4/2017,$39076.98
26/4/2017,$39052.53
27/4/2017,$39085.13
28/4/2017,$39000.37
29/4/2017,$39000.37
30/4/2017,$39000.37
1/5/2017,$39098.17
2/5/2017,$39112.84
3/5/2017,$39065.57
4/5/2017,$39111.21
5/5/2017,$39264.43
6/5/2017,$39264.43
7/5/2017,$39264.43
8/5/2017,$39257.91
9/5/2017,$39222.05
10/5/2017,$39292.14
11/5/2017,$39212.27
12/5/2017,$39147.07
13/5/2017,$39147.07
14/5/2017,$39147.07
15/5/2017,$39362.23
16/5/2017,$39326.37
17/5/2017,$38631.99
18/5/2017,$38631.99
19/5/2017,$38883.01
20/5/2017,$38883.01
21/5/2017,$38883.01
22/5/2017,$39080.24
23/5/2017,$39166.63
24/5/2017,$39257.91
25/5/2017,$39445.36
26/5/2017,$39437.21
27/5/2017,$39437.21
28/5/2017,$39437.21
29/5/2017,$39437.21
30/5/2017,$39402.98
31/5/2017,$39393.20
1/6/2017,$39706.16
2/6/2017,$39838.19
3/6/2017,$39838.19
4/6/2017,$39838.19
5/6/2017,$39808.85
6/6/2017,$39681.71
7/6/2017,$39755.06
8/6/2017,$39774.62
9/6/2017,$39714.31
10/6/2017,$39714.31
11/6/2017,$39714.31
12/6/2017,$39706.16
13/6/2017,$39900.13
14/6/2017,$39849.60
15/6/2017,$39772.99
16/6/2017,$39781.63
17/6/2017,$39781.63
18/6/2017,$39781.63
19/6/2017,$40110.89
20/6/2017,$39841.94
21/6/2017,$39832.16
22/6/2017,$39814.23
23/6/2017,$39861.50
24/6/2017,$39861.50
25/6/2017,$39861.50
26/6/2017,$39887.58
27/6/2017,$39568.10
28/6/2017,$39920.18
29/6/2017,$39571.36
30/6/2017,$39644.71
1/7/2017,$39644.71
2/7/2017,$39644.71
3/7/2017,$39711.54
4/7/2017,$39711.54
5/7/2017,$39802.82
6/7/2017,$39440.96
7/7/2017,$39440.96
8/7/2017,$39440.96
9/7/2017,$39440.96
10/7/2017,$39483.08
11/7/2017,$39453.92
12/7/2017,$39748.76
13/7/2017,$39815.18
14/7/2017,$39999.86
15/7/2017,$39999.86
16/7/2017,$39999.86
17/7/2017,$39995.00
18/7/2017,$40016.06
19/7/2017,$40231.52
20/7/2017,$40249.34
21/7/2017,$40213.70
22/7/2017,$40213.70
23/7/2017,$40213.70
24/7/2017,$40203.98
25/7/2017,$40301.18
26/7/2017,$40302.80
27/7/2017,$40265.54
28/7/2017,$40218.56
29/7/2017,$40218.56
30/7/2017,$40218.56
31/7/2017,$40195.88
1/8/2017,$40284.98
2/8/2017,$40304.42
3/8/2017,$40226.66
4/8/2017,$40299.56
5/8/2017,$40299.56
6/8/2017,$40299.56
7/8/2017,$40374.08
8/8/2017,$40275.26
9/8/2017,$40273.64
10/8/2017,$39708.26
11/8/2017,$39708.26
12/8/2017,$39708.26
13/8/2017,$39708.26
14/8/2017,$39861.21
15/8/2017,$39856.38
16/8/2017,$39925.61
17/8/2017,$39305.76
18/8/2017,$39305.76
19/8/2017,$39305.76
20/8/2017,$39305.76
21/8/2017,$39305.76
22/8/2017,$39305.76
23/8/2017,$39128.16
24/8/2017,$38967.57
25/8/2017,$38913.51
26/8/2017,$38913.51
27/8/2017,$38913.51
28/8/2017,$38818.71
29/8/2017,$38818.71
30/8/2017,$38815.55
31/8/2017,$39047.91
1/9/2017,$39102.86
2/9/2017,$39102.86
3/9/2017,$39102.86
4/9/2017,$39102.86
5/9/2017,$38823.40
6/9/2017,$38955.28
7/9/2017,$38950.57
8/9/2017,$38905.04
9/9/2017,$38905.04
10/9/2017,$38905.04
11/9/2017,$39317.95
12/9/2017,$39449.83
13/9/2017,$39468.67
14/9/2017,$39456.11
15/9/2017,$39508.71
16/9/2017,$39508.71
17/9/2017,$39508.71
18/9/2017,$39591.92
19/9/2017,$39631.17
20/9/2017,$39645.30
21/9/2017,$39540.11
22/9/2017,$39547.96
23/9/2017,$39547.96
24/9/2017,$39547.96
25/9/2017,$39467.89
26/9/2017,$39491.44
27/9/2017,$39643.73
28/9/2017,$39690.83
29/9/2017,$39828.99
30/9/2017,$39828.99
1/10/2017,$39828.99
2/10/2017,$40000.12
3/10/2017,$40084.90
4/10/2017,$40132.00
5/10/2017,$40367.50
6/10/2017,$40321.97
7/10/2017,$40321.97
8/10/2017,$40321.97
9/10/2017,$40256.03
10/10/2017,$40361.22
11/10/2017,$40424.02
12/10/2017,$40364.36
13/10/2017,$40413.03
14/10/2017,$40413.03
15/10/2017,$40413.03
16/10/2017,$40466.41
17/10/2017,$40494.67
18/10/2017,$40533.92
19/10/2017,$40544.91
20/10/2017,$40752.15
21/10/2017,$40752.15
22/10/2017,$40752.15
23/10/2017,$40595.15
24/10/2017,$40665.80
25/10/2017,$40466.41
26/10/2017,$40518.22
27/10/2017,$40846.35
28/10/2017,$40846.35
29/10/2017,$40846.35
30/10/2017,$40695.63
31/10/2017,$40758.43
1/11/2017,$40811.81
2/11/2017,$40827.51
3/11/2017,$40962.53
4/11/2017,$40962.53
5/11/2017,$40962.53
6/11/2017,$41025.33
7/11/2017,$40997.07
8/11/2017,$41066.15
9/11/2017,$40918.57
10/11/2017,$40906.01
11/11/2017,$40906.01
12/11/2017,$40906.01
13/11/2017,$40943.69
14/11/2017,$40849.49
15/11/2017,$40646.96
16/11/2017,$40989.22
17/11/2017,$40869.90
18/11/2017,$40869.90
19/11/2017,$40869.90
20/11/2017,$40938.98
21/11/2017,$41204.31
22/11/2017,$41168.20
23/11/2017,$41168.20
24/11/2017,$41262.40
25/11/2017,$41262.40
26/11/2017,$41262.40
27/11/2017,$41241.99
28/11/2017,$41656.47
29/11/2017,$41631.35
30/11/2017,$41992.45
1/12/2017,$41906.10
2/12/2017,$41906.10
3/12/2017,$41906.10
4/12/2017,$41855.86
5/12/2017,$41706.71
6/12/2017,$41714.56
7/12/2017,$41844.87
8/12/2017,$42070.95
9/12/2017,$42070.95
10/12/2017,$42070.95
11/12/2017,$42196.55
12/12/2017,$42270.34
13/12/2017,$42265.63
14/12/2017,$42094.50
15/12/2017,$42440.06
16/12/2017,$42440.06
17/12/2017,$42440.06
18/12/2017,$42705.39
19/12/2017,$42543.68
20/12/2017,$42521.70
21/12/2017,$42608.05
22/12/2017,$42597.06
23/12/2017,$42597.06
24/12/2017,$42597.06
25/12/2017,$42597.06
26/12/2017,$42546.82
27/12/2017,$42567.23
28/12/2017,$42653.58
29/12/2017,$42495.01
30/12/2017,$42495.01
31/12/2017,$42495.01
1/1/2018,$42495.01
2/1/2018,$42794.88
3/1/2018,$43061.78
4/1/2018,$43240.76
5/1/2018,$43524.93
6/1/2018,$43524.93
7/1/2018,$43524.93
8/1/2018,$43603.43
9/1/2018,$43700.77
10/1/2018,$43634.83
11/1/2018,$43948.83
12/1/2018,$44231.43
13/1/2018,$44231.43
14/1/2018,$44231.43
15/1/2018,$44231.43
16/1/2018,$44082.28
17/1/2018,$44496.76
18/1/2018,$44422.97
19/1/2018,$44622.36
20/1/2018,$44622.36
21/1/2018,$44622.36
22/1/2018,$44980.32
23/1/2018,$45074.52
24/1/2018,$45057.25
25/1/2018,$45076.09
26/1/2018,$45591.05
27/1/2018,$45591.05
28/1/2018,$45591.05
29/1/2018,$45292.75
30/1/2018,$44834.31
31/1/2018,$44856.29
1/2/2018,$44806.05
2/2/2018,$43843.64
3/2/2018,$43843.64
4/2/2018,$43843.64
5/2/2018,$42035.00
6/2/2018,$42035.00
7/2/2018,$42035.00
8/2/2018,$42035.00
9/2/2018,$42035.00
10/2/2018,$42035.00
11/2/2018,$42035.00
12/2/2018,$42035.00
13/2/2018,$42035.00
14/2/2018,$42035.00
15/2/2018,$42035.00
16/2/2018,$42047.24
17/2/2018,$42047.24
18/2/2018,$42047.24
19/2/2018,$42047.24
20/2/2018,$41882.00
21/2/2018,$41882.00
22/2/2018,$41882.00
23/2/2018,$41882.00
24/2/2018,$41882.00
25/2/2018,$41882.00
26/2/2018,$42366.88
27/2/2018,$41839.44
28/2/2018,$41416.88
1/3/2018,$41416.88
2/3/2018,$41416.88
3/3/2018,$41416.88
4/3/2018,$41416.88
5/3/2018,$41416.88
6/3/2018,$41416.88
7/3/2018,$41416.88
8/3/2018,$41499.93
9/3/2018,$42220.20
10/3/2018,$42220.20
11/3/2018,$42220.20
12/3/2018,$42167.35
13/3/2018,$41895.55
14/3/2018,$41681.13
15/3/2018,$41635.83
16/3/2018,$41560.33
17/3/2018,$41560.33
18/3/2018,$41560.33
19/3/2018,$41560.33
20/3/2018,$41560.33
21/3/2018,$41560.33
22/3/2018,$41560.33
23/3/2018,$41560.33
24/3/2018,$41560.33
25/3/2018,$41560.33
26/3/2018,$41560.33
27/3/2018,$41560.33
28/3/2018,$41560.33
29/3/2018,$41560.33
30/3/2018,$41560.33
31/3/2018,$41560.33
1/4/2018,$41560.33
2/4/2018,$41560.33
3/4/2018,$41560.33
4/4/2018,$41560.33
5/4/2018,$41560.33
6/4/2018,$41560.33
7/4/2018,$41560.33
8/4/2018,$41560.33
9/4/2018,$41560.33
10/4/2018,$41560.33
11/4/2018,$41560.33
12/4/2018,$41560.33
13/4/2018,$41560.33
14/4/2018,$41560.33
15/4/2018,$41560.33
16/4/2018,$41560.33
17/4/2018,$41692.77
18/4/2018,$41723.57
19/4/2018,$41492.57
20/4/2018,$41141.45
21/4/2018,$41141.45
22/4/2018,$41141.45
23/4/2018,$41141.45
24/4/2018,$41141.45
25/4/2018,$41141.45
26/4/2018,$41141.45
27/4/2018,$41141.45
28/4/2018,$41141.45
29/4/2018,$41141.45
30/4/2018,$41141.45
1/5/2018,$41141.45
2/5/2018,$41141.45
3/5/2018,$41141.45
4/5/2018,$41141.45
5/5/2018,$41141.45
6/5/2018,$41141.45
7/5/2018,$41141.45
8/5/2018,$41141.45
9/5/2018,$41419.91
10/5/2018,$41805.47
11/5/2018,$41932.46
12/5/2018,$41932.46
13/5/2018,$41932.46
14/5/2018,$41952.35
15/5/2018,$41664.71
16/5/2018,$41839.13
17/5/2018,$41803.94
18/5/2018,$41699.90
19/5/2018,$41699.90
20/5/2018,$41699.90
21/5/2018,$42012.02
22/5/2018,$41895.74
23/5/2018,$42010.49
24/5/2018,$41924.81
25/5/2018,$41825.36
26/5/2018,$41825.36
27/5/2018,$41825.36
28/5/2018,$41825.36
29/5/2018,$41346.47
30/5/2018,$41895.74
31/5/2018,$41640.23
1/6/2018,$42047.21
2/6/2018,$42047.21
3/6/2018,$42047.21
4/6/2018,$42246.11
5/6/2018,$42276.71
6/6/2018,$42628.61
7/6/2018,$42624.02
8/6/2018,$42749.48
9/6/2018,$42749.48
10/6/2018,$42749.48
11/6/2018,$42806.09
12/6/2018,$42861.17
13/6/2018,$42725.00
14/6/2018,$42832.10
15/6/2018,$42777.94
16/6/2018,$42777.94
17/6/2018,$42777.94
18/6/2018,$42690.73
19/6/2018,$42528.55
20/6/2018,$42600.46
21/6/2018,$42335.77
22/6/2018,$42412.27
23/6/2018,$42412.27
24/6/2018,$42412.27
25/6/2018,$41840.05
26/6/2018,$41833.89
27/6/2018,$41487.39
28/6/2018,$41487.39
29/6/2018,$41359.71
30/6/2018,$41359.71
1/7/2018,$41359.71
2/7/2018,$41359.71
3/7/2018,$41213.79
4/7/2018,$41213.79
5/7/2018,$41355.73
6/7/2018,$41704.54
7/7/2018,$41704.54
8/7/2018,$41704.54
9/7/2018,$42079.02
10/7/2018,$42230.02
11/7/2018,$41921.98
12/7/2018,$42300.99
13/7/2018,$42334.21
14/7/2018,$42334.21
15/7/2018,$42334.21
16/7/2018,$42296.46
17/7/2018,$42467.09
18/7/2018,$42556.18
19/7/2018,$42396.12
20/7/2018,$42347.80
21/7/2018,$42347.80
22/7/2018,$42347.80
23/7/2018,$42426.32
24/7/2018,$42639.23
25/7/2018,$43001.63
26/7/2018,$42900.46
27/7/2018,$42610.54
28/7/2018,$42610.54
29/7/2018,$42610.54
30/7/2018,$42388.57
31/7/2018,$42596.95
1/8/2018,$42525.98
2/8/2018,$42757.01
3/8/2018,$42939.72
4/8/2018,$42939.72
5/8/2018,$42939.72
6/8/2018,$43096.76
7/8/2018,$43238.70
8/8/2018,$43220.58
9/8/2018,$43161.69
10/8/2018,$42873.28
11/8/2018,$42873.28
12/8/2018,$42873.28
13/8/2018,$42713.22
14/8/2018,$42985.02
15/8/2018,$42664.90
16/8/2018,$43009.18
17/8/2018,$43160.18
18/8/2018,$43160.18
19/8/2018,$43160.18
20/8/2018,$43252.29
21/8/2018,$43353.46
22/8/2018,$43327.79
23/8/2018,$43270.41
24/8/2018,$43530.13
25/8/2018,$43530.13
26/8/2018,$43530.13
27/8/2018,$43872.90
28/8/2018,$43894.04
29/8/2018,$44129.60
30/8/2018,$43951.42
31/8/2018,$43952.93
1/9/2018,$43952.93
2/9/2018,$43952.93
3/9/2018,$43952.93
4/9/2018,$43877.43
5/9/2018,$43759.65
6/9/2018,$43628.28
7/9/2018,$43543.72
8/9/2018,$43543.72
9/9/2018,$43543.72
10/9/2018,$43619.22
11/9/2018,$43762.67
12/9/2018,$43773.24
13/9/2018,$44031.45
14/9/2018,$44039.00
15/9/2018,$44039.00
16/9/2018,$44039.00
17/9/2018,$43806.46
18/9/2018,$44043.53
19/9/2018,$44090.34
20/9/2018,$44446.70
21/9/2018,$44406.38
22/9/2018,$44406.38
23/9/2018,$44406.38
24/9/2018,$44259.91
25/9/2018,$44219.14
26/9/2018,$44087.77
27/9/2018,$44210.08
28/9/2018,$44214.61
29/9/2018,$44214.61
30/9/2018,$44214.61
1/10/2018,$44367.12
2/10/2018,$44341.45
3/10/2018,$44365.61
4/10/2018,$44021.33
5/10/2018,$43776.71
6/10/2018,$43776.71
7/10/2018,$43776.71
8/10/2018,$43660.44
9/10/2018,$43595.51
10/10/2018,$43595.51
11/10/2018,$43595.51
12/10/2018,$43595.51
13/10/2018,$43595.51
14/10/2018,$43595.51
15/10/2018,$43595.51
16/10/2018,$43595.51
17/10/2018,$43595.51
18/10/2018,$43595.51
19/10/2018,$43595.51
20/10/2018,$43595.51
21/10/2018,$43595.51
22/10/2018,$43595.51
23/10/2018,$43595.51
24/10/2018,$43595.51
25/10/2018,$43595.51
26/10/2018,$43595.51
27/10/2018,$43595.51
28/10/2018,$43595.51
29/10/2018,$43595.51
30/10/2018,$43595.51
31/10/2018,$43595.51
1/11/2018,$43595.51
2/11/2018,$43595.51
3/11/2018,$43595.51
4/11/2018,$43595.51
5/11/2018,$43595.51
6/11/2018,$43595.51
7/11/2018,$43595.51
8/11/2018,$43595.51
9/11/2018,$43595.51
10/11/2018,$43595.51
11/11/2018,$43595.51
12/11/2018,$43595.51
13/11/2018,$43595.51
14/11/2018,$43595.51
15/11/2018,$43595.51
16/11/2018,$43595.51
17/11/2018,$43595.51
18/11/2018,$43595.51
19/11/2018,$43595.51
20/11/2018,$43595.51
21/11/2018,$43595.51
22/11/2018,$43595.51
23/11/2018,$43595.51
24/11/2018,$43595.51
25/11/2018,$43595.51
26/11/2018,$43595.51
27/11/2018,$43595.51
28/11/2018,$43595.51
29/11/2018,$43595.51
30/11/2018,$43595.51
1/12/2018,$43595.51
2/12/2018,$43595.51
3/12/2018,$43443.61
4/12/2018,$42040.86
5/12/2018,$42040.86
6/12/2018,$42040.86
7/12/2018,$42040.86
8/12/2018,$42040.86
9/12/2018,$42040.86
10/12/2018,$42040.86
11/12/2018,$42040.86
12/12/2018,$42040.86
13/12/2018,$42040.86
14/12/2018,$42040.86
15/12/2018,$42040.86
16/12/2018,$42040.86
17/12/2018,$42040.86
18/12/2018,$42040.86
19/12/2018,$42040.86
20/12/2018,$42040.86
21/12/2018,$42040.86
22/12/2018,$42040.86
23/12/2018,$42040.86
24/12/2018,$42040.86
25/12/2018,$42040.86
26/12/2018,$42040.86
27/12/2018,$42040.86
28/12/2018,$42040.86
29/12/2018,$42040.86
30/12/2018,$42040.86
31/12/2018,$42040.86
1/1/2019,$42040.86
2/1/2019,$42040.86
3/1/2019,$42040.86
4/1/2019,$42040.86
5/1/2019,$42040.86
6/1/2019,$42040.86
7/1/2019,$42040.86
8/1/2019,$42040.86
9/1/2019,$42040.86
10/1/2019,$42040.86
11/1/2019,$42040.86
12/1/2019,$42040.86
13/1/2019,$42040.86
14/1/2019,$42040.86
15/1/2019,$42040.86
16/1/2019,$42040.86
17/1/2019,$42040.86
18/1/2019,$42597.36
19/1/2019,$42597.36
20/1/2019,$42597.36
21/1/2019,$42597.36
22/1/2019,$42024.96
23/1/2019,$42112.41
24/1/2019,$42134.67
25/1/2019,$42489.24
26/1/2019,$42489.24
27/1/2019,$42489.24
28/1/2019,$42168.06
29/1/2019,$42112.41
30/1/2019,$42775.44
31/1/2019,$43149.09
1/2/2019,$43169.76
2/2/2019,$43169.76
3/2/2019,$43169.76
4/2/2019,$43471.86
5/2/2019,$43653.12
6/2/2019,$43595.88
7/2/2019,$43182.48
8/2/2019,$43234.95
9/2/2019,$43234.95
10/2/2019,$43234.95
11/2/2019,$43258.80
12/2/2019,$43812.12
13/2/2019,$43953.63
14/2/2019,$43856.64
15/2/2019,$44332.05
16/2/2019,$44332.05
17/2/2019,$44332.05
18/2/2019,$44332.05
19/2/2019,$44408.37
20/2/2019,$44497.41
21/2/2019,$44340.00
22/2/2019,$44613.48
23/2/2019,$44613.48
24/2/2019,$44613.48
25/2/2019,$44673.90
26/2/2019,$44642.10
27/2/2019,$44623.02
28/2/2019,$44540.34
1/3/2019,$44817.00
2/3/2019,$44817.00
3/3/2019,$44817.00
4/3/2019,$44654.82
5/3/2019,$44594.40
6/3/2019,$44325.69
7/3/2019,$43956.81
8/3/2019,$43869.36
9/3/2019,$43869.36
10/3/2019,$43869.36
11/3/2019,$44502.18
12/3/2019,$44669.13
13/3/2019,$44963.28
14/3/2019,$44934.66
15/3/2019,$45154.56
16/3/2019,$45154.56
17/3/2019,$45154.56
18/3/2019,$45316.74
19/3/2019,$45327.87
20/3/2019,$45192.72
21/3/2019,$45698.34
22/3/2019,$44827.02
23/3/2019,$44827.02
24/3/2019,$44827.02
25/3/2019,$44793.63
26/3/2019,$45124.35
27/3/2019,$44890.62
28/3/2019,$45059.16
29/3/2019,$45340.59
30/3/2019,$45340.59
31/3/2019,$45340.59
1/4/2019,$45873.24
2/4/2019,$45895.50
3/4/2019,$45967.05
4/4/2019,$46087.89
5/4/2019,$46308.90
6/4/2019,$46308.90
7/4/2019,$46308.90
8/4/2019,$46343.88
9/4/2019,$46108.56
10/4/2019,$46264.38
11/4/2019,$46251.66
12/4/2019,$46561.71
13/4/2019,$46561.71
14/4/2019,$46561.71
15/4/2019,$46531.50
16/4/2019,$46561.71
17/4/2019,$46448.82
18/4/2019,$46539.45
19/4/2019,$46539.45
20/4/2019,$46539.45
21/4/2019,$46539.45
22/4/2019,$46579.20
23/4/2019,$46994.19
24/4/2019,$46890.84
25/4/2019,$46862.22
26/4/2019,$47078.46
27/4/2019,$47078.46
28/4/2019,$47078.46
29/4/2019,$47151.60
30/4/2019,$47175.45
1/5/2019,$46824.06
2/5/2019,$46723.89
3/5/2019,$47177.04
4/5/2019,$47177.04
5/5/2019,$47177.04
6/5/2019,$46984.65
7/5/2019,$46207.14
8/5/2019,$46143.54
9/5/2019,$45777.84
10/5/2019,$45612.48
11/5/2019,$45612.48
12/5/2019,$45612.48
13/5/2019,$44715.04
14/5/2019,$44715.04
15/5/2019,$44715.04
16/5/2019,$44715.04
17/5/2019,$44318.24
18/5/2019,$44318.24
19/5/2019,$44318.24
20/5/2019,$44318.24
21/5/2019,$44318.24
22/5/2019,$44318.24
23/5/2019,$44318.24
24/5/2019,$44318.24
25/5/2019,$44318.24
26/5/2019,$44318.24
27/5/2019,$44318.24
28/5/2019,$44318.24
29/5/2019,$44318.24
30/5/2019,$44318.24
31/5/2019,$44318.24
1/6/2019,$44318.24
2/6/2019,$44318.24
3/6/2019,$44318.24
4/6/2019,$44318.24
5/6/2019,$44318.24
6/6/2019,$44318.24
7/6/2019,$44318.24
8/6/2019,$44318.24
9/6/2019,$44318.24
10/6/2019,$44521.52
11/6/2019,$44510.74
12/6/2019,$44432.20
13/6/2019,$44615.46
14/6/2019,$44566.18
15/6/2019,$44566.18
16/6/2019,$44566.18
17/6/2019,$44583.12
18/6/2019,$45049.74
19/6/2019,$45151.38
20/6/2019,$45582.58
21/6/2019,$45516.67
22/6/2019,$45516.67
23/6/2019,$45516.67
24/6/2019,$45461.23
25/6/2019,$45017.71
26/6/2019,$44973.05
27/6/2019,$45131.67
28/6/2019,$45362.67
29/6/2019,$45362.67
30/6/2019,$45362.67
1/7/2019,$45772.31
2/7/2019,$45890.89
3/7/2019,$46255.87
4/7/2019,$46255.87
5/7/2019,$46203.51
6/7/2019,$46203.51
7/7/2019,$46203.51
8/7/2019,$45950.95
9/7/2019,$46007.93
10/7/2019,$46226.61
11/7/2019,$46334.41
12/7/2019,$46540.77
13/7/2019,$46540.77
14/7/2019,$46540.77
15/7/2019,$46556.17
16/7/2019,$46406.79
17/7/2019,$46092.63
18/7/2019,$46260.49
19/7/2019,$46004.85
20/7/2019,$46004.85
21/7/2019,$46004.85
22/7/2019,$46117.27
23/7/2019,$46445.29
24/7/2019,$46662.43
25/7/2019,$46440.67
26/7/2019,$46750.21
27/7/2019,$46750.21
28/7/2019,$46750.21
29/7/2019,$46665.51
30/7/2019,$46551.55
31/7/2019,$46044.89
1/8/2019,$45646.03
2/8/2019,$45304.15
3/8/2019,$45304.15
4/8/2019,$45304.15
5/8/2019,$44606.53
6/8/2019,$44606.53
7/8/2019,$44606.53
8/8/2019,$44606.53
9/8/2019,$44449.49
10/8/2019,$44449.49
11/8/2019,$44449.49
12/8/2019,$44449.49
13/8/2019,$44449.49
14/8/2019,$44449.49
15/8/2019,$44449.49
16/8/2019,$44449.49
17/8/2019,$44449.49
18/8/2019,$44449.49
19/8/2019,$44449.49
20/8/2019,$44449.49
21/8/2019,$44449.49
22/8/2019,$44449.49
23/8/2019,$44449.49
24/8/2019,$44449.49
25/8/2019,$44449.49
26/8/2019,$44449.49
27/8/2019,$44449.49
28/8/2019,$44449.49
29/8/2019,$44449.49
30/8/2019,$44182.22
31/8/2019,$44182.22
1/9/2019,$44182.22
2/9/2019,$44182.22
3/9/2019,$44182.22
4/9/2019,$44182.22
5/9/2019,$44749.22
6/9/2019,$44783.72
7/9/2019,$44783.72
8/9/2019,$44783.72
9/9/2019,$44806.22
10/9/2019,$44795.72
11/9/2019,$45113.72
12/9/2019,$45269.72
13/9/2019,$45239.72
14/9/2019,$45239.72
15/9/2019,$45239.72
16/9/2019,$45100.22
17/9/2019,$45214.22
18/9/2019,$45241.22
19/9/2019,$45238.22
20/9/2019,$45025.82
21/9/2019,$45025.82
22/9/2019,$45025.82
23/9/2019,$45015.32
24/9/2019,$44664.32
25/9/2019,$44926.82
26/9/2019,$44833.82
27/9/2019,$44593.82
28/9/2019,$44593.82
29/9/2019,$44593.82
30/9/2019,$44799.32
1/10/2019,$44269.82
2/10/2019,$44269.82
3/10/2019,$44269.82
4/10/2019,$44269.82
5/10/2019,$44269.82
6/10/2019,$44269.82
7/10/2019,$44137.82
8/10/2019,$44137.82
9/10/2019,$44137.82
10/10/2019,$44137.82
11/10/2019,$44139.30
12/10/2019,$44139.30
13/10/2019,$44139.30
14/10/2019,$44090.46
15/10/2019,$44524.10
16/10/2019,$44453.06
17/10/2019,$44583.30
18/10/2019,$44389.42
19/10/2019,$44389.42
20/10/2019,$44389.42
21/10/2019,$44688.38
22/10/2019,$44543.34
23/10/2019,$44672.10
24/10/2019,$44744.62
25/10/2019,$44926.66
26/10/2019,$44926.66
27/10/2019,$44926.66
28/10/2019,$45178.26
29/10/2019,$45164.94
30/10/2019,$45302.58
31/10/2019,$45182.70
1/11/2019,$45598.58
2/11/2019,$45598.58
3/11/2019,$45598.58
4/11/2019,$45780.62
5/11/2019,$45730.30
6/11/2019,$45740.66
7/11/2019,$45900.50
8/11/2019,$46012.98
9/11/2019,$46012.98
10/11/2019,$46012.98
11/11/2019,$45925.66
12/11/2019,$46021.86
13/11/2019,$46036.66
14/11/2019,$46103.26
15/11/2019,$46434.78
16/11/2019,$46434.78
17/11/2019,$46434.78
18/11/2019,$46468.82
19/11/2019,$46455.50
20/11/2019,$46283.82
21/11/2019,$46209.82
22/11/2019,$46311.94
23/11/2019,$46311.94
24/11/2019,$46311.94
25/11/2019,$46668.62
26/11/2019,$46773.70
27/11/2019,$46980.90
28/11/2019,$46980.90
29/11/2019,$46807.74
30/11/2019,$46807.74
1/12/2019,$46807.74
2/12/2019,$46412.58
3/12/2019,$46103.26
4/12/2019,$46385.94
5/12/2019,$46468.82
6/12/2019,$46890.62
7/12/2019,$46890.62
8/12/2019,$46890.62
9/12/2019,$46744.10
10/12/2019,$46692.30
11/12/2019,$46824.02
12/12/2019,$47225.10
13/12/2019,$47253.22
14/12/2019,$47253.22
15/12/2019,$47253.22
16/12/2019,$47575.86
17/12/2019,$47586.22
18/12/2019,$47589.18
19/12/2019,$47783.06
20/12/2019,$47990.26
21/12/2019,$47990.26
22/12/2019,$47990.26
23/12/2019,$48062.78
24/12/2019,$48064.26
25/12/2019,$48064.26
26/12/2019,$48317.34
27/12/2019,$48305.50
28/12/2019,$48305.50
29/12/2019,$48305.50
30/12/2019,$48042.06
31/12/2019,$48157.50
1/1/2020,$48157.50
2/1/2020,$48602.98
3/1/2020,$48238.90
4/1/2020,$48238.90
5/1/2020,$48238.90
6/1/2020,$48420.94
7/1/2020,$48286.26
8/1/2020,$48540.82
9/1/2020,$48866.42
10/1/2020,$48727.30
11/1/2020,$48727.30
12/1/2020,$48727.30
13/1/2020,$49058.82
14/1/2020,$48984.82
15/1/2020,$49094.34
16/1/2020,$49498.38
17/1/2020,$49650.82
18/1/2020,$49650.82
19/1/2020,$49650.82
20/1/2020,$49650.82
21/1/2020,$49554.62
22/1/2020,$49560.54
23/1/2020,$49616.78
24/1/2020,$49180.18
25/1/2020,$49180.18
26/1/2020,$49180.18
27/1/2020,$48400.22
28/1/2020,$48901.94
29/1/2020,$48861.98
30/1/2020,$49018.86
31/1/2020,$48138.26
1/2/2020,$48138.26
2/2/2020,$48138.26
3/2/2020,$48491.98
4/2/2020,$49223.10
5/2/2020,$49785.50
6/2/2020,$49951.26
7/2/2020,$49687.82
8/2/2020,$49687.82
9/2/2020,$49687.82
10/2/2020,$50054.86
11/2/2020,$50140.70
12/2/2020,$50460.38
13/2/2020,$50407.10
14/2/2020,$50487.02
15/2/2020,$50487.02
16/2/2020,$50487.02
17/2/2020,$50487.02
18/2/2020,$50358.26
19/2/2020,$50596.54
20/2/2020,$50390.82
21/2/2020,$49877.26
22/2/2020,$49877.26
23/2/2020,$49877.26
24/2/2020,$48346.94
25/2/2020,$48346.94
26/2/2020,$48346.94
27/2/2020,$48346.94
28/2/2020,$48346.94
29/2/2020,$48346.94
1/3/2020,$48346.94
2/3/2020,$48346.94
3/3/2020,$48346.94
4/3/2020,$48346.94
5/3/2020,$48346.94
6/3/2020,$48346.94
7/3/2020,$48346.94
8/3/2020,$48346.94
9/3/2020,$48346.94
10/3/2020,$48346.94
11/3/2020,$48346.94
12/3/2020,$48346.94
13/3/2020,$48346.94
14/3/2020,$48346.94
15/3/2020,$48346.94
16/3/2020,$48346.94
17/3/2020,$48346.94
18/3/2020,$48346.94
19/3/2020,$48346.94
20/3/2020,$48346.94
21/3/2020,$48346.94
22/3/2020,$48346.94
23/3/2020,$48346.94
24/3/2020,$48346.94
25/3/2020,$48346.94
26/3/2020,$48346.94
27/3/2020,$48346.94
28/3/2020,$48346.94
29/3/2020,$48346.94
30/3/2020,$48346.94
31/3/2020,$48346.94
1/4/2020,$48346.94
2/4/2020,$48346.94
3/4/2020,$48346.94
4/4/2020,$48346.94
5/4/2020,$48346.94
6/4/2020,$48346.94
7/4/2020,$48346.94
8/4/2020,$48346.94
9/4/2020,$48346.94
10/4/2020,$48346.94
11/4/2020,$48346.94
12/4/2020,$48346.94
13/4/2020,$48346.94
14/4/2020,$48346.94
15/4/2020,$48346.94
16/4/2020,$48346.94
17/4/2020,$48346.94
18/4/2020,$48346.94
19/4/2020,$48346.94
20/4/2020,$47669.90
21/4/2020,$47669.90
22/4/2020,$47669.90
23/4/2020,$47669.90
24/4/2020,$48048.46
25/4/2020,$48048.46
26/4/2020,$48048.46
27/4/2020,$48737.98
28/4/2020,$48514.90
29/4/2020,$49779.02
30/4/2020,$49317.65
1/5/2020,$48018.04
2/5/2020,$48018.04
3/5/2020,$48018.04
4/5/2020,$48149.86
5/5/2020,$48592.64
6/5/2020,$48264.78
7/5/2020,$48844.45
8/5/2020,$49648.89
9/5/2020,$49648.89
10/5/2020,$49648.89
11/5/2020,$49659.03
12/5/2020,$48673.76
13/5/2020,$47816.93
14/5/2020,$48386.46
15/5/2020,$48607.85
16/5/2020,$48607.85
17/5/2020,$48607.85
18/5/2020,$50081.53
19/5/2020,$49569.46
20/5/2020,$50407.70
21/5/2020,$50061.25
22/5/2020,$50155.89
23/5/2020,$50155.89
24/5/2020,$50155.89
25/5/2020,$50155.89
26/5/2020,$50771.05
27/5/2020,$51523.10
28/5/2020,$51428.46
29/5/2020,$51656.61
30/5/2020,$51656.61
31/5/2020,$51656.61
1/6/2020,$51864.48
2/6/2020,$52292.05
3/6/2020,$52984.95
4/6/2020,$52846.37
5/6/2020,$54194.99
6/6/2020,$54194.99
7/6/2020,$54194.99
8/6/2020,$54847.33
9/6/2020,$54440.04
10/6/2020,$54137.53
11/6/2020,$51029.62
12/6/2020,$51638.02
13/6/2020,$51638.02
14/6/2020,$51638.02
15/6/2020,$52117.98
16/6/2020,$53116.77
17/6/2020,$52897.07
18/6/2020,$52917.35
19/6/2020,$52617.54
20/6/2020,$52617.54
21/6/2020,$52617.54
22/6/2020,$52952.16
23/6/2020,$53193.83
24/6/2020,$51848.59
25/6/2020,$52399.53
26/6/2020,$51165.83
27/6/2020,$51165.83
28/6/2020,$51165.83
29/6/2020,$51911.12
30/6/2020,$52570.22
1/7/2020,$52935.26
2/7/2020,$53224.25
3/7/2020,$53224.25
4/7/2020,$53224.25
5/7/2020,$53224.25
6/7/2020,$54038.83
7/7/2020,$53486.20
8/7/2020,$53891.80
9/7/2020,$53587.60
10/7/2020,$54130.09
11/7/2020,$54130.09
12/7/2020,$54130.09
13/7/2020,$53665.34
14/7/2020,$54354.86
15/7/2020,$54850.03
16/7/2020,$54670.89
17/7/2020,$54828.06
18/7/2020,$54828.06
19/7/2020,$54828.06
20/7/2020,$55267.46
21/7/2020,$55384.07
22/7/2020,$55696.72
23/7/2020,$55037.62
24/7/2020,$54686.10
25/7/2020,$54686.10
26/7/2020,$54686.10
27/7/2020,$55081.56
28/7/2020,$54735.11
29/7/2020,$55402.66
30/7/2020,$55206.62
31/7/2020,$55639.26
1/8/2020,$55639.26
2/8/2020,$55639.26
3/8/2020,$56022.89
4/8/2020,$56237.52
5/8/2020,$56583.97
6/8/2020,$56959.15
7/8/2020,$56999.71
8/8/2020,$56999.71
9/8/2020,$56999.71
10/8/2020,$57168.71
11/8/2020,$56700.58
12/8/2020,$57484.74
13/8/2020,$57381.65
14/8/2020,$57383.34
15/8/2020,$57383.34
16/8/2020,$57383.34
17/8/2020,$57564.17
18/8/2020,$57687.54
19/8/2020,$57449.25
20/8/2020,$57626.70
21/8/2020,$57829.50
22/8/2020,$57829.50
23/8/2020,$57829.50
24/8/2020,$58410.86
25/8/2020,$58613.66
26/8/2020,$59196.71
27/8/2020,$59325.15
28/8/2020,$59705.40
29/8/2020,$59705.40
30/8/2020,$59705.40
31/8/2020,$59490.77
1/9/2020,$60046.78
2/9/2020,$60908.68
3/9/2020,$58828.29
4/9/2020,$58351.71
5/9/2020,$58351.71
6/9/2020,$58351.71
7/9/2020,$58351.71
8/9/2020,$56769.87
9/9/2020,$57881.89
10/9/2020,$56884.79
11/9/2020,$56913.52
12/9/2020,$56913.52
13/9/2020,$56913.52
14/9/2020,$57657.12
15/9/2020,$57946.11
16/9/2020,$57717.96
17/9/2020,$57214.34
18/9/2020,$56337.23
19/9/2020,$56337.23
20/9/2020,$56337.23
21/9/2020,$56337.23
22/9/2020,$56337.23
23/9/2020,$56337.23
24/9/2020,$56337.23
25/9/2020,$56337.23
26/9/2020,$56337.23
27/9/2020,$56337.23
28/9/2020,$56337.23
29/9/2020,$56337.23
30/9/2020,$56337.23
1/10/2020,$56229.33
2/10/2020,$55342.89
3/10/2020,$55342.89
4/10/2020,$55342.89
5/10/2020,$55949.69
6/10/2020,$55157.57
7/10/2020,$55587.89
8/10/2020,$56080.15
9/10/2020,$56580.56
10/10/2020,$56580.56
11/10/2020,$56580.56
12/10/2020,$57490.10
13/10/2020,$57115.20
14/10/2020,$56756.60
15/10/2020,$56686.51
16/10/2020,$56652.28
17/10/2020,$56652.28
18/10/2020,$56652.28
19/10/2020,$55791.64
20/10/2020,$56014.95
21/10/2020,$55909.00
22/10/2020,$56215.44
23/10/2020,$56406.15
24/10/2020,$56406.15
25/10/2020,$56406.15
26/10/2020,$55364.58
27/10/2020,$55364.58
28/10/2020,$55364.58
29/10/2020,$55364.58
30/10/2020,$55364.58
31/10/2020,$55364.58
1/11/2020,$55364.58
2/11/2020,$55364.58
3/11/2020,$55364.58
4/11/2020,$55798.74
5/11/2020,$56884.14
6/11/2020,$56871.18
7/11/2020,$56871.18
8/11/2020,$56871.18
9/11/2020,$57583.98
10/11/2020,$57499.74
11/11/2020,$57925.80
12/11/2020,$57365.28
13/11/2020,$58157.46
14/11/2020,$58157.46
15/11/2020,$58157.46
16/11/2020,$58881.60
17/11/2020,$58565.70
18/11/2020,$57862.62
19/11/2020,$58105.62
20/11/2020,$57708.72
21/11/2020,$57708.72
22/11/2020,$57708.72
23/11/2020,$58053.78
24/11/2020,$58986.90
25/11/2020,$58896.18
26/11/2020,$58896.18
27/11/2020,$59059.80
28/11/2020,$59059.80
29/11/2020,$59059.80
30/11/2020,$58798.98
1/12/2020,$59440.50
2/12/2020,$59565.24
3/12/2020,$59549.04
4/12/2020,$60060.96
5/12/2020,$60060.96
6/12/2020,$60060.96
7/12/2020,$59937.84
8/12/2020,$60112.80
9/12/2020,$59574.96
10/12/2020,$59555.52
11/12/2020,$59485.86
12/12/2020,$59485.86
13/12/2020,$59485.86
14/12/2020,$59220.18
15/12/2020,$60018.84
16/12/2020,$60112.80
17/12/2020,$60448.14
18/12/2020,$60208.38
19/12/2020,$60208.38
20/12/2020,$60208.38
21/12/2020,$59994.54
22/12/2020,$59894.10
23/12/2020,$59947.56
24/12/2020,$60179.22
25/12/2020,$60179.22
26/12/2020,$60179.22
27/12/2020,$60179.22
28/12/2020,$60692.76
29/12/2020,$60577.74
30/12/2020,$60663.60
31/12/2020,$60969.78
1/1/2021,$60969.78
2/1/2021,$60969.78
3/1/2021,$60969.78
4/1/2021,$60145.20
5/1/2021,$60556.68
6/1/2021,$60916.32
7/1/2021,$61815.42
8/1/2021,$62165.34
9/1/2021,$62165.34
10/1/2021,$62165.34
11/1/2021,$61749.00
12/1/2021,$61761.96
13/1/2021,$61927.20
14/1/2021,$61711.74
15/1/2021,$61264.62
16/1/2021,$61264.62
17/1/2021,$61264.62
18/1/2021,$61264.62
19/1/2021,$61742.52
20/1/2021,$62591.40
21/1/2021,$62648.10
22/1/2021,$62427.78
23/1/2021,$62427.78
24/1/2021,$62427.78
25/1/2021,$62672.40
26/1/2021,$62575.20
27/1/2021,$61055.64
28/1/2021,$61577.28
29/1/2021,$60352.56
30/1/2021,$60352.56
31/1/2021,$60352.56
1/2/2021,$60756.67
2/2/2021,$61613.19
3/2/2021,$61661.49
4/2/2021,$62360.23
5/2/2021,$62604.95
6/2/2021,$62604.95
7/2/2021,$62604.95
8/2/2021,$63055.75
9/2/2021,$63013.89
10/2/2021,$62986.52
11/2/2021,$63087.95
12/2/2021,$63398.68
13/2/2021,$63398.68
14/2/2021,$63398.68
15/2/2021,$63398.68
16/2/2021,$63343.94
17/2/2021,$63358.43
18/2/2021,$63089.56
19/2/2021,$62978.47
20/2/2021,$62978.47
21/2/2021,$62978.47
22/2/2021,$62495.47
23/2/2021,$62571.14
24/2/2021,$63258.61
25/2/2021,$61738.77
26/2/2021,$61421.60
27/2/2021,$61421.60
28/2/2021,$61421.60
1/3/2021,$62906.02
2/3/2021,$62416.58
3/3/2021,$61592.26
4/3/2021,$60832.34
5/3/2021,$60832.34
6/3/2021,$60832.34
7/3/2021,$60832.34
8/3/2021,$60530.56
9/3/2021,$61391.66
10/3/2021,$61772.44
11/3/2021,$62396.54
12/3/2021,$62480.28
13/3/2021,$62480.28
14/3/2021,$62480.28
15/3/2021,$62851.58
16/3/2021,$62772.58
17/3/2021,$62985.88
18/3/2021,$62072.64
19/3/2021,$61958.56
20/3/2021,$61958.56
21/3/2021,$61958.56
22/3/2021,$62449.94
23/3/2021,$61961.72
24/3/2021,$61648.88
25/3/2021,$61405.56
26/3/2021,$62391.52
27/3/2021,$62391.52
28/3/2021,$62391.52
29/3/2021,$62360.12
30/3/2021,$62195.27
31/3/2021,$62446.47
1/4/2021,$63118.43
2/4/2021,$63118.43
3/4/2021,$63118.43
4/4/2021,$63118.43
5/4/2021,$64021.18
6/4/2021,$63983.50
7/4/2021,$64057.29
8/4/2021,$64360.30
9/4/2021,$64826.59
10/4/2021,$64826.59
11/4/2021,$64826.59
12/4/2021,$64850.14
13/4/2021,$65041.68
14/4/2021,$64820.31
15/4/2021,$65514.25
16/4/2021,$65732.48
17/4/2021,$65732.48
18/4/2021,$65732.48
19/4/2021,$65410.63
20/4/2021,$64933.35
21/4/2021,$65545.65
22/4/2021,$64949.05
23/4/2021,$65650.84
24/4/2021,$65650.84
25/4/2021,$65650.84
26/4/2021,$65787.43
27/4/2021,$65773.30
28/4/2021,$65754.46
29/4/2021,$66172.08
30/4/2021,$65738.76
1/5/2021,$65738.76
2/5/2021,$65738.76
3/5/2021,$65880.06
4/5/2021,$65475.00
5/5/2021,$65495.41
6/5/2021,$66016.65
7/5/2021,$66495.50
8/5/2021,$66495.50
9/5/2021,$66495.50
10/5/2021,$65839.24
11/5/2021,$65253.63
12/5/2021,$63872.03
13/5/2021,$64636.62
14/5/2021,$65625.72
15/5/2021,$65625.72
16/5/2021,$65625.72
17/5/2021,$65459.30
18/5/2021,$64897.24
19/5/2021,$64109.10
20/5/2021,$64798.62
21/5/2021,$64745.58
22/5/2021,$64745.58
23/5/2021,$64745.58
24/5/2021,$65405.46
25/5/2021,$65260.38
26/5/2021,$65389.86
27/5/2021,$65424.18
28/5/2021,$65541.18
29/5/2021,$65541.18
30/5/2021,$65541.18
31/5/2021,$65541.18
1/6/2021,$65483.46
2/6/2021,$65586.42
3/6/2021,$65343.06
4/6/2021,$65940.54
5/6/2021,$65940.54
6/6/2021,$65940.54
7/6/2021,$65876.58
8/6/2021,$65890.62
9/6/2021,$65792.34
10/6/2021,$66098.10
11/6/2021,$66207.30
12/6/2021,$66207.30
13/6/2021,$66207.30
14/6/2021,$66355.50
15/6/2021,$66233.82
16/6/2021,$65864.10
17/6/2021,$65842.26
18/6/2021,$65080.98
19/6/2021,$65080.98
20/6/2021,$65080.98
21/6/2021,$65080.98
22/6/2021,$65427.48
23/6/2021,$65348.94
24/6/2021,$65733.94
25/6/2021,$65966.48
26/6/2021,$65966.48
27/6/2021,$65966.48
28/6/2021,$66098.92
29/6/2021,$66134.34
30/6/2021,$66189.78
1/7/2021,$66554.76
2/7/2021,$67061.42
3/7/2021,$67061.42
4/7/2021,$67061.42
5/7/2021,$67061.42
6/7/2021,$66939.76
7/7/2021,$67175.38
8/7/2021,$66630.22
9/7/2021,$67338.62
10/7/2021,$67338.62
11/7/2021,$67338.62
12/7/2021,$67578.86
13/7/2021,$67349.40
14/7/2021,$67449.50
15/7/2021,$67220.04
16/7/2021,$66694.90
17/7/2021,$66694.90
18/7/2021,$66694.90
19/7/2021,$65713.92
20/7/2021,$66651.78
21/7/2021,$67189.24
22/7/2021,$67329.38
23/7/2021,$68019.30
24/7/2021,$68019.30
25/7/2021,$68019.30
26/7/2021,$68185.62
27/7/2021,$67876.08
28/7/2021,$67848.36
29/7/2021,$68128.64
30/7/2021,$67799.08
31/7/2021,$67799.08
1/8/2021,$67799.08
2/8/2021,$67657.40
3/8/2021,$68205.64
4/8/2021,$67871.46
5/8/2021,$68299.58
6/8/2021,$68412.00
7/8/2021,$68412.00
8/8/2021,$68412.00
9/8/2021,$68356.56
10/8/2021,$68441.26
11/8/2021,$68610.66
12/8/2021,$68815.48
13/8/2021,$68940.22
14/8/2021,$68940.22
15/8/2021,$68940.22
16/8/2021,$69101.92
17/8/2021,$68650.70
18/8/2021,$67902.26
19/8/2021,$68006.98
20/8/2021,$68545.98
21/8/2021,$68545.98
22/8/2021,$68545.98
23/8/2021,$69146.58
24/8/2021,$69255.92
25/8/2021,$69400.68
26/8/2021,$68992.58
27/8/2021,$69607.04
28/8/2021,$69607.04
29/8/2021,$69607.04
30/8/2021,$69911.96
31/8/2021,$69808.78
1/9/2021,$69845.74
2/9/2021,$70059.80
3/9/2021,$70042.86
4/9/2021,$70042.86
5/9/2021,$70042.86
6/9/2021,$70042.86
7/9/2021,$69793.38
8/9/2021,$69708.68
9/9/2021,$69411.46
10/9/2021,$68866.30
11/9/2021,$68866.30
12/9/2021,$68866.30
13/9/2021,$69041.86
14/9/2021,$68670.72
15/9/2021,$69242.06
16/9/2021,$69132.72
17/9/2021,$68244.14
18/9/2021,$68244.14
19/9/2021,$68244.14
20/9/2021,$68244.14
21/9/2021,$68244.14
22/9/2021,$68244.14
23/9/2021,$68244.14
24/9/2021,$67977.92
25/9/2021,$67977.92
26/9/2021,$67977.92
27/9/2021,$67809.62
28/9/2021,$67809.62
29/9/2021,$67809.62
30/9/2021,$67809.62
1/10/2021,$67809.62
2/10/2021,$67809.62
3/10/2021,$67809.62
4/10/2021,$67809.62
5/10/2021,$67809.62
6/10/2021,$67809.62
7/10/2021,$67809.62
8/10/2021,$67809.62
9/10/2021,$67809.62
10/10/2021,$67809.62
11/10/2021,$67809.62
12/10/2021,$67809.62
13/10/2021,$67809.62
14/10/2021,$67809.62
15/10/2021,$67979.86
16/10/2021,$67979.86
17/10/2021,$67979.86
18/10/2021,$68180.50
19/10/2021,$68704.90
20/10/2021,$68973.94
21/10/2021,$69153.30
22/10/2021,$69081.86
23/10/2021,$69081.86
24/10/2021,$69081.86
25/10/2021,$69451.22
26/10/2021,$69513.54
27/10/2021,$69206.50
28/10/2021,$69872.26
29/10/2021,$70013.62
30/10/2021,$70013.62
31/10/2021,$70013.62
1/11/2021,$70133.70
2/11/2021,$70416.42
3/11/2021,$70845.06
4/11/2021,$71177.94
5/11/2021,$71424.18
6/11/2021,$71424.18
7/11/2021,$71424.18
8/11/2021,$71484.98
9/11/2021,$71249.38
10/11/2021,$70677.86
11/11/2021,$70700.66
12/11/2021,$71232.66
13/11/2021,$71232.66
14/11/2021,$71232.66
15/11/2021,$71256.98
16/11/2021,$71538.18
17/11/2021,$71364.90
18/11/2021,$71606.58
19/11/2021,$71478.90
20/11/2021,$71478.90
21/11/2021,$71478.90
22/11/2021,$71278.26
23/11/2021,$71372.50
24/11/2021,$71562.50
25/11/2021,$71562.50
26/11/2021,$69971.06
27/11/2021,$69971.06
28/11/2021,$69971.06
29/11/2021,$70826.82
30/11/2021,$69452.74
1/12/2021,$68683.62
2/12/2021,$68683.62
3/12/2021,$68086.62
4/12/2021,$68086.62
5/12/2021,$68086.62
6/12/2021,$68892.12
7/12/2021,$70315.62
8/12/2021,$70501.62
9/12/2021,$70026.12
10/12/2021,$70684.62
11/12/2021,$70684.62
12/12/2021,$70684.62
13/12/2021,$70059.12
14/12/2021,$69577.62
15/12/2021,$70663.62
16/12/2021,$70041.12
17/12/2021,$69299.07
18/12/2021,$69299.07
19/12/2021,$69299.07
20/12/2021,$68490.57
21/12/2021,$68490.57
22/12/2021,$69171.18
23/12/2021,$69598.95
24/12/2021,$69598.95
25/12/2021,$69598.95
26/12/2021,$69598.95
27/12/2021,$70577.97
28/12/2021,$70520.64
29/12/2021,$70610.31
30/12/2021,$70416.27
31/12/2021,$70239.87
